sample_uid,original_image,width,height
farmed_coilia_nasus__00001,刀鲚/2239169_0.jpg,600,800
farmed_coilia_nasus__00002,刀鲚/2239170_0.jpg,600,800
farmed_coilia_nasus__00003,刀鲚/2239171_0.jpg,600,800
farmed_coilia_nasus__00004,刀鲚/2239172_0.jpg,600,800
farmed_coilia_nasus__00005,刀鲚/2239173_0.jpg,600,800
farmed_coilia_nasus__00006,刀鲚/2239174_0.jpg,600,800
farmed_coilia_nasus__00007,刀鲚/2239175_0.jpg,600,800
farmed_coilia_nasus__00008,刀鲚/2239176_0.jpg,600,800
farmed_coilia_nasus__00009,刀鲚/2239177_0.jpg,600,800
farmed_coilia_nasus__00010,刀鲚/2239178_0.jpg,600,800
farmed_coilia_nasus__00011,刀鲚/2239179_0.jpg,600,800
farmed_coilia_nasus__00012,刀鲚/2239180_0.jpg,600,800
farmed_coilia_nasus__00013,刀鲚/2239181_0.jpg,600,800
farmed_coilia_nasus__00014,刀鲚/2239182_0.jpg,600,800
farmed_coilia_nasus__00015,刀鲚/2239183_0.jpg,600,800
farmed_coilia_nasus__00016,刀鲚/2239184_0.jpg,600,800
farmed_coilia_nasus__00017,刀鲚/2239185_0.jpg,600,800
farmed_coilia_nasus__00018,刀鲚/2239186_0.jpg,600,800
farmed_coilia_nasus__00019,刀鲚/2239187_0.jpg,600,800
farmed_coilia_nasus__00020,刀鲚/2239188_0.jpg,600,800
farmed_coilia_nasus__00021,刀鲚/2239189_0.jpg,600,800
farmed_coilia_nasus__00022,刀鲚/2239190_0.jpg,600,800
farmed_coilia_nasus__00023,刀鲚/2239191_0.jpg,600,800
farmed_coilia_nasus__00024,刀鲚/2239192_0.jpg,600,800
farmed_coilia_nasus__00025,刀鲚/2239193_0.jpg,600,800
farmed_coilia_nasus__00026,刀鲚/2239194_0.jpg,600,800
farmed_coilia_nasus__00027,刀鲚/2239195_0.jpg,600,800
farmed_coilia_nasus__00028,刀鲚/2239196_0.jpg,600,800
farmed_coilia_nasus__00029,刀鲚/2239197_0.jpg,600,800
farmed_coilia_nasus__00030,刀鲚/2239198_0.jpg,600,800
farmed_coilia_nasus__00031,刀鲚/2239199_0.jpg,600,800
farmed_coilia_nasus__00032,刀鲚/2239200_0.jpg,600,800
farmed_coilia_nasus__00033,刀鲚/2239201_0.jpg,600,800
farmed_coilia_nasus__00034,刀鲚/2239202_0.jpg,600,800
farmed_coilia_nasus__00035,刀鲚/2239203_0.jpg,600,800
farmed_coilia_nasus__00036,刀鲚/2239204_0.jpg,600,800
farmed_coilia_nasus__00037,刀鲚/2239205_0.jpg,600,800
farmed_coilia_nasus__00038,刀鲚/2239206_0.jpg,600,800
farmed_coilia_nasus__00039,刀鲚/2239207_0.jpg,600,800
farmed_coilia_nasus__00040,刀鲚/2239208_0.jpg,600,800
farmed_coilia_nasus__00041,刀鲚/2239209_0.jpg,600,800
farmed_coilia_nasus__00042,刀鲚/2239210_0.jpg,600,800
farmed_coilia_nasus__00043,刀鲚/2239211_0.jpg,600,800
farmed_coilia_nasus__00044,刀鲚/2239212_0.jpg,600,800
farmed_coilia_nasus__00045,刀鲚/2239213_0.jpg,600,800
farmed_coilia_nasus__00046,刀鲚/2239214_0.jpg,600,800
farmed_coilia_nasus__00047,刀鲚/2239215_0.jpg,600,800
farmed_coilia_nasus__00048,刀鲚/2239216_0.jpg,600,800
farmed_coilia_nasus__00049,刀鲚/2239217_0.jpg,600,800
farmed_coilia_nasus__00050,刀鲚/2239218_0.jpg,600,800
farmed_coilia_nasus__00051,刀鲚/2239219_0.jpg,600,800
farmed_coilia_nasus__00052,刀鲚/676_0.jpg,800,600
farmed_coilia_nasus__00053,刀鲚/677_0.jpg,800,600
farmed_coilia_nasus__00054,刀鲚/678_0.jpg,800,600
farmed_coilia_nasus__00055,刀鲚/679_0.jpg,800,600
farmed_coilia_nasus__00056,刀鲚/703_0.jpg,800,600
farmed_coilia_nasus__00057,刀鲚/704_0.jpg,600,800
farmed_coilia_nasus__00058,刀鲚/705_0.jpg,800,600
farmed_coilia_nasus__00059,刀鲚/706_0.jpg,800,600
farmed_coilia_nasus__00060,刀鲚/707_0.jpg,800,600
farmed_coilia_nasus__00061,刀鲚/708_0.jpg,800,600
farmed_coilia_nasus__00062,刀鲚/709_0.jpg,800,600
farmed_coilia_nasus__00063,刀鲚/710_0.jpg,600,800
farmed_coilia_nasus__00064,刀鲚/711_0.jpg,800,600
farmed_coilia_nasus__00065,刀鲚/712_0.jpg,600,800
farmed_coilia_nasus__00066,刀鲚/713_0.jpg,600,800
farmed_coilia_nasus__00067,刀鲚/714_0.jpg,600,800
farmed_coilia_nasus__00068,刀鲚/716_0.jpg,600,800
farmed_coilia_nasus__00069,刀鲚/717_0.jpg,600,800
farmed_coilia_nasus__00070,刀鲚/718_0.jpg,800,600
farmed_coilia_nasus__00071,刀鲚/719_0.jpg,800,600
farmed_coilia_nasus__00072,刀鲚/720_0.jpg,800,600
farmed_coilia_nasus__00073,刀鲚/721_0.jpg,600,800
farmed_coilia_nasus__00074,刀鲚/722_0.jpg,800,600
farmed_coilia_nasus__00075,刀鲚/723_0.jpg,800,600
farmed_coilia_nasus__00076,刀鲚/724_0.jpg,600,800
farmed_coilia_nasus__00077,刀鲚/725_0.jpg,600,800
farmed_coilia_nasus__00078,刀鲚/726_0.jpg,800,600
farmed_coilia_nasus__00079,刀鲚/727_0.jpg,600,800
farmed_coilia_nasus__00080,刀鲚/728_0.jpg,800,600
farmed_coilia_nasus__00081,刀鲚/729_0.jpg,800,600
farmed_coilia_nasus__00082,刀鲚/730_0.jpg,800,600
farmed_coilia_nasus__00083,刀鲚/731_0.jpg,600,800
farmed_coilia_nasus__00084,刀鲚/732_0.jpg,600,800
farmed_coilia_nasus__00085,刀鲚/733_0.jpg,600,800
farmed_coilia_nasus__00086,刀鲚/734_0.jpg,600,800
farmed_coilia_nasus__00087,刀鲚/735_0.jpg,800,600
farmed_coilia_nasus__00088,刀鲚/736_0.jpg,800,600
farmed_coilia_nasus__00089,刀鲚/737_0.jpg,800,600
farmed_coilia_nasus__00090,刀鲚/738_0.jpg,800,600
farmed_coilia_nasus__00091,刀鲚/739_0.jpg,600,800
farmed_coilia_nasus__00092,刀鲚/740_0.jpg,800,600
farmed_coilia_nasus__00093,刀鲚/741_0.jpg,800,600
farmed_coilia_nasus__00094,刀鲚/742_0.jpg,800,600
farmed_coilia_nasus__00095,刀鲚/743_0.jpg,800,600
farmed_coilia_nasus__00096,刀鲚/744_0.jpg,800,600
farmed_coilia_nasus__00097,刀鲚/745_0.jpg,800,600
farmed_coilia_nasus__00098,刀鲚/746_0.jpg,800,600
farmed_coilia_nasus__00099,刀鲚/747_0.jpg,800,600
farmed_coilia_nasus__00100,刀鲚/748_0.jpg,800,600
farmed_coilia_nasus__00101,刀鲚/749_0.jpg,800,600
farmed_coilia_nasus__00102,刀鲚/750_0.jpg,800,600
farmed_megalobrama_amblycephala__00001,团头鲂/FFRC017130鳙_0.jpg,600,800
farmed_megalobrama_amblycephala__00002,团头鲂/FFRC017137鳙_0.jpg,800,599
farmed_megalobrama_amblycephala__00003,团头鲂/FFRC017142鳙_0.jpg,600,799
farmed_megalobrama_amblycephala__00004,团头鲂/FFRC017158鳙_0.jpg,800,533
farmed_megalobrama_amblycephala__00005,团头鲂/FFRC017179鳙_0.jpg,800,430
farmed_megalobrama_amblycephala__00006,团头鲂/P47鳙鱼  黑底_0.jpg,360,800
farmed_megalobrama_amblycephala__00007,团头鲂/tuantoufang  (62)_0.jpg,600,800
farmed_megalobrama_amblycephala__00008,团头鲂/tuantoufang  (63)_0.jpg,600,800
farmed_megalobrama_amblycephala__00009,团头鲂/tuantoufang  (64)_0.jpg,600,800
farmed_megalobrama_amblycephala__00010,团头鲂/tuantoufang  (65)_0.jpg,600,800
farmed_megalobrama_amblycephala__00011,团头鲂/tuantoufang  (66)_0.jpg,600,800
farmed_megalobrama_amblycephala__00012,团头鲂/tuantoufang  (67)_0.jpg,600,800
farmed_megalobrama_amblycephala__00013,团头鲂/tuantoufang  (68)_0.jpg,600,800
farmed_megalobrama_amblycephala__00014,团头鲂/tuantoufang  (69)_0.jpg,600,800
farmed_megalobrama_amblycephala__00015,团头鲂/tuantoufang  (7)_0.jpg,800,450
farmed_megalobrama_amblycephala__00016,团头鲂/tuantoufang  (70)_0.jpg,600,800
farmed_megalobrama_amblycephala__00017,团头鲂/tuantoufang  (71)_0.jpg,600,800
farmed_megalobrama_amblycephala__00018,团头鲂/tuantoufang  (72)_0.jpg,600,800
farmed_megalobrama_amblycephala__00019,团头鲂/tuantoufang  (73)_0.jpg,600,800
farmed_megalobrama_amblycephala__00020,团头鲂/tuantoufang  (74)_0.jpg,600,800
farmed_megalobrama_amblycephala__00021,团头鲂/tuantoufang  (75)_0.jpg,600,800
farmed_megalobrama_amblycephala__00022,团头鲂/tuantoufang  (76)_0.jpg,600,800
farmed_megalobrama_amblycephala__00023,团头鲂/tuantoufang  (77)_0.jpg,600,800
farmed_megalobrama_amblycephala__00024,团头鲂/tuantoufang  (78)_0.jpg,600,800
farmed_megalobrama_amblycephala__00025,团头鲂/tuantoufang  (79)_0.jpg,600,800
farmed_megalobrama_amblycephala__00026,团头鲂/tuantoufang  (8)_0.jpg,450,800
farmed_megalobrama_amblycephala__00027,团头鲂/tuantoufang  (80)_0.jpg,600,800
farmed_megalobrama_amblycephala__00028,团头鲂/tuantoufang  (81)_0.jpg,600,800
farmed_megalobrama_amblycephala__00029,团头鲂/tuantoufang  (82)_0.jpg,600,800
farmed_megalobrama_amblycephala__00030,团头鲂/tuantoufang  (83)_0.jpg,600,800
farmed_megalobrama_amblycephala__00031,团头鲂/tuantoufang  (84)_0.jpg,600,800
farmed_megalobrama_amblycephala__00032,团头鲂/tuantoufang  (85)_0.jpg,600,800
farmed_megalobrama_amblycephala__00033,团头鲂/tuantoufang  (86)_0.jpg,600,800
farmed_megalobrama_amblycephala__00034,团头鲂/tuantoufang  (87)_0.jpg,600,800
farmed_megalobrama_amblycephala__00035,团头鲂/tuantoufang  (88)_0.jpg,600,800
farmed_megalobrama_amblycephala__00036,团头鲂/tuantoufang  (89)_0.jpg,600,800
farmed_megalobrama_amblycephala__00037,团头鲂/tuantoufang  (9)_0.jpg,800,450
farmed_megalobrama_amblycephala__00038,团头鲂/tuantoufang  (90)_0.jpg,600,800
farmed_megalobrama_amblycephala__00039,团头鲂/tuantoufang  (91)_0.jpg,600,800
farmed_megalobrama_amblycephala__00040,团头鲂/tuantoufang  (92)_0.jpg,600,800
farmed_megalobrama_amblycephala__00041,团头鲂/tuantoufang  (93)_0.jpg,600,800
farmed_megalobrama_amblycephala__00042,团头鲂/tuantoufang  (94)_0.jpg,600,800
farmed_megalobrama_amblycephala__00043,团头鲂/tuantoufang  (95)_0.jpg,600,800
farmed_megalobrama_amblycephala__00044,团头鲂/tuantoufang  (96)_0.jpg,600,800
farmed_megalobrama_amblycephala__00045,团头鲂/tuantoufang (1)_0.jpg,800,450
farmed_megalobrama_amblycephala__00046,团头鲂/tuantoufang (10)_0.jpg,450,800
farmed_megalobrama_amblycephala__00047,团头鲂/tuantoufang (11)_0.jpg,800,450
farmed_megalobrama_amblycephala__00048,团头鲂/tuantoufang (12)_0.jpg,450,800
farmed_megalobrama_amblycephala__00049,团头鲂/tuantoufang (13)_0.jpg,800,450
farmed_megalobrama_amblycephala__00050,团头鲂/tuantoufang (14)_0.jpg,800,450
farmed_megalobrama_amblycephala__00051,团头鲂/tuantoufang (15)_0.jpg,800,450
farmed_megalobrama_amblycephala__00052,团头鲂/tuantoufang (16)_0.jpg,800,450
farmed_megalobrama_amblycephala__00053,团头鲂/tuantoufang (17)_0.jpg,800,450
farmed_megalobrama_amblycephala__00054,团头鲂/tuantoufang (18)_0.jpg,800,450
farmed_megalobrama_amblycephala__00055,团头鲂/tuantoufang (19)_0.jpg,800,450
farmed_megalobrama_amblycephala__00056,团头鲂/tuantoufang (2)_0.jpg,800,450
farmed_megalobrama_amblycephala__00057,团头鲂/tuantoufang (20)_0.jpg,800,450
farmed_megalobrama_amblycephala__00058,团头鲂/tuantoufang (21)_0.jpg,800,450
farmed_megalobrama_amblycephala__00059,团头鲂/tuantoufang (22)_0.jpg,800,450
farmed_megalobrama_amblycephala__00060,团头鲂/tuantoufang (23)_0.jpg,800,450
farmed_megalobrama_amblycephala__00061,团头鲂/tuantoufang (24)_0.jpg,800,450
farmed_megalobrama_amblycephala__00062,团头鲂/tuantoufang (25)_0.jpg,800,450
farmed_megalobrama_amblycephala__00063,团头鲂/tuantoufang (26)_0.jpg,800,450
farmed_megalobrama_amblycephala__00064,团头鲂/tuantoufang (27)_0.jpg,800,450
farmed_megalobrama_amblycephala__00065,团头鲂/tuantoufang (28)_0.jpg,450,800
farmed_megalobrama_amblycephala__00066,团头鲂/tuantoufang (29)_0.jpg,800,450
farmed_megalobrama_amblycephala__00067,团头鲂/tuantoufang (3)_0.jpg,800,450
farmed_megalobrama_amblycephala__00068,团头鲂/tuantoufang (30)_0.jpg,800,450
farmed_megalobrama_amblycephala__00069,团头鲂/tuantoufang (31)_0.jpg,800,450
farmed_megalobrama_amblycephala__00070,团头鲂/tuantoufang (32)_0.jpg,800,450
farmed_megalobrama_amblycephala__00071,团头鲂/tuantoufang (33)_0.jpg,800,450
farmed_megalobrama_amblycephala__00072,团头鲂/tuantoufang (34)_0.jpg,800,450
farmed_megalobrama_amblycephala__00073,团头鲂/tuantoufang (35)_0.jpg,800,450
farmed_megalobrama_amblycephala__00074,团头鲂/tuantoufang (36)_0.jpg,800,450
farmed_megalobrama_amblycephala__00075,团头鲂/tuantoufang (37)_0.jpg,800,450
farmed_megalobrama_amblycephala__00076,团头鲂/tuantoufang (38)_0.jpg,800,450
farmed_megalobrama_amblycephala__00077,团头鲂/tuantoufang (39)_0.jpg,800,450
farmed_megalobrama_amblycephala__00078,团头鲂/tuantoufang (4)_0.jpg,800,450
farmed_megalobrama_amblycephala__00079,团头鲂/tuantoufang (40)_0.jpg,800,450
farmed_megalobrama_amblycephala__00080,团头鲂/tuantoufang (41)_0.jpg,800,450
farmed_megalobrama_amblycephala__00081,团头鲂/tuantoufang (42)_0.jpg,800,450
farmed_megalobrama_amblycephala__00082,团头鲂/tuantoufang (43)_0.jpg,800,450
farmed_megalobrama_amblycephala__00083,团头鲂/tuantoufang (44)_0.jpg,800,450
farmed_megalobrama_amblycephala__00084,团头鲂/tuantoufang (45)_0.jpg,800,450
farmed_megalobrama_amblycephala__00085,团头鲂/tuantoufang (46)_0.jpg,800,450
farmed_megalobrama_amblycephala__00086,团头鲂/tuantoufang (47)_0.jpg,800,450
farmed_megalobrama_amblycephala__00087,团头鲂/tuantoufang (48)_0.jpg,450,800
farmed_megalobrama_amblycephala__00088,团头鲂/tuantoufang (49)_0.jpg,600,800
farmed_megalobrama_amblycephala__00089,团头鲂/tuantoufang (5)_0.jpg,800,450
farmed_megalobrama_amblycephala__00090,团头鲂/tuantoufang (50)_0.jpg,600,800
farmed_megalobrama_amblycephala__00091,团头鲂/tuantoufang (51)_0.jpg,600,800
farmed_megalobrama_amblycephala__00092,团头鲂/tuantoufang (52)_0.jpg,600,800
farmed_megalobrama_amblycephala__00093,团头鲂/tuantoufang (53)_0.jpg,600,800
farmed_megalobrama_amblycephala__00094,团头鲂/tuantoufang (54)_0.jpg,600,800
farmed_megalobrama_amblycephala__00095,团头鲂/tuantoufang (55)_0.jpg,600,800
farmed_megalobrama_amblycephala__00096,团头鲂/tuantoufang (56)_0.jpg,600,800
farmed_megalobrama_amblycephala__00097,团头鲂/tuantoufang (57)_0.jpg,600,800
farmed_megalobrama_amblycephala__00098,团头鲂/tuantoufang (58)_0.jpg,600,800
farmed_megalobrama_amblycephala__00099,团头鲂/tuantoufang (59)_0.jpg,600,800
farmed_megalobrama_amblycephala__00100,团头鲂/tuantoufang (6)_0.jpg,450,800
farmed_megalobrama_amblycephala__00101,团头鲂/tuantoufang (60)_0.jpg,600,800
farmed_megalobrama_amblycephala__00102,团头鲂/tuantoufang (61)_0.jpg,600,800
farmed_culter_alburnus__00001,翘嘴鲌/yangzhibo (1)_0.jpg,800,450
farmed_culter_alburnus__00002,翘嘴鲌/yangzhibo (10)_0.jpg,800,450
farmed_culter_alburnus__00003,翘嘴鲌/yangzhibo (100)_0.jpg,600,800
farmed_culter_alburnus__00004,翘嘴鲌/yangzhibo (101)_0.jpg,600,800
farmed_culter_alburnus__00005,翘嘴鲌/yangzhibo (102)_0.jpg,600,800
farmed_culter_alburnus__00006,翘嘴鲌/yangzhibo (11)_0.jpg,800,450
farmed_culter_alburnus__00007,翘嘴鲌/yangzhibo (12)_0.jpg,800,450
farmed_culter_alburnus__00008,翘嘴鲌/yangzhibo (13)_0.jpg,800,450
farmed_culter_alburnus__00009,翘嘴鲌/yangzhibo (14)_0.jpg,800,450
farmed_culter_alburnus__00010,翘嘴鲌/yangzhibo (15)_0.jpg,800,450
farmed_culter_alburnus__00011,翘嘴鲌/yangzhibo (16)_0.jpg,800,450
farmed_culter_alburnus__00012,翘嘴鲌/yangzhibo (17)_0.jpg,800,450
farmed_culter_alburnus__00013,翘嘴鲌/yangzhibo (18)_0.jpg,800,450
farmed_culter_alburnus__00014,翘嘴鲌/yangzhibo (19)_0.jpg,800,450
farmed_culter_alburnus__00015,翘嘴鲌/yangzhibo (2)_0.jpg,800,450
farmed_culter_alburnus__00016,翘嘴鲌/yangzhibo (20)_0.jpg,800,450
farmed_culter_alburnus__00017,翘嘴鲌/yangzhibo (21)_0.jpg,800,450
farmed_culter_alburnus__00018,翘嘴鲌/yangzhibo (22)_0.jpg,800,450
farmed_culter_alburnus__00019,翘嘴鲌/yangzhibo (23)_0.jpg,800,450
farmed_culter_alburnus__00020,翘嘴鲌/yangzhibo (24)_0.jpg,800,450
farmed_culter_alburnus__00021,翘嘴鲌/yangzhibo (25)_0.jpg,800,450
farmed_culter_alburnus__00022,翘嘴鲌/yangzhibo (26)_0.jpg,800,450
farmed_culter_alburnus__00023,翘嘴鲌/yangzhibo (27)_0.jpg,800,450
farmed_culter_alburnus__00024,翘嘴鲌/yangzhibo (28)_0.jpg,800,450
farmed_culter_alburnus__00025,翘嘴鲌/yangzhibo (29)_0.jpg,600,800
farmed_culter_alburnus__00026,翘嘴鲌/yangzhibo (3)_0.jpg,800,450
farmed_culter_alburnus__00027,翘嘴鲌/yangzhibo (30)_0.jpg,600,800
farmed_culter_alburnus__00028,翘嘴鲌/yangzhibo (31)_0.jpg,600,800
farmed_culter_alburnus__00029,翘嘴鲌/yangzhibo (32)_0.jpg,600,800
farmed_culter_alburnus__00030,翘嘴鲌/yangzhibo (33)_0.jpg,600,800
farmed_culter_alburnus__00031,翘嘴鲌/yangzhibo (34)_0.jpg,600,800
farmed_culter_alburnus__00032,翘嘴鲌/yangzhibo (35)_0.jpg,600,800
farmed_culter_alburnus__00033,翘嘴鲌/yangzhibo (36)_0.jpg,600,800
farmed_culter_alburnus__00034,翘嘴鲌/yangzhibo (37)_0.jpg,600,800
farmed_culter_alburnus__00035,翘嘴鲌/yangzhibo (38)_0.jpg,600,800
farmed_culter_alburnus__00036,翘嘴鲌/yangzhibo (39)_0.jpg,600,800
farmed_culter_alburnus__00037,翘嘴鲌/yangzhibo (4)_0.jpg,800,450
farmed_culter_alburnus__00038,翘嘴鲌/yangzhibo (40)_0.jpg,600,800
farmed_culter_alburnus__00039,翘嘴鲌/yangzhibo (41)_0.jpg,800,600
farmed_culter_alburnus__00040,翘嘴鲌/yangzhibo (42)_0.jpg,600,800
farmed_culter_alburnus__00041,翘嘴鲌/yangzhibo (43)_0.jpg,600,800
farmed_culter_alburnus__00042,翘嘴鲌/yangzhibo (44)_0.jpg,600,800
farmed_culter_alburnus__00043,翘嘴鲌/yangzhibo (45)_0.jpg,600,800
farmed_culter_alburnus__00044,翘嘴鲌/yangzhibo (46)_0.jpg,600,800
farmed_culter_alburnus__00045,翘嘴鲌/yangzhibo (47)_0.jpg,600,800
farmed_culter_alburnus__00046,翘嘴鲌/yangzhibo (48)_0.jpg,600,800
farmed_culter_alburnus__00047,翘嘴鲌/yangzhibo (49)_0.jpg,600,800
farmed_culter_alburnus__00048,翘嘴鲌/yangzhibo (5)_0.jpg,800,450
farmed_culter_alburnus__00049,翘嘴鲌/yangzhibo (50)_0.jpg,600,800
farmed_culter_alburnus__00050,翘嘴鲌/yangzhibo (51)_0.jpg,600,800
farmed_culter_alburnus__00051,翘嘴鲌/yangzhibo (52)_0.jpg,600,800
farmed_culter_alburnus__00052,翘嘴鲌/yangzhibo (53)_0.jpg,600,800
farmed_culter_alburnus__00053,翘嘴鲌/yangzhibo (54)_0.jpg,600,800
farmed_culter_alburnus__00054,翘嘴鲌/yangzhibo (55)_0.jpg,600,800
farmed_culter_alburnus__00055,翘嘴鲌/yangzhibo (56)_0.jpg,600,800
farmed_culter_alburnus__00056,翘嘴鲌/yangzhibo (57)_0.jpg,600,800
farmed_culter_alburnus__00057,翘嘴鲌/yangzhibo (58)_0.jpg,600,800
farmed_culter_alburnus__00058,翘嘴鲌/yangzhibo (59)_0.jpg,600,800
farmed_culter_alburnus__00059,翘嘴鲌/yangzhibo (6)_0.jpg,450,800
farmed_culter_alburnus__00060,翘嘴鲌/yangzhibo (60)_0.jpg,600,800
farmed_culter_alburnus__00061,翘嘴鲌/yangzhibo (61)_0.jpg,600,800
farmed_culter_alburnus__00062,翘嘴鲌/yangzhibo (62)_0.jpg,600,800
farmed_culter_alburnus__00063,翘嘴鲌/yangzhibo (63)_0.jpg,600,800
farmed_culter_alburnus__00064,翘嘴鲌/yangzhibo (64)_0.jpg,600,800
farmed_culter_alburnus__00065,翘嘴鲌/yangzhibo (65)_0.jpg,600,800
farmed_culter_alburnus__00066,翘嘴鲌/yangzhibo (66)_0.jpg,600,800
farmed_culter_alburnus__00067,翘嘴鲌/yangzhibo (67)_0.jpg,600,800
farmed_culter_alburnus__00068,翘嘴鲌/yangzhibo (68)_0.jpg,600,800
farmed_culter_alburnus__00069,翘嘴鲌/yangzhibo (69)_0.jpg,600,800
farmed_culter_alburnus__00070,翘嘴鲌/yangzhibo (7)_0.jpg,800,450
farmed_culter_alburnus__00071,翘嘴鲌/yangzhibo (70)_0.jpg,600,800
farmed_culter_alburnus__00072,翘嘴鲌/yangzhibo (71)_0.jpg,600,800
farmed_culter_alburnus__00073,翘嘴鲌/yangzhibo (72)_0.jpg,600,800
farmed_culter_alburnus__00074,翘嘴鲌/yangzhibo (73)_0.jpg,600,800
farmed_culter_alburnus__00075,翘嘴鲌/yangzhibo (74)_0.jpg,600,800
farmed_culter_alburnus__00076,翘嘴鲌/yangzhibo (75)_0.jpg,600,800
farmed_culter_alburnus__00077,翘嘴鲌/yangzhibo (76)_0.jpg,600,800
farmed_culter_alburnus__00078,翘嘴鲌/yangzhibo (77)_0.jpg,600,800
farmed_culter_alburnus__00079,翘嘴鲌/yangzhibo (78)_0.jpg,600,800
farmed_culter_alburnus__00080,翘嘴鲌/yangzhibo (79)_0.jpg,600,800
farmed_culter_alburnus__00081,翘嘴鲌/yangzhibo (8)_0.jpg,800,450
farmed_culter_alburnus__00082,翘嘴鲌/yangzhibo (80)_0.jpg,600,800
farmed_culter_alburnus__00083,翘嘴鲌/yangzhibo (81)_0.jpg,600,800
farmed_culter_alburnus__00084,翘嘴鲌/yangzhibo (82)_0.jpg,600,800
farmed_culter_alburnus__00085,翘嘴鲌/yangzhibo (83)_0.jpg,600,800
farmed_culter_alburnus__00086,翘嘴鲌/yangzhibo (84)_0.jpg,600,800
farmed_culter_alburnus__00087,翘嘴鲌/yangzhibo (85)_0.jpg,600,800
farmed_culter_alburnus__00088,翘嘴鲌/yangzhibo (86)_0.jpg,600,800
farmed_culter_alburnus__00089,翘嘴鲌/yangzhibo (87)_0.jpg,600,800
farmed_culter_alburnus__00090,翘嘴鲌/yangzhibo (88)_0.jpg,600,800
farmed_culter_alburnus__00091,翘嘴鲌/yangzhibo (89)_0.jpg,600,800
farmed_culter_alburnus__00092,翘嘴鲌/yangzhibo (9)_0.jpg,800,450
farmed_culter_alburnus__00093,翘嘴鲌/yangzhibo (90)_0.jpg,600,800
farmed_culter_alburnus__00094,翘嘴鲌/yangzhibo (91)_0.jpg,600,800
farmed_culter_alburnus__00095,翘嘴鲌/yangzhibo (92)_0.jpg,600,800
farmed_culter_alburnus__00096,翘嘴鲌/yangzhibo (93)_0.jpg,600,800
farmed_culter_alburnus__00097,翘嘴鲌/yangzhibo (94)_0.jpg,600,800
farmed_culter_alburnus__00098,翘嘴鲌/yangzhibo (95)_0.jpg,600,800
farmed_culter_alburnus__00099,翘嘴鲌/yangzhibo (96)_0.jpg,600,800
farmed_culter_alburnus__00100,翘嘴鲌/yangzhibo (97)_0.jpg,600,800
farmed_culter_alburnus__00101,翘嘴鲌/yangzhibo (98)_0.jpg,600,800
farmed_culter_alburnus__00102,翘嘴鲌/yangzhibo (99)_0.jpg,600,800
farmed_ctenopharyngodon_idella__00001,草鱼/caoyu (1)_0.jpg,800,450
farmed_ctenopharyngodon_idella__00002,草鱼/caoyu (10)_0.jpg,800,450
farmed_ctenopharyngodon_idella__00003,草鱼/caoyu (11)_0.jpg,800,450
farmed_ctenopharyngodon_idella__00004,草鱼/caoyu (12)_0.jpg,800,450
farmed_ctenopharyngodon_idella__00005,草鱼/caoyu (13)_0.jpg,800,450
farmed_ctenopharyngodon_idella__00006,草鱼/caoyu (14)_0.jpg,800,450
farmed_ctenopharyngodon_idella__00007,草鱼/caoyu (15)_0.jpg,800,450
farmed_ctenopharyngodon_idella__00008,草鱼/caoyu (16)_0.jpg,800,450
farmed_ctenopharyngodon_idella__00009,草鱼/caoyu (17)_0.jpg,800,450
farmed_ctenopharyngodon_idella__00010,草鱼/caoyu (18)_0.jpg,800,450
farmed_ctenopharyngodon_idella__00011,草鱼/caoyu (19)_0.jpg,800,450
farmed_ctenopharyngodon_idella__00012,草鱼/caoyu (2)_0.jpg,800,450
farmed_ctenopharyngodon_idella__00013,草鱼/caoyu (20)_0.jpg,800,450
farmed_ctenopharyngodon_idella__00014,草鱼/caoyu (21)_0.jpg,800,450
farmed_ctenopharyngodon_idella__00015,草鱼/caoyu (22)_0.jpg,800,450
farmed_ctenopharyngodon_idella__00016,草鱼/caoyu (23)_0.jpg,800,450
farmed_ctenopharyngodon_idella__00017,草鱼/caoyu (24)_0.jpg,800,450
farmed_ctenopharyngodon_idella__00018,草鱼/caoyu (25)_0.jpg,800,450
farmed_ctenopharyngodon_idella__00019,草鱼/caoyu (26)_0.jpg,800,450
farmed_ctenopharyngodon_idella__00020,草鱼/caoyu (27)_0.jpg,800,450
farmed_ctenopharyngodon_idella__00021,草鱼/caoyu (28)_0.jpg,800,450
farmed_ctenopharyngodon_idella__00022,草鱼/caoyu (29)_0.jpg,800,450
farmed_ctenopharyngodon_idella__00023,草鱼/caoyu (3)_0.jpg,800,450
farmed_ctenopharyngodon_idella__00024,草鱼/caoyu (30)_0.jpg,800,450
farmed_ctenopharyngodon_idella__00025,草鱼/caoyu (31)_0.jpg,800,450
farmed_ctenopharyngodon_idella__00026,草鱼/caoyu (32)_0.jpg,800,450
farmed_ctenopharyngodon_idella__00027,草鱼/caoyu (33)_0.jpg,800,450
farmed_ctenopharyngodon_idella__00028,草鱼/caoyu (34)_0.jpg,800,450
farmed_ctenopharyngodon_idella__00029,草鱼/caoyu (35)_0.jpg,800,450
farmed_ctenopharyngodon_idella__00030,草鱼/caoyu (36)_0.jpg,800,450
farmed_ctenopharyngodon_idella__00031,草鱼/caoyu (37)_0.jpg,800,450
farmed_ctenopharyngodon_idella__00032,草鱼/caoyu (38)_0.jpg,450,800
farmed_ctenopharyngodon_idella__00033,草鱼/caoyu (39)_0.jpg,800,450
farmed_ctenopharyngodon_idella__00034,草鱼/caoyu (4)_0.jpg,800,450
farmed_ctenopharyngodon_idella__00035,草鱼/caoyu (40)_0.jpg,800,450
farmed_ctenopharyngodon_idella__00036,草鱼/caoyu (41)_0.jpg,450,800
farmed_ctenopharyngodon_idella__00037,草鱼/caoyu (42)_0.jpg,800,450
farmed_ctenopharyngodon_idella__00038,草鱼/caoyu (43)_0.jpg,800,450
farmed_ctenopharyngodon_idella__00039,草鱼/caoyu (44)_0.jpg,800,450
farmed_ctenopharyngodon_idella__00040,草鱼/caoyu (45)_0.jpg,450,800
farmed_ctenopharyngodon_idella__00041,草鱼/caoyu (46)_0.jpg,800,450
farmed_ctenopharyngodon_idella__00042,草鱼/caoyu (47)_0.jpg,800,450
farmed_ctenopharyngodon_idella__00043,草鱼/caoyu (48)_0.jpg,800,450
farmed_ctenopharyngodon_idella__00044,草鱼/caoyu (49)_0.jpg,800,450
farmed_ctenopharyngodon_idella__00045,草鱼/caoyu (5)_0.jpg,800,450
farmed_ctenopharyngodon_idella__00046,草鱼/caoyu (50)_0.jpg,800,450
farmed_ctenopharyngodon_idella__00047,草鱼/caoyu (51)_0.jpg,800,450
farmed_ctenopharyngodon_idella__00048,草鱼/caoyu (52)_0.jpg,800,450
farmed_ctenopharyngodon_idella__00049,草鱼/caoyu (53)_0.jpg,800,450
farmed_ctenopharyngodon_idella__00050,草鱼/caoyu (54)_0.jpg,800,450
farmed_ctenopharyngodon_idella__00051,草鱼/caoyu (55)_0.jpg,800,450
farmed_ctenopharyngodon_idella__00052,草鱼/caoyu (56)_0.jpg,800,450
farmed_ctenopharyngodon_idella__00053,草鱼/caoyu (57)_0.jpg,800,450
farmed_ctenopharyngodon_idella__00054,草鱼/caoyu (58)_0.jpg,800,450
farmed_ctenopharyngodon_idella__00055,草鱼/caoyu (59)_0.jpg,800,450
farmed_ctenopharyngodon_idella__00056,草鱼/caoyu (6)_0.jpg,800,450
farmed_ctenopharyngodon_idella__00057,草鱼/caoyu (60)_0.jpg,800,450
farmed_ctenopharyngodon_idella__00058,草鱼/caoyu (61)_0.jpg,800,450
farmed_ctenopharyngodon_idella__00059,草鱼/caoyu (62)_0.jpg,800,600
farmed_ctenopharyngodon_idella__00060,草鱼/caoyu (63)_0.jpg,800,600
farmed_ctenopharyngodon_idella__00061,草鱼/caoyu (64)_0.jpg,600,800
farmed_ctenopharyngodon_idella__00062,草鱼/caoyu (65)_0.jpg,600,800
farmed_ctenopharyngodon_idella__00063,草鱼/caoyu (66)_0.jpg,600,800
farmed_ctenopharyngodon_idella__00064,草鱼/caoyu (67)_0.jpg,600,800
farmed_ctenopharyngodon_idella__00065,草鱼/caoyu (68)_0.jpg,600,800
farmed_ctenopharyngodon_idella__00066,草鱼/caoyu (69)_0.jpg,600,800
farmed_ctenopharyngodon_idella__00067,草鱼/caoyu (7)_0.jpg,800,450
farmed_ctenopharyngodon_idella__00068,草鱼/caoyu (70)_0.jpg,600,800
farmed_ctenopharyngodon_idella__00069,草鱼/caoyu (71)_0.jpg,600,800
farmed_ctenopharyngodon_idella__00070,草鱼/caoyu (72)_0.jpg,600,800
farmed_ctenopharyngodon_idella__00071,草鱼/caoyu (73)_0.jpg,600,800
farmed_ctenopharyngodon_idella__00072,草鱼/caoyu (74)_0.jpg,600,800
farmed_ctenopharyngodon_idella__00073,草鱼/caoyu (75)_0.jpg,600,800
farmed_ctenopharyngodon_idella__00074,草鱼/caoyu (76)_0.jpg,600,800
farmed_ctenopharyngodon_idella__00075,草鱼/caoyu (77)_0.jpg,600,800
farmed_ctenopharyngodon_idella__00076,草鱼/caoyu (78)_0.jpg,600,800
farmed_ctenopharyngodon_idella__00077,草鱼/caoyu (79)_0.jpg,600,800
farmed_ctenopharyngodon_idella__00078,草鱼/caoyu (8)_0.jpg,800,450
farmed_ctenopharyngodon_idella__00079,草鱼/caoyu (80)_0.jpg,600,800
farmed_ctenopharyngodon_idella__00080,草鱼/caoyu (81)_0.jpg,600,800
farmed_ctenopharyngodon_idella__00081,草鱼/caoyu (82)_0.jpg,600,800
farmed_ctenopharyngodon_idella__00082,草鱼/caoyu (83)_0.jpg,600,800
farmed_ctenopharyngodon_idella__00083,草鱼/caoyu (84)_0.jpg,600,800
farmed_ctenopharyngodon_idella__00084,草鱼/caoyu (85)_0.jpg,600,800
farmed_ctenopharyngodon_idella__00085,草鱼/caoyu (86)_0.jpg,600,800
farmed_ctenopharyngodon_idella__00086,草鱼/caoyu (87)_0.jpg,600,800
farmed_ctenopharyngodon_idella__00087,草鱼/caoyu (88)_0.jpg,600,800
farmed_ctenopharyngodon_idella__00088,草鱼/caoyu (89)_0.jpg,600,800
farmed_ctenopharyngodon_idella__00089,草鱼/caoyu (9)_0.jpg,800,450
farmed_ctenopharyngodon_idella__00090,草鱼/caoyu (90)_0.jpg,600,800
farmed_ctenopharyngodon_idella__00091,草鱼/caoyu (91)_0.jpg,600,800
farmed_ctenopharyngodon_idella__00092,草鱼/caoyu (92)_0.jpg,600,800
farmed_ctenopharyngodon_idella__00093,草鱼/caoyu (93)_0.jpg,600,800
farmed_ctenopharyngodon_idella__00094,草鱼/caoyu (94)_0.jpg,600,800
farmed_ctenopharyngodon_idella__00095,草鱼/caoyu (95)_0.jpg,600,800
farmed_ctenopharyngodon_idella__00096,草鱼/caoyu1 (1)_0.jpg,800,600
farmed_ctenopharyngodon_idella__00097,草鱼/caoyu1 (10)_0.jpg,800,360
farmed_ctenopharyngodon_idella__00098,草鱼/caoyu1 (11)_0.jpg,800,600
farmed_ctenopharyngodon_idella__00099,草鱼/caoyu1 (12)_0.jpg,600,800
farmed_ctenopharyngodon_idella__00100,草鱼/caoyu1 (2)_0.jpg,800,600
farmed_ctenopharyngodon_idella__00101,草鱼/caoyu1 (3)_0.jpg,800,600
farmed_ctenopharyngodon_idella__00102,草鱼/caoyu1 (4)_0.jpg,800,360
farmed_ctenopharyngodon_idella__00103,草鱼/caoyu1 (5)_0.jpg,800,599
farmed_ctenopharyngodon_idella__00104,草鱼/caoyu1 (6)_0.jpg,800,599
farmed_ctenopharyngodon_idella__00105,草鱼/caoyu1 (7)_0.jpg,800,599
farmed_ctenopharyngodon_idella__00106,草鱼/caoyu1 (8)_0.jpg,800,599
farmed_ctenopharyngodon_idella__00107,草鱼/caoyu1 (9)_0.jpg,800,521
wild_coilia_nasus__00001,野生刀鲚/053033_0.jpg,800,600
wild_coilia_nasus__00002,野生刀鲚/053034_0.jpg,800,600
wild_coilia_nasus__00003,野生刀鲚/053035_0.jpg,800,600
wild_coilia_nasus__00004,野生刀鲚/053036_0.jpg,800,600
wild_coilia_nasus__00005,野生刀鲚/053037_0.jpg,800,600
wild_coilia_nasus__00006,野生刀鲚/053038_0.jpg,800,600
wild_coilia_nasus__00007,野生刀鲚/053039_0.jpg,800,600
wild_coilia_nasus__00008,野生刀鲚/053040_0.jpg,800,600
wild_coilia_nasus__00009,野生刀鲚/053041_0.jpg,800,600
wild_coilia_nasus__00010,野生刀鲚/053042_0.jpg,800,600
wild_coilia_nasus__00011,野生刀鲚/053043_0.jpg,800,600
wild_coilia_nasus__00012,野生刀鲚/053044_0.jpg,800,600
wild_coilia_nasus__00013,野生刀鲚/053045_0.jpg,800,600
wild_coilia_nasus__00014,野生刀鲚/053046_0.jpg,800,600
wild_coilia_nasus__00015,野生刀鲚/053047_0.jpg,800,600
wild_coilia_nasus__00016,野生刀鲚/053048_0.jpg,800,600
wild_coilia_nasus__00017,野生刀鲚/053049_0.jpg,800,600
wild_coilia_nasus__00018,野生刀鲚/053050_0.jpg,800,600
wild_coilia_nasus__00019,野生刀鲚/053051_0.jpg,800,600
wild_coilia_nasus__00020,野生刀鲚/053052_0.jpg,800,600
wild_coilia_nasus__00021,野生刀鲚/100001_0.jpg,800,600
wild_coilia_nasus__00022,野生刀鲚/100002_0.jpg,800,600
wild_coilia_nasus__00023,野生刀鲚/100003_0.jpg,800,600
wild_coilia_nasus__00024,野生刀鲚/100004_0.jpg,800,600
wild_coilia_nasus__00025,野生刀鲚/100005_0.jpg,800,600
wild_coilia_nasus__00026,野生刀鲚/100006_0.jpg,800,600
wild_coilia_nasus__00027,野生刀鲚/100007_0.jpg,800,600
wild_coilia_nasus__00028,野生刀鲚/100008_0.jpg,800,600
wild_coilia_nasus__00029,野生刀鲚/100009_0.jpg,800,600
wild_coilia_nasus__00030,野生刀鲚/100010_0.jpg,800,600
wild_coilia_nasus__00031,野生刀鲚/100011_0.jpg,800,600
wild_coilia_nasus__00032,野生刀鲚/100012_0.jpg,800,600
wild_coilia_nasus__00033,野生刀鲚/100013_0.jpg,800,600
wild_coilia_nasus__00034,野生刀鲚/100014_0.jpg,800,600
wild_coilia_nasus__00035,野生刀鲚/100015_0.jpg,800,600
wild_coilia_nasus__00036,野生刀鲚/100016_0.jpg,800,600
wild_coilia_nasus__00037,野生刀鲚/100017_0.jpg,800,600
wild_coilia_nasus__00038,野生刀鲚/100018_0.jpg,800,600
wild_coilia_nasus__00039,野生刀鲚/100019_0.jpg,800,600
wild_coilia_nasus__00040,野生刀鲚/100020_0.jpg,800,600
wild_coilia_nasus__00041,野生刀鲚/10009_0.jpg,800,600
wild_coilia_nasus__00042,野生刀鲚/101061_0.jpg,800,600
wild_coilia_nasus__00043,野生刀鲚/101062_0.jpg,800,600
wild_coilia_nasus__00044,野生刀鲚/101063_0.jpg,800,600
wild_coilia_nasus__00045,野生刀鲚/101064_0.jpg,800,600
wild_coilia_nasus__00046,野生刀鲚/101065_0.jpg,800,600
wild_coilia_nasus__00047,野生刀鲚/101066_0.jpg,800,600
wild_coilia_nasus__00048,野生刀鲚/101067_0.jpg,800,600
wild_coilia_nasus__00049,野生刀鲚/101068_0.jpg,800,600
wild_coilia_nasus__00050,野生刀鲚/101069_0.jpg,800,600
wild_coilia_nasus__00051,野生刀鲚/101070_0.jpg,800,600
wild_coilia_nasus__00052,野生刀鲚/101071_0.jpg,800,600
wild_coilia_nasus__00053,野生刀鲚/101072_0.jpg,800,600
wild_coilia_nasus__00054,野生刀鲚/101073_0.jpg,800,600
wild_coilia_nasus__00055,野生刀鲚/101074_0.jpg,800,600
wild_coilia_nasus__00056,野生刀鲚/101075_0.jpg,800,600
wild_coilia_nasus__00057,野生刀鲚/101076_0.jpg,800,600
wild_coilia_nasus__00058,野生刀鲚/101077_0.jpg,800,600
wild_coilia_nasus__00059,野生刀鲚/101078_0.jpg,800,600
wild_coilia_nasus__00060,野生刀鲚/101079_0.jpg,800,600
wild_coilia_nasus__00061,野生刀鲚/101080_0.jpg,800,600
wild_coilia_nasus__00062,野生刀鲚/101081_0.jpg,800,600
wild_coilia_nasus__00063,野生刀鲚/101082_0.jpg,800,600
wild_coilia_nasus__00064,野生刀鲚/101083_0.jpg,800,600
wild_coilia_nasus__00065,野生刀鲚/101084_0.jpg,800,600
wild_coilia_nasus__00066,野生刀鲚/101085_0.jpg,800,600
wild_coilia_nasus__00067,野生刀鲚/101086_0.jpg,800,600
wild_coilia_nasus__00068,野生刀鲚/101087_0.jpg,800,600
wild_coilia_nasus__00069,野生刀鲚/101088_0.jpg,800,600
wild_coilia_nasus__00070,野生刀鲚/101089_0.jpg,800,600
wild_coilia_nasus__00071,野生刀鲚/101090_0.jpg,800,600
wild_coilia_nasus__00072,野生刀鲚/101091_0.jpg,800,600
wild_coilia_nasus__00073,野生刀鲚/101092_0.jpg,800,600
wild_coilia_nasus__00074,野生刀鲚/101093_0.jpg,800,600
wild_coilia_nasus__00075,野生刀鲚/101094_0.jpg,800,600
wild_coilia_nasus__00076,野生刀鲚/101095_0.jpg,800,600
wild_coilia_nasus__00077,野生刀鲚/101096_0.jpg,800,600
wild_coilia_nasus__00078,野生刀鲚/101097_0.jpg,800,600
wild_coilia_nasus__00079,野生刀鲚/101098_0.jpg,800,600
wild_coilia_nasus__00080,野生刀鲚/101099_0.jpg,800,600
wild_coilia_nasus__00081,野生刀鲚/101100_0.jpg,800,600
wild_coilia_nasus__00082,野生刀鲚/101255_0.jpg,800,600
wild_coilia_nasus__00083,野生刀鲚/101256_0.jpg,800,600
wild_coilia_nasus__00084,野生刀鲚/101257_0.jpg,800,600
wild_coilia_nasus__00085,野生刀鲚/101258_0.jpg,800,600
wild_coilia_nasus__00086,野生刀鲚/101259_0.jpg,800,600
wild_coilia_nasus__00087,野生刀鲚/101260_0.jpg,800,600
wild_coilia_nasus__00088,野生刀鲚/101261_0.jpg,800,600
wild_coilia_nasus__00089,野生刀鲚/101262_0.jpg,800,600
wild_coilia_nasus__00090,野生刀鲚/101263_0.jpg,800,600
wild_coilia_nasus__00091,野生刀鲚/101264_0.jpg,800,600
wild_coilia_nasus__00092,野生刀鲚/101265_0.jpg,800,600
wild_coilia_nasus__00093,野生刀鲚/101266_0.jpg,800,600
wild_coilia_nasus__00094,野生刀鲚/101267_0.jpg,800,600
wild_coilia_nasus__00095,野生刀鲚/101268_0.jpg,800,600
wild_coilia_nasus__00096,野生刀鲚/101269_0.jpg,800,600
wild_coilia_nasus__00097,野生刀鲚/101270_0.jpg,800,600
wild_coilia_nasus__00098,野生刀鲚/101271_0.jpg,800,600
wild_coilia_nasus__00099,野生刀鲚/101272_0.jpg,800,600
wild_coilia_nasus__00100,野生刀鲚/101273_0.jpg,800,600
wild_coilia_nasus__00101,野生刀鲚/101274_0.jpg,800,600
wild_coilia_nasus__00102,野生刀鲚/101392_0.jpg,800,600
wild_coilia_nasus__00103,野生刀鲚/101393_0.jpg,800,600
wild_coilia_nasus__00104,野生刀鲚/101394_0.jpg,800,600
wild_coilia_nasus__00105,野生刀鲚/101395_0.jpg,800,600
wild_coilia_nasus__00106,野生刀鲚/101396_0.jpg,800,600
wild_coilia_nasus__00107,野生刀鲚/101397_0.jpg,800,600
wild_coilia_nasus__00108,野生刀鲚/101398_0.jpg,800,600
wild_coilia_nasus__00109,野生刀鲚/101399_0.jpg,800,600
wild_coilia_nasus__00110,野生刀鲚/101400_0.jpg,800,600
wild_coilia_nasus__00111,野生刀鲚/101412_0.jpg,800,600
wild_coilia_nasus__00112,野生刀鲚/101413_0.jpg,800,600
wild_coilia_nasus__00113,野生刀鲚/101414_0.jpg,800,600
wild_coilia_nasus__00114,野生刀鲚/101415_0.jpg,800,600
wild_coilia_nasus__00115,野生刀鲚/101416_0.jpg,800,600
wild_coilia_nasus__00116,野生刀鲚/101417_0.jpg,800,600
wild_coilia_nasus__00117,野生刀鲚/101418_0.jpg,800,600
wild_coilia_nasus__00118,野生刀鲚/101419_0.jpg,800,600
wild_coilia_nasus__00119,野生刀鲚/101420_0.jpg,800,600
wild_coilia_nasus__00120,野生刀鲚/101421_0.jpg,800,600
wild_coilia_nasus__00121,野生刀鲚/101422_0.jpg,800,600
wild_coilia_nasus__00122,野生刀鲚/101423_0.jpg,800,600
wild_coilia_nasus__00123,野生刀鲚/101424_0.jpg,800,600
wild_coilia_nasus__00124,野生刀鲚/101425_0.jpg,800,600
wild_coilia_nasus__00125,野生刀鲚/101426_0.jpg,800,600
wild_coilia_nasus__00126,野生刀鲚/101427_0.jpg,800,600
wild_coilia_nasus__00127,野生刀鲚/101428_0.jpg,800,600
wild_coilia_nasus__00128,野生刀鲚/101429_0.jpg,800,600
wild_coilia_nasus__00129,野生刀鲚/101430_0.jpg,800,600
wild_coilia_nasus__00130,野生刀鲚/101431_0.jpg,800,600
wild_coilia_nasus__00131,野生刀鲚/101432_0.jpg,800,600
wild_coilia_nasus__00132,野生刀鲚/101433_0.jpg,800,600
wild_coilia_nasus__00133,野生刀鲚/101434_0.jpg,800,600
wild_coilia_nasus__00134,野生刀鲚/101435_0.jpg,800,600
wild_coilia_nasus__00135,野生刀鲚/101436_0.jpg,800,600
wild_coilia_nasus__00136,野生刀鲚/101437_0.jpg,800,600
wild_coilia_nasus__00137,野生刀鲚/101438_0.jpg,800,600
wild_coilia_nasus__00138,野生刀鲚/101439_0.jpg,800,600
wild_coilia_nasus__00139,野生刀鲚/101440_0.jpg,800,600
wild_coilia_nasus__00140,野生刀鲚/101441_0.jpg,800,600
wild_coilia_nasus__00141,野生刀鲚/101442_0.jpg,800,600
wild_coilia_nasus__00142,野生刀鲚/101443_0.jpg,800,600
wild_coilia_nasus__00143,野生刀鲚/101444_0.jpg,800,600
wild_coilia_nasus__00144,野生刀鲚/101445_0.jpg,800,600
wild_coilia_nasus__00145,野生刀鲚/101446_0.jpg,800,600
wild_coilia_nasus__00146,野生刀鲚/101447_0.jpg,800,600
wild_coilia_nasus__00147,野生刀鲚/101448_0.jpg,800,600
wild_coilia_nasus__00148,野生刀鲚/101449_0.jpg,800,600
wild_coilia_nasus__00149,野生刀鲚/101450_0.jpg,800,600
wild_coilia_nasus__00150,野生刀鲚/101451_0.jpg,800,600
wild_coilia_nasus__00151,野生刀鲚/101554_0.jpg,800,600
wild_coilia_nasus__00152,野生刀鲚/101555_0.jpg,800,600
wild_coilia_nasus__00153,野生刀鲚/101556_0.jpg,800,600
wild_coilia_nasus__00154,野生刀鲚/101557_0.jpg,800,600
wild_coilia_nasus__00155,野生刀鲚/101558_0.jpg,800,600
wild_coilia_nasus__00156,野生刀鲚/101559_0.jpg,800,600
wild_coilia_nasus__00157,野生刀鲚/101560_0.jpg,800,600
wild_coilia_nasus__00158,野生刀鲚/101561_0.jpg,800,600
wild_coilia_nasus__00159,野生刀鲚/101562_0.jpg,800,600
wild_coilia_nasus__00160,野生刀鲚/101563_0.jpg,800,600
wild_coilia_nasus__00161,野生刀鲚/101564_0.jpg,800,600
wild_coilia_nasus__00162,野生刀鲚/101565_0.jpg,800,600
wild_coilia_nasus__00163,野生刀鲚/101566_0.jpg,800,600
wild_coilia_nasus__00164,野生刀鲚/101567_0.jpg,800,600
wild_coilia_nasus__00165,野生刀鲚/101568_0.jpg,800,600
wild_coilia_nasus__00166,野生刀鲚/101569_0.jpg,800,600
wild_coilia_nasus__00167,野生刀鲚/101570_0.jpg,800,600
wild_coilia_nasus__00168,野生刀鲚/101571_0.jpg,800,600
wild_coilia_nasus__00169,野生刀鲚/101572_0.jpg,800,600
wild_coilia_nasus__00170,野生刀鲚/101573_0.jpg,800,600
wild_coilia_nasus__00171,野生刀鲚/101677_0.jpg,800,600
wild_coilia_nasus__00172,野生刀鲚/101678_0.jpg,800,600
wild_coilia_nasus__00173,野生刀鲚/101679_0.jpg,800,600
wild_coilia_nasus__00174,野生刀鲚/101680_0.jpg,800,600
wild_coilia_nasus__00175,野生刀鲚/101681_0.jpg,800,600
wild_coilia_nasus__00176,野生刀鲚/101682_0.jpg,800,600
wild_coilia_nasus__00177,野生刀鲚/101683_0.jpg,800,600
wild_coilia_nasus__00178,野生刀鲚/101684_0.jpg,800,600
wild_coilia_nasus__00179,野生刀鲚/101685_0.jpg,800,600
wild_coilia_nasus__00180,野生刀鲚/101686_0.jpg,800,600
wild_coilia_nasus__00181,野生刀鲚/101687_0.jpg,800,600
wild_coilia_nasus__00182,野生刀鲚/101688_0.jpg,800,600
wild_coilia_nasus__00183,野生刀鲚/101689_0.jpg,800,600
wild_coilia_nasus__00184,野生刀鲚/101690_0.jpg,800,600
wild_coilia_nasus__00185,野生刀鲚/101691_0.jpg,800,600
wild_coilia_nasus__00186,野生刀鲚/101692_0.jpg,800,600
wild_coilia_nasus__00187,野生刀鲚/101693_0.jpg,800,600
wild_coilia_nasus__00188,野生刀鲚/101694_0.jpg,800,600
wild_coilia_nasus__00189,野生刀鲚/101695_0.jpg,800,600
wild_coilia_nasus__00190,野生刀鲚/101696_0.jpg,800,600
wild_coilia_nasus__00191,野生刀鲚/101849_0.jpg,800,600
wild_coilia_nasus__00192,野生刀鲚/101850_0.jpg,800,600
wild_coilia_nasus__00193,野生刀鲚/101851_0.jpg,800,600
wild_coilia_nasus__00194,野生刀鲚/101852_0.jpg,800,600
wild_coilia_nasus__00195,野生刀鲚/101853_0.jpg,800,600
wild_coilia_nasus__00196,野生刀鲚/101854_0.jpg,800,600
wild_coilia_nasus__00197,野生刀鲚/101855_0.jpg,800,600
wild_coilia_nasus__00198,野生刀鲚/101856_0.jpg,800,600
wild_coilia_nasus__00199,野生刀鲚/101857_0.jpg,800,600
wild_coilia_nasus__00200,野生刀鲚/101858_0.jpg,800,600
wild_coilia_nasus__00201,野生刀鲚/101859_0.jpg,800,600
wild_coilia_nasus__00202,野生刀鲚/101860_0.jpg,800,600
wild_coilia_nasus__00203,野生刀鲚/101861_0.jpg,800,600
wild_coilia_nasus__00204,野生刀鲚/101862_0.jpg,800,600
wild_coilia_nasus__00205,野生刀鲚/101863_0.jpg,800,600
wild_coilia_nasus__00206,野生刀鲚/101864_0.jpg,800,600
wild_coilia_nasus__00207,野生刀鲚/101865_0.jpg,800,600
wild_coilia_nasus__00208,野生刀鲚/101866_0.jpg,800,600
wild_coilia_nasus__00209,野生刀鲚/101867_0.jpg,800,600
wild_coilia_nasus__00210,野生刀鲚/102326_0.jpg,800,600
wild_coilia_nasus__00211,野生刀鲚/102327_0.jpg,800,600
wild_coilia_nasus__00212,野生刀鲚/102328_0.jpg,800,600
wild_coilia_nasus__00213,野生刀鲚/102329_0.jpg,800,600
wild_coilia_nasus__00214,野生刀鲚/102330_0.jpg,800,600
wild_coilia_nasus__00215,野生刀鲚/102331_0.jpg,800,600
wild_coilia_nasus__00216,野生刀鲚/102332_0.jpg,800,600
wild_coilia_nasus__00217,野生刀鲚/102333_0.jpg,800,600
wild_coilia_nasus__00218,野生刀鲚/102334_0.jpg,800,600
wild_coilia_nasus__00219,野生刀鲚/102335_0.jpg,800,600
wild_coilia_nasus__00220,野生刀鲚/102336_0.jpg,800,600
wild_coilia_nasus__00221,野生刀鲚/102337_0.jpg,800,600
wild_coilia_nasus__00222,野生刀鲚/102338_0.jpg,800,600
wild_coilia_nasus__00223,野生刀鲚/102339_0.jpg,800,600
wild_coilia_nasus__00224,野生刀鲚/102340_0.jpg,800,600
wild_coilia_nasus__00225,野生刀鲚/102341_0.jpg,800,600
wild_coilia_nasus__00226,野生刀鲚/102342_0.jpg,800,600
wild_coilia_nasus__00227,野生刀鲚/102343_0.jpg,800,600
wild_coilia_nasus__00228,野生刀鲚/102344_0.jpg,800,600
wild_coilia_nasus__00229,野生刀鲚/102345_0.jpg,800,600
wild_coilia_nasus__00230,野生刀鲚/2202819_0.jpg,800,600
wild_coilia_nasus__00231,野生刀鲚/2202820_0.jpg,800,600
wild_coilia_nasus__00232,野生刀鲚/2202821_0.jpg,800,600
wild_coilia_nasus__00233,野生刀鲚/2202822_0.jpg,800,600
wild_coilia_nasus__00234,野生刀鲚/2202824_0.jpg,800,600
wild_coilia_nasus__00235,野生刀鲚/2202825_0.jpg,800,600
wild_coilia_nasus__00236,野生刀鲚/2202826_0.jpg,800,600
wild_coilia_nasus__00237,野生刀鲚/2202827_0.jpg,800,600
wild_coilia_nasus__00238,野生刀鲚/2202828_0.jpg,800,600
wild_coilia_nasus__00239,野生刀鲚/2202829_0.jpg,800,600
wild_coilia_nasus__00240,野生刀鲚/2202830_0.jpg,800,600
wild_coilia_nasus__00241,野生刀鲚/2202831_0.jpg,800,600
wild_coilia_nasus__00242,野生刀鲚/2202832_0.jpg,800,600
wild_coilia_nasus__00243,野生刀鲚/2202833_0.jpg,800,600
wild_coilia_nasus__00244,野生刀鲚/2202834_0.jpg,800,600
wild_coilia_nasus__00245,野生刀鲚/2202835_0.jpg,800,600
wild_coilia_nasus__00246,野生刀鲚/2202836_0.jpg,800,600
wild_coilia_nasus__00247,野生刀鲚/2202837_0.jpg,800,600
wild_coilia_nasus__00248,野生刀鲚/2202838_0.jpg,800,600
wild_coilia_nasus__00249,野生刀鲚/2202992_0.jpg,800,600
wild_coilia_nasus__00250,野生刀鲚/2204265_0.jpg,800,600
wild_coilia_nasus__00251,野生刀鲚/2204266_0.jpg,800,600
wild_coilia_nasus__00252,野生刀鲚/2204267_0.jpg,800,600
wild_coilia_nasus__00253,野生刀鲚/2204268_0.jpg,800,600
wild_coilia_nasus__00254,野生刀鲚/2204269_0.jpg,800,600
wild_coilia_nasus__00255,野生刀鲚/2204270_0.jpg,800,600
wild_coilia_nasus__00256,野生刀鲚/2204271_0.jpg,800,600
wild_coilia_nasus__00257,野生刀鲚/2204272_0.jpg,800,600
wild_coilia_nasus__00258,野生刀鲚/2204273_0.jpg,800,600
wild_coilia_nasus__00259,野生刀鲚/2204274_0.jpg,800,600
wild_coilia_nasus__00260,野生刀鲚/2204275_0.jpg,800,600
wild_coilia_nasus__00261,野生刀鲚/2204276_0.jpg,800,600
wild_coilia_nasus__00262,野生刀鲚/2204277_0.jpg,800,600
wild_coilia_nasus__00263,野生刀鲚/2204278_0.jpg,800,600
wild_coilia_nasus__00264,野生刀鲚/2204279_0.jpg,800,600
wild_coilia_nasus__00265,野生刀鲚/2204280_0.jpg,800,600
wild_coilia_nasus__00266,野生刀鲚/2204281_0.jpg,800,600
wild_coilia_nasus__00267,野生刀鲚/2204282_0.jpg,800,600
wild_coilia_nasus__00268,野生刀鲚/2204283_0.jpg,800,600
wild_coilia_nasus__00269,野生刀鲚/2204284_0.jpg,800,600
wild_coilia_nasus__00270,野生刀鲚/2204285_0.jpg,800,600
wild_coilia_nasus__00271,野生刀鲚/2204286_0.jpg,800,600
wild_coilia_nasus__00272,野生刀鲚/2204287_0.jpg,800,600
wild_coilia_nasus__00273,野生刀鲚/2204288_0.jpg,800,600
wild_coilia_nasus__00274,野生刀鲚/2204289_0.jpg,800,600
wild_coilia_nasus__00275,野生刀鲚/2204291_0.jpg,800,600
wild_coilia_nasus__00276,野生刀鲚/2204296_0.jpg,800,600
wild_coilia_nasus__00277,野生刀鲚/2204301_0.jpg,800,600
wild_coilia_nasus__00278,野生刀鲚/2204303_0.jpg,800,600
wild_coilia_nasus__00279,野生刀鲚/2204304_0.jpg,800,600
wild_coilia_nasus__00280,野生刀鲚/2204306_0.jpg,800,600
wild_coilia_nasus__00281,野生刀鲚/2204309_0.jpg,800,600
wild_coilia_nasus__00282,野生刀鲚/2204310_0.jpg,800,600
wild_coilia_nasus__00283,野生刀鲚/2204311_0.jpg,800,600
wild_coilia_nasus__00284,野生刀鲚/2204314_0.jpg,800,600
wild_coilia_nasus__00285,野生刀鲚/2204315_0.jpg,800,600
wild_coilia_nasus__00286,野生刀鲚/2204318_0.jpg,800,600
wild_coilia_nasus__00287,野生刀鲚/2204449_0.jpg,800,600
wild_coilia_nasus__00288,野生刀鲚/2204450_0.jpg,800,600
wild_coilia_nasus__00289,野生刀鲚/2204451_0.jpg,800,600
wild_coilia_nasus__00290,野生刀鲚/2204452_0.jpg,800,600
wild_coilia_nasus__00291,野生刀鲚/2204453_0.jpg,800,600
wild_coilia_nasus__00292,野生刀鲚/2204454_0.jpg,800,600
wild_coilia_nasus__00293,野生刀鲚/2204455_0.jpg,800,600
wild_coilia_nasus__00294,野生刀鲚/2204456_0.jpg,800,600
wild_coilia_nasus__00295,野生刀鲚/2204457_0.jpg,800,600
wild_coilia_nasus__00296,野生刀鲚/2204458_0.jpg,800,600
wild_coilia_nasus__00297,野生刀鲚/2204459_0.jpg,800,600
wild_coilia_nasus__00298,野生刀鲚/2204460_0.jpg,800,600
wild_coilia_nasus__00299,野生刀鲚/2204461_0.jpg,800,600
wild_coilia_nasus__00300,野生刀鲚/2204462_0.jpg,800,600
wild_coilia_nasus__00301,野生刀鲚/2204463_0.jpg,800,600
wild_coilia_nasus__00302,野生刀鲚/2204464_0.jpg,800,600
wild_coilia_nasus__00303,野生刀鲚/2204465_0.jpg,800,600
wild_coilia_nasus__00304,野生刀鲚/2204466_0.jpg,800,600
wild_coilia_nasus__00305,野生刀鲚/2204467_0.jpg,800,600
wild_coilia_nasus__00306,野生刀鲚/2204468_0.jpg,800,600
wild_coilia_nasus__00307,野生刀鲚/2204520_0.jpg,800,600
wild_coilia_nasus__00308,野生刀鲚/2204521_0.jpg,800,600
wild_coilia_nasus__00309,野生刀鲚/2204522_0.jpg,800,600
wild_coilia_nasus__00310,野生刀鲚/2204523_0.jpg,800,600
wild_coilia_nasus__00311,野生刀鲚/2204524_0.jpg,800,600
wild_coilia_nasus__00312,野生刀鲚/2204525_0.jpg,800,600
wild_coilia_nasus__00313,野生刀鲚/2204526_0.jpg,800,600
wild_coilia_nasus__00314,野生刀鲚/2204527_0.jpg,800,600
wild_coilia_nasus__00315,野生刀鲚/2204528_0.jpg,800,600
wild_coilia_nasus__00316,野生刀鲚/2204529_0.jpg,800,600
wild_coilia_nasus__00317,野生刀鲚/2204530_0.jpg,800,600
wild_coilia_nasus__00318,野生刀鲚/2204531_0.jpg,800,600
wild_coilia_nasus__00319,野生刀鲚/2204532_0.jpg,800,600
wild_coilia_nasus__00320,野生刀鲚/2204533_0.jpg,800,600
wild_coilia_nasus__00321,野生刀鲚/2204534_0.jpg,800,600
wild_coilia_nasus__00322,野生刀鲚/2204535_0.jpg,800,600
wild_coilia_nasus__00323,野生刀鲚/2204536_0.jpg,800,600
wild_coilia_nasus__00324,野生刀鲚/2204537_0.jpg,800,600
wild_coilia_nasus__00325,野生刀鲚/2204538_0.jpg,800,600
wild_coilia_nasus__00326,野生刀鲚/2204539_0.jpg,800,600
wild_coilia_nasus__00327,野生刀鲚/2204686_0.jpg,800,600
wild_coilia_nasus__00328,野生刀鲚/2204689_0.jpg,800,600
wild_coilia_nasus__00329,野生刀鲚/IMG_20240602_155233771_original_0.jpg,800,600
wild_coilia_nasus__00330,野生刀鲚/IMG_20240602_155325284_original_0.jpg,800,600
wild_coilia_nasus__00331,野生刀鲚/IMG_20240602_155328168_original_0.jpg,800,600
wild_coilia_nasus__00332,野生刀鲚/IMG_20240602_155355494_original_0.jpg,800,600
wild_coilia_nasus__00333,野生刀鲚/IMG_20240602_155356999_original_0.jpg,800,600
wild_coilia_nasus__00334,野生刀鲚/IMG_20240602_155424120_original_0.jpg,800,600
wild_coilia_nasus__00335,野生刀鲚/IMG_20240602_164947234_original_0.jpg,800,600
wild_coilia_nasus__00336,野生刀鲚/IMG_20240607_092007588_edit_0.jpg,800,600
wild_coilia_nasus__00337,野生刀鲚/IMG_20240607_093459296_edit_0.jpg,800,600
wild_coilia_nasus__00338,野生刀鲚/IMG_20240613_184132_0.jpg,600,800
wild_coilia_nasus__00339,野生刀鲚/IMG_20240613_184144_0.jpg,600,800
wild_coilia_nasus__00340,野生刀鲚/IMG_20240613_184202_0.jpg,600,800
wild_coilia_nasus__00341,野生刀鲚/IMG_20240613_184228_0.jpg,600,800
wild_coilia_nasus__00342,野生刀鲚/IMG_20240613_184319_0.jpg,600,800
wild_coilia_nasus__00343,野生刀鲚/IMG_20240613_184343_0.jpg,600,800
wild_coilia_nasus__00344,野生刀鲚/IMG_20240613_184410_0.jpg,600,800
wild_coilia_nasus__00345,野生刀鲚/IMG_20240613_184437_0.jpg,600,800
wild_coilia_nasus__00346,野生刀鲚/IMG_20240613_184512_0.jpg,600,800
wild_coilia_nasus__00347,野生刀鲚/IMG_20240613_184534_0.jpg,600,800
wild_coilia_nasus__00348,野生刀鲚/IMG_20240613_184556_0.jpg,600,800
wild_coilia_nasus__00349,野生刀鲚/IMG_20240613_184626_0.jpg,600,800
wild_coilia_nasus__00350,野生刀鲚/IMG_20240613_184647_0.jpg,600,800
wild_coilia_nasus__00351,野生刀鲚/IMG_20240613_193259_0.jpg,600,800
wild_coilia_nasus__00352,野生刀鲚/IMG_20240613_193321_0.jpg,600,800
wild_coilia_nasus__00353,野生刀鲚/IMG_20240613_193336_0.jpg,600,800
wild_coilia_nasus__00354,野生刀鲚/IMG_20240613_193359_0.jpg,600,800
wild_coilia_nasus__00355,野生刀鲚/IMG_20240613_193417_0.jpg,600,800
wild_coilia_nasus__00356,野生刀鲚/IMG_20240613_193455_0.jpg,600,800
wild_coilia_nasus__00357,野生刀鲚/IMG_20240613_193515_0.jpg,600,800
wild_coilia_nasus__00358,野生刀鲚/IMG_20240613_193536_0.jpg,600,800
wild_coilia_nasus__00359,野生刀鲚/IMG_20240613_193555_0.jpg,600,800
wild_coilia_nasus__00360,野生刀鲚/IMG_20240613_193615_0.jpg,600,800
wild_coilia_nasus__00361,野生刀鲚/IMG_20240613_193649_0.jpg,600,800
wild_coilia_nasus__00362,野生刀鲚/IMG_20240613_193713_0.jpg,600,800
wild_coilia_nasus__00363,野生刀鲚/IMG_20240613_193729_0.jpg,600,800
wild_coilia_nasus__00364,野生刀鲚/IMG_20240613_193749_0.jpg,600,800
wild_coilia_nasus__00365,野生刀鲚/IMG_20240613_193804_0.jpg,600,800
wild_coilia_nasus__00366,野生刀鲚/IMG_20240613_193829_0.jpg,600,800
wild_coilia_nasus__00367,野生刀鲚/IMG_20240613_193846_0.jpg,600,800
wild_coilia_nasus__00368,野生刀鲚/IMG_20240613_193850_0.jpg,600,800
wild_coilia_nasus__00369,野生刀鲚/IMG_20240613_193918_0.jpg,600,800
wild_coilia_nasus__00370,野生刀鲚/IMG_20240613_193937_0.jpg,600,800
wild_coilia_nasus__00371,野生刀鲚/IMG_20240613_194000_0.jpg,600,800
wild_coilia_nasus__00372,野生刀鲚/IMG_20240613_194023_0.jpg,600,800
wild_coilia_nasus__00373,野生刀鲚/IMG_20240613_194041_0.jpg,600,800
wild_coilia_nasus__00374,野生刀鲚/IMG_20240613_194058_0.jpg,600,800
wild_coilia_nasus__00375,野生刀鲚/IMG_20240613_195736_0.jpg,600,800
wild_coilia_nasus__00376,野生刀鲚/IMG_20240613_195737_0.jpg,600,800
wild_coilia_nasus__00377,野生刀鲚/IMG_20240614_184913_0.jpg,600,800
wild_coilia_nasus__00378,野生刀鲚/IMG_20240614_185019_0.jpg,600,800
wild_coilia_nasus__00379,野生刀鲚/IMG_20240614_185037_0.jpg,600,800
wild_coilia_nasus__00380,野生刀鲚/IMG_20240614_185055_0.jpg,600,800
wild_coilia_nasus__00381,野生刀鲚/IMG_20240614_185134_0.jpg,600,800
wild_coilia_nasus__00382,野生刀鲚/IMG_20240614_185147_0.jpg,600,800
wild_coilia_nasus__00383,野生刀鲚/IMG_20240614_185218_0.jpg,600,800
wild_coilia_nasus__00384,野生刀鲚/IMG_20240614_185304_0.jpg,600,800
wild_coilia_nasus__00385,野生刀鲚/IMG_20240614_185337_0.jpg,600,800
wild_coilia_nasus__00386,野生刀鲚/IMG_20240614_185414_0.jpg,600,800
wild_coilia_nasus__00387,野生刀鲚/IMG_20240614_185435_0.jpg,600,800
wild_coilia_nasus__00388,野生刀鲚/IMG_20240614_185455_0.jpg,600,800
wild_coilia_nasus__00389,野生刀鲚/IMG_20240614_185512_0.jpg,600,800
wild_coilia_nasus__00390,野生刀鲚/IMG_20240614_185527_0.jpg,600,800
wild_coilia_nasus__00391,野生刀鲚/IMG_20240614_185543_0.jpg,600,800
wild_coilia_nasus__00392,野生刀鲚/IMG_20240614_185601_0.jpg,600,800
wild_coilia_nasus__00393,野生刀鲚/IMG_20240614_190215_0.jpg,800,600
wild_coilia_nasus__00394,野生刀鲚/IMG_20240614_190235_0.jpg,800,600
wild_coilia_nasus__00395,野生刀鲚/IMG_20240614_190257_0.jpg,600,800
wild_coilia_nasus__00396,野生刀鲚/IMG_20240614_190328_0.jpg,600,800
wild_coilia_nasus__00397,野生刀鲚/IMG_20240614_190351_0.jpg,600,800
wild_coilia_nasus__00398,野生刀鲚/IMG_20240614_190420_0.jpg,600,800
wild_coilia_nasus__00399,野生刀鲚/IMG_20240614_190437_0.jpg,600,800
wild_coilia_nasus__00400,野生刀鲚/IMG_20240614_190457_0.jpg,600,800
wild_coilia_nasus__00401,野生刀鲚/IMG_20240614_190509_0.jpg,600,800
wild_coilia_nasus__00402,野生刀鲚/IMG_20240614_190523_0.jpg,600,800
wild_coilia_nasus__00403,野生刀鲚/IMG_20240614_190546_0.jpg,600,800
wild_coilia_nasus__00404,野生刀鲚/IMG_20240614_190602_0.jpg,600,800
wild_coilia_nasus__00405,野生刀鲚/IMG_20240614_190628_0.jpg,600,800
wild_coilia_nasus__00406,野生刀鲚/IMG_20240614_190644_0.jpg,600,800
wild_coilia_nasus__00407,野生刀鲚/IMG_20240614_190700_0.jpg,600,800
wild_coilia_nasus__00408,野生刀鲚/IMG_20240614_190717_0.jpg,600,800
wild_coilia_nasus__00409,野生刀鲚/IMG_20240614_190742_0.jpg,600,800
wild_coilia_nasus__00410,野生刀鲚/IMG_20240614_190758_0.jpg,600,800
wild_coilia_nasus__00411,野生刀鲚/IMG_20240614_190813_0.jpg,600,800
wild_coilia_nasus__00412,野生刀鲚/IMG_20240614_192432_0.jpg,600,800
wild_coilia_nasus__00413,野生刀鲚/IMG_20240614_192446_0.jpg,600,800
wild_coilia_nasus__00414,野生刀鲚/IMG_20240614_192514_0.jpg,600,800
wild_coilia_nasus__00415,野生刀鲚/IMG_20240614_192532_0.jpg,600,800
wild_coilia_nasus__00416,野生刀鲚/IMG_20240614_192555_0.jpg,600,800
wild_coilia_nasus__00417,野生刀鲚/IMG_20240614_192612_0.jpg,600,800
wild_coilia_nasus__00418,野生刀鲚/IMG_20240614_192625_0.jpg,600,800
wild_coilia_nasus__00419,野生刀鲚/IMG_20240614_192643_0.jpg,600,800
wild_coilia_nasus__00420,野生刀鲚/IMG_20240614_192655_0.jpg,600,800
wild_coilia_nasus__00421,野生刀鲚/IMG_20240614_192719_0.jpg,600,800
wild_coilia_nasus__00422,野生刀鲚/IMG_20240614_192738_0.jpg,600,800
wild_coilia_nasus__00423,野生刀鲚/IMG_20240614_192751_0.jpg,600,800
wild_coilia_nasus__00424,野生刀鲚/IMG_20240614_192804_0.jpg,600,800
wild_coilia_nasus__00425,野生刀鲚/IMG_20240614_192825_0.jpg,600,800
wild_coilia_nasus__00426,野生刀鲚/IMG_20240614_192847_0.jpg,600,800
wild_coilia_nasus__00427,野生刀鲚/IMG_20240614_192900_0.jpg,600,800
wild_coilia_nasus__00428,野生刀鲚/IMG_20240614_192931_0.jpg,600,800
wild_coilia_nasus__00429,野生刀鲚/IMG_20240614_192956_0.jpg,600,800
wild_coilia_nasus__00430,野生刀鲚/IMG_20240614_202856_0.jpg,600,800
wild_coilia_nasus__00431,野生刀鲚/IMG_20240614_202910_0.jpg,800,600
wild_coilia_nasus__00432,野生刀鲚/IMG_20240614_202923_0.jpg,800,600
wild_coilia_nasus__00433,野生刀鲚/IMG_20240614_202934_0.jpg,600,800
wild_coilia_nasus__00434,野生刀鲚/IMG_20240614_202946_0.jpg,800,600
wild_coilia_nasus__00435,野生刀鲚/IMG_20240614_202959_0.jpg,800,600
wild_coilia_nasus__00436,野生刀鲚/IMG_20240614_203026_0.jpg,800,600
wild_coilia_nasus__00437,野生刀鲚/IMG_20240614_203048_0.jpg,800,600
wild_coilia_nasus__00438,野生刀鲚/IMG_20240614_203110_0.jpg,800,600
wild_coilia_nasus__00439,野生刀鲚/IMG_20240614_203130_0.jpg,800,600
wild_coilia_nasus__00440,野生刀鲚/IMG_20240614_203147_0.jpg,800,600
wild_coilia_nasus__00441,野生刀鲚/IMG_20240614_203212_0.jpg,800,600
wild_coilia_nasus__00442,野生刀鲚/IMG_20240614_203230_0.jpg,800,600
wild_coilia_nasus__00443,野生刀鲚/IMG_20240614_203252_0.jpg,800,600
wild_coilia_nasus__00444,野生刀鲚/IMG_20240614_203307_0.jpg,800,600
wild_coilia_nasus__00445,野生刀鲚/IMG_20240614_203329_0.jpg,800,600
wild_coilia_nasus__00446,野生刀鲚/IMG_20240614_203341_0.jpg,800,600
wild_coilia_nasus__00447,野生刀鲚/IMG_20240614_203411_0.jpg,800,600
wild_coilia_nasus__00448,野生刀鲚/IMG_20240614_205116_0.jpg,800,600
wild_coilia_nasus__00449,野生刀鲚/IMG_20240614_205126_0.jpg,600,800
wild_coilia_nasus__00450,野生刀鲚/IMG_20240614_205145_0.jpg,600,800
wild_coilia_nasus__00451,野生刀鲚/IMG_20240614_205159_0.jpg,600,800
wild_coilia_nasus__00452,野生刀鲚/IMG_20240614_205218_0.jpg,600,800
wild_coilia_nasus__00453,野生刀鲚/IMG_20240614_205233_0.jpg,600,800
wild_coilia_nasus__00454,野生刀鲚/IMG_20240614_205247_0.jpg,600,800
wild_coilia_nasus__00455,野生刀鲚/IMG_20240614_205311_0.jpg,600,800
wild_coilia_nasus__00456,野生刀鲚/IMG_20240614_205342_0.jpg,600,800
wild_coilia_nasus__00457,野生刀鲚/IMG_20240614_205358_0.jpg,600,800
wild_coilia_nasus__00458,野生刀鲚/IMG_20240614_205414_0.jpg,600,800
wild_coilia_nasus__00459,野生刀鲚/IMG_20240614_205426_0.jpg,800,600
wild_coilia_nasus__00460,野生刀鲚/IMG_20240614_205446_0.jpg,800,600
wild_coilia_nasus__00461,野生刀鲚/IMG_20240614_205503_0.jpg,800,600
wild_coilia_nasus__00462,野生刀鲚/IMG_20240614_205522_0.jpg,800,600
wild_coilia_nasus__00463,野生刀鲚/IMG_20240614_205538_0.jpg,800,600
wild_coilia_nasus__00464,野生刀鲚/IMG_20240614_205553_0.jpg,800,600
wild_coilia_nasus__00465,野生刀鲚/IMG_20240614_205617_1_0.jpg,800,600
wild_coilia_nasus__00466,野生刀鲚/IMG_20240614_205617_0.jpg,800,600
wild_coilia_nasus__00467,野生刀鲚/IMG_20240616_135334_0.jpg,600,800
wild_coilia_nasus__00468,野生刀鲚/IMG_20240616_135401_0.jpg,600,800
wild_coilia_nasus__00469,野生刀鲚/IMG_20240616_135430_0.jpg,600,800
wild_coilia_nasus__00470,野生刀鲚/IMG_20240616_135457_0.jpg,600,800
wild_coilia_nasus__00471,野生刀鲚/IMG_20240616_135512_0.jpg,600,800
wild_coilia_nasus__00472,野生刀鲚/IMG_20240616_135541_0.jpg,800,600
wild_coilia_nasus__00473,野生刀鲚/IMG_20240616_135623_0.jpg,800,600
wild_coilia_nasus__00474,野生刀鲚/IMG_20240616_135644_0.jpg,800,600
wild_coilia_nasus__00475,野生刀鲚/IMG_20240616_135707_0.jpg,800,600
wild_coilia_nasus__00476,野生刀鲚/IMG_20240616_135732_0.jpg,800,600
wild_coilia_nasus__00477,野生刀鲚/IMG_20240616_135752_0.jpg,800,600
wild_coilia_nasus__00478,野生刀鲚/IMG_20240616_135810_0.jpg,800,600
wild_coilia_nasus__00479,野生刀鲚/IMG_20240616_135902_0.jpg,800,600
wild_coilia_nasus__00480,野生刀鲚/IMG_20240616_135933_0.jpg,800,600
wild_coilia_nasus__00481,野生刀鲚/IMG_20240616_135958_0.jpg,800,600
wild_coilia_nasus__00482,野生刀鲚/IMG_20240616_140032_0.jpg,800,600
wild_coilia_nasus__00483,野生刀鲚/IMG_20240616_140047_0.jpg,800,600
wild_coilia_nasus__00484,野生刀鲚/IMG_20240616_140106_0.jpg,800,600
wild_coilia_nasus__00485,野生刀鲚/IMG_20240616_140121_0.jpg,800,600
wild_coilia_nasus__00486,野生刀鲚/IMG_20240616_140136_0.jpg,800,600
wild_coilia_nasus__00487,野生刀鲚/IMG_20240616_141005_0.jpg,800,600
wild_coilia_nasus__00488,野生刀鲚/IMG_20240616_141031_0.jpg,800,600
wild_coilia_nasus__00489,野生刀鲚/IMG_20240616_141100_0.jpg,800,600
wild_coilia_nasus__00490,野生刀鲚/IMG_20240616_141145_0.jpg,800,600
wild_coilia_nasus__00491,野生刀鲚/IMG_20240616_141209_0.jpg,800,600
wild_coilia_nasus__00492,野生刀鲚/IMG_20240616_141240_0.jpg,800,600
wild_coilia_nasus__00493,野生刀鲚/IMG_20240616_141305_0.jpg,800,600
wild_coilia_nasus__00494,野生刀鲚/IMG_20240616_141342_0.jpg,800,600
wild_coilia_nasus__00495,野生刀鲚/IMG_20240616_141403_0.jpg,800,600
wild_coilia_nasus__00496,野生刀鲚/IMG_20240616_141424_0.jpg,800,600
wild_coilia_nasus__00497,野生刀鲚/IMG_20240616_141456_0.jpg,800,600
wild_coilia_nasus__00498,野生刀鲚/IMG_20240616_141517_0.jpg,800,600
wild_coilia_nasus__00499,野生刀鲚/IMG_20240616_141537_0.jpg,800,600
wild_coilia_nasus__00500,野生刀鲚/IMG_20240616_141548_0.jpg,800,600
wild_coilia_nasus__00501,野生刀鲚/IMG_20240616_141634_0.jpg,800,600
wild_coilia_nasus__00502,野生刀鲚/IMG_20240616_141700_1_0.jpg,800,600
wild_coilia_nasus__00503,野生刀鲚/IMG_20240616_141700_0.jpg,800,600
wild_coilia_nasus__00504,野生刀鲚/IMG_20240616_141729_0.jpg,800,600
wild_coilia_nasus__00505,野生刀鲚/IMG_20240616_141750_0.jpg,800,600
wild_coilia_nasus__00506,野生刀鲚/IMG_20240616_141813_0.jpg,800,600
wild_coilia_nasus__00507,野生刀鲚/IMG_20240616_141851_0.jpg,800,600
wild_coilia_nasus__00508,野生刀鲚/IMG_20240616_141903_0.jpg,800,600
wild_coilia_nasus__00509,野生刀鲚/IMG_20240616_141932_0.jpg,800,600
wild_coilia_nasus__00510,野生刀鲚/IMG_20240616_145240_0.jpg,600,800
wild_coilia_nasus__00511,野生刀鲚/IMG_20240616_145254_0.jpg,600,800
wild_coilia_nasus__00512,野生刀鲚/IMG_20240616_145310_0.jpg,600,800
wild_coilia_nasus__00513,野生刀鲚/IMG_20240616_145354_0.jpg,600,800
wild_coilia_nasus__00514,野生刀鲚/IMG_20240616_145423_0.jpg,600,800
wild_coilia_nasus__00515,野生刀鲚/IMG_20240616_145453_0.jpg,600,800
wild_coilia_nasus__00516,野生刀鲚/IMG_20240616_145513_0.jpg,600,800
wild_coilia_nasus__00517,野生刀鲚/IMG_20240616_145535_0.jpg,600,800
wild_coilia_nasus__00518,野生刀鲚/IMG_20240616_145556_0.jpg,600,800
wild_coilia_nasus__00519,野生刀鲚/IMG_20240616_145616_0.jpg,600,800
wild_coilia_nasus__00520,野生刀鲚/IMG_20240616_145640_0.jpg,600,800
wild_coilia_nasus__00521,野生刀鲚/IMG_20240616_145702_0.jpg,600,800
wild_coilia_nasus__00522,野生刀鲚/IMG_20240616_145742_0.jpg,600,800
wild_coilia_nasus__00523,野生刀鲚/IMG_20240616_145756_0.jpg,600,800
wild_coilia_nasus__00524,野生刀鲚/IMG_20240616_145816_0.jpg,600,800
wild_coilia_nasus__00525,野生刀鲚/IMG_20240616_145858_0.jpg,600,800
wild_coilia_nasus__00526,野生刀鲚/IMG_20240616_145920_0.jpg,600,800
wild_coilia_nasus__00527,野生刀鲚/IMG_20240616_145941_0.jpg,600,800
wild_coilia_nasus__00528,野生刀鲚/IMG_20240616_145956_0.jpg,600,800
wild_coilia_nasus__00529,野生刀鲚/IMG_20240616_150023_0.jpg,600,800
wild_coilia_nasus__00530,野生刀鲚/IMG_20240616_154706_0.jpg,600,800
wild_coilia_nasus__00531,野生刀鲚/IMG_20240616_154723_0.jpg,600,800
wild_coilia_nasus__00532,野生刀鲚/IMG_20240616_154747_0.jpg,600,800
wild_coilia_nasus__00533,野生刀鲚/IMG_20240616_154831_0.jpg,600,800
wild_coilia_nasus__00534,野生刀鲚/IMG_20240616_154853_0.jpg,600,800
wild_coilia_nasus__00535,野生刀鲚/IMG_20240616_154919_0.jpg,600,800
wild_coilia_nasus__00536,野生刀鲚/IMG_20240616_154957_0.jpg,600,800
wild_coilia_nasus__00537,野生刀鲚/IMG_20240616_155010_0.jpg,600,800
wild_coilia_nasus__00538,野生刀鲚/IMG_20240616_155037_0.jpg,600,800
wild_coilia_nasus__00539,野生刀鲚/IMG_20240616_155101_0.jpg,600,800
wild_coilia_nasus__00540,野生刀鲚/IMG_20240616_155116_0.jpg,600,800
wild_coilia_nasus__00541,野生刀鲚/IMG_20240616_155154_0.jpg,600,800
wild_coilia_nasus__00542,野生刀鲚/IMG_20240616_155209_0.jpg,600,800
wild_coilia_nasus__00543,野生刀鲚/IMG_20240616_155226_0.jpg,600,800
wild_coilia_nasus__00544,野生刀鲚/IMG_20240616_155250_0.jpg,600,800
wild_coilia_nasus__00545,野生刀鲚/IMG_20240616_155307_0.jpg,600,800
wild_coilia_nasus__00546,野生刀鲚/IMG_20240616_155331_0.jpg,600,800
wild_coilia_nasus__00547,野生刀鲚/IMG_20240616_155504_0.jpg,800,600
wild_coilia_nasus__00548,野生刀鲚/IMG_20240616_155522_0.jpg,800,600
wild_coilia_nasus__00549,野生刀鲚/IMG_20240616_155548_0.jpg,800,600
wild_coilia_nasus__00550,野生刀鲚/IMG_20240616_161436_0.jpg,600,800
wild_coilia_nasus__00551,野生刀鲚/IMG_20240616_161516_0.jpg,600,800
wild_coilia_nasus__00552,野生刀鲚/IMG_20240616_161534_0.jpg,600,800
wild_coilia_nasus__00553,野生刀鲚/IMG_20240616_161611_0.jpg,600,800
wild_coilia_nasus__00554,野生刀鲚/IMG_20240616_161629_0.jpg,600,800
wild_coilia_nasus__00555,野生刀鲚/IMG_20240616_161650_0.jpg,600,800
wild_coilia_nasus__00556,野生刀鲚/IMG_20240616_161712_0.jpg,600,800
wild_coilia_nasus__00557,野生刀鲚/IMG_20240616_161733_0.jpg,600,800
wild_coilia_nasus__00558,野生刀鲚/IMG_20240616_161749_0.jpg,600,800
wild_coilia_nasus__00559,野生刀鲚/IMG_20240616_161813_0.jpg,600,800
wild_coilia_nasus__00560,野生刀鲚/IMG_20240616_161826_0.jpg,600,800
wild_coilia_nasus__00561,野生刀鲚/IMG_20240616_161850_0.jpg,600,800
wild_coilia_nasus__00562,野生刀鲚/IMG_20240616_161916_0.jpg,600,800
wild_coilia_nasus__00563,野生刀鲚/IMG_20240616_161947_0.jpg,600,800
wild_coilia_nasus__00564,野生刀鲚/IMG_20240616_162009_0.jpg,600,800
wild_coilia_nasus__00565,野生刀鲚/IMG_20240616_162025_0.jpg,600,800
wild_coilia_nasus__00566,野生刀鲚/IMG_20240616_162039_0.jpg,600,800
wild_coilia_nasus__00567,野生刀鲚/IMG_20240616_162052_0.jpg,600,800
wild_coilia_nasus__00568,野生刀鲚/IMG_20240616_162111_0.jpg,600,800
wild_coilia_nasus__00569,野生刀鲚/IMG_20240616_162139_0.jpg,600,800
wild_coilia_nasus__00570,野生刀鲚/IMG_20240616_163412_0.jpg,800,600
wild_coilia_nasus__00571,野生刀鲚/IMG_20240616_163454_0.jpg,800,600
wild_coilia_nasus__00572,野生刀鲚/IMG_20240616_163534_0.jpg,800,600
wild_coilia_nasus__00573,野生刀鲚/IMG_20240616_163621_0.jpg,800,600
wild_coilia_nasus__00574,野生刀鲚/IMG_20240616_163702_0.jpg,800,600
wild_coilia_nasus__00575,野生刀鲚/IMG_20240616_163724_0.jpg,800,600
wild_coilia_nasus__00576,野生刀鲚/IMG_20240616_163752_0.jpg,800,600
wild_coilia_nasus__00577,野生刀鲚/IMG_20240616_163820_0.jpg,800,600
wild_coilia_nasus__00578,野生刀鲚/IMG_20240616_163940_0.jpg,800,600
wild_coilia_nasus__00579,野生刀鲚/IMG_20240616_164134_0.jpg,800,600
wild_coilia_nasus__00580,野生刀鲚/IMG_20240616_164219_0.jpg,800,600
wild_coilia_nasus__00581,野生刀鲚/IMG_20240616_164254_0.jpg,800,600
wild_coilia_nasus__00582,野生刀鲚/IMG_20240616_164332_0.jpg,800,600
wild_coilia_nasus__00583,野生刀鲚/IMG_20240616_164408_0.jpg,800,600
wild_coilia_nasus__00584,野生刀鲚/IMG_20240616_164441_0.jpg,800,600
wild_coilia_nasus__00585,野生刀鲚/IMG_20240616_164527_0.jpg,800,600
wild_coilia_nasus__00586,野生刀鲚/IMG_20240616_164604_0.jpg,800,600
wild_coilia_nasus__00587,野生刀鲚/IMG_20240616_164636_0.jpg,800,600
wild_coilia_nasus__00588,野生刀鲚/IMG_20240616_164730_0.jpg,800,600
wild_coilia_nasus__00589,野生刀鲚/IMG_20240616_164811_0.jpg,800,600
wild_coilia_nasus__00590,野生刀鲚/IMG_20240616_164852_0.jpg,800,600
wild_coilia_nasus__00591,野生刀鲚/IMG_20240616_164934_0.jpg,800,600
wild_coilia_nasus__00592,野生刀鲚/IMG_20240616_165006_0.jpg,800,600
wild_coilia_nasus__00593,野生刀鲚/IMG_20240616_165045_0.jpg,800,600
wild_coilia_nasus__00594,野生刀鲚/IMG_20240616_165115_0.jpg,800,600
wild_coilia_nasus__00595,野生刀鲚/IMG_20240616_165156_0.jpg,800,600
wild_coilia_nasus__00596,野生刀鲚/IMG_20240616_165241_0.jpg,800,600
wild_coilia_nasus__00597,野生刀鲚/IMG_20240616_165311_0.jpg,800,600
wild_coilia_nasus__00598,野生刀鲚/IMG_20240616_165439_0.jpg,800,600
wild_coilia_nasus__00599,野生刀鲚/IMG_20240616_165744_0.jpg,800,600
wild_coilia_nasus__00600,野生刀鲚/IMG_4854_0.jpg,800,600
wild_coilia_nasus__00601,野生刀鲚/IMG_4856_0.jpg,800,600
wild_coilia_nasus__00602,野生刀鲚/IMG_4858_0.jpg,800,600
wild_coilia_nasus__00603,野生刀鲚/IMG_4860_0.jpg,800,600
wild_coilia_nasus__00604,野生刀鲚/IMG_4862_0.jpg,800,600
wild_coilia_nasus__00605,野生刀鲚/IMG_4864_0.jpg,800,600
wild_coilia_nasus__00606,野生刀鲚/IMG_4866_0.jpg,800,600
wild_coilia_nasus__00607,野生刀鲚/IMG_4868_0.jpg,800,600
wild_coilia_nasus__00608,野生刀鲚/IMG_4870_0.jpg,800,600
wild_coilia_nasus__00609,野生刀鲚/IMG_4872_0.jpg,800,600
wild_coilia_nasus__00610,野生刀鲚/IMG_4874_0.jpg,800,600
wild_coilia_nasus__00611,野生刀鲚/IMG_4876_0.jpg,800,600
wild_coilia_nasus__00612,野生刀鲚/IMG_4878_0.jpg,800,600
wild_coilia_nasus__00613,野生刀鲚/IMG_4880_0.jpg,800,600
wild_coilia_nasus__00614,野生刀鲚/IMG_4882_0.jpg,800,600
wild_coilia_nasus__00615,野生刀鲚/IMG_4884_0.jpg,800,600
wild_coilia_nasus__00616,野生刀鲚/IMG_4886_0.jpg,800,600
wild_coilia_nasus__00617,野生刀鲚/IMG_4888_0.jpg,800,600
wild_coilia_nasus__00618,野生刀鲚/IMG_4890_0.jpg,800,600
wild_coilia_nasus__00619,野生刀鲚/IMG_4892_0.jpg,800,600
wild_coilia_nasus__00620,野生刀鲚/IMG_4894_0.jpg,800,600
wild_coilia_nasus__00621,野生刀鲚/IMG_4896_0.jpg,800,600
wild_coilia_nasus__00622,野生刀鲚/IMG_4898_0.jpg,800,600
wild_coilia_nasus__00623,野生刀鲚/IMG_4900_0.jpg,800,600
wild_coilia_nasus__00624,野生刀鲚/IMG_4902_0.jpg,800,600
wild_coilia_nasus__00625,野生刀鲚/IMG_4981_0.jpg,800,600
wild_coilia_nasus__00626,野生刀鲚/IMG_4983_0.jpg,800,600
wild_coilia_nasus__00627,野生刀鲚/IMG_4985_0.jpg,800,600
wild_coilia_nasus__00628,野生刀鲚/IMG_4987_0.jpg,800,600
wild_coilia_nasus__00629,野生刀鲚/IMG_4989_0.jpg,800,600
wild_coilia_nasus__00630,野生刀鲚/IMG_4991_0.jpg,800,600
wild_coilia_nasus__00631,野生刀鲚/IMG_4993_0.jpg,800,600
wild_coilia_nasus__00632,野生刀鲚/IMG_4995_0.jpg,800,600
wild_coilia_nasus__00633,野生刀鲚/IMG_4997_0.jpg,800,600
wild_coilia_nasus__00634,野生刀鲚/IMG_4999_0.jpg,800,600
wild_coilia_nasus__00635,野生刀鲚/IMG_5002_0.jpg,800,600
wild_coilia_nasus__00636,野生刀鲚/IMG_5004_0.jpg,800,600
wild_coilia_nasus__00637,野生刀鲚/IMG_5006_0.jpg,800,600
wild_coilia_nasus__00638,野生刀鲚/IMG_5008_0.jpg,800,600
wild_coilia_nasus__00639,野生刀鲚/IMG_5010_0.jpg,800,600
wild_coilia_nasus__00640,野生刀鲚/IMG_5012_0.jpg,800,600
wild_coilia_nasus__00641,野生刀鲚/IMG_5014_0.jpg,800,600
wild_coilia_nasus__00642,野生刀鲚/IMG_5016_0.jpg,800,600
wild_coilia_nasus__00643,野生刀鲚/IMG_5018_0.jpg,800,600
wild_coilia_nasus__00644,野生刀鲚/IMG_5020_0.jpg,800,600
wild_coilia_nasus__00645,野生刀鲚/IMG_5022_0.jpg,800,600
wild_coilia_nasus__00646,野生刀鲚/IMG_5024_0.jpg,800,600
wild_coilia_nasus__00647,野生刀鲚/IMG_5026_0.jpg,800,600
wild_coilia_nasus__00648,野生刀鲚/IMG_5801_0.jpg,600,800
wild_coilia_nasus__00649,野生刀鲚/IMG_5802_0.jpg,600,800
wild_coilia_nasus__00650,野生刀鲚/IMG_5803_0.jpg,600,800
wild_coilia_nasus__00651,野生刀鲚/IMG_5804_0.jpg,800,600
wild_coilia_nasus__00652,野生刀鲚/IMG_5805_0.jpg,600,800
wild_coilia_nasus__00653,野生刀鲚/IMG_5806_0.jpg,600,800
wild_coilia_nasus__00654,野生刀鲚/IMG_5807_0.jpg,600,800
wild_coilia_nasus__00655,野生刀鲚/IMG_5808_0.jpg,600,800
wild_coilia_nasus__00656,野生刀鲚/IMG_5809_0.jpg,600,800
wild_coilia_nasus__00657,野生刀鲚/IMG_5810_0.jpg,600,800
wild_coilia_nasus__00658,野生刀鲚/IMG_5811_0.jpg,600,800
wild_coilia_nasus__00659,野生刀鲚/IMG_5812_0.jpg,600,800
wild_coilia_nasus__00660,野生刀鲚/IMG_5813_0.jpg,600,800
wild_coilia_nasus__00661,野生刀鲚/IMG_5814_0.jpg,600,800
wild_coilia_nasus__00662,野生刀鲚/IMG_5815_0.jpg,600,800
wild_coilia_nasus__00663,野生刀鲚/IMG_5816_0.jpg,600,800
wild_coilia_nasus__00664,野生刀鲚/IMG_5817_0.jpg,600,800
wild_coilia_nasus__00665,野生刀鲚/IMG_5818_0.jpg,600,800
wild_coilia_nasus__00666,野生刀鲚/IMG_5819_0.jpg,600,800
wild_coilia_nasus__00667,野生刀鲚/IMG_5820_0.jpg,600,800
wild_coilia_nasus__00668,野生刀鲚/IMG_5821_0.jpg,600,800
wild_coilia_nasus__00669,野生刀鲚/IMG_5822_0.jpg,600,800
wild_coilia_nasus__00670,野生刀鲚/IMG_5823_0.jpg,600,800
wild_coilia_nasus__00671,野生刀鲚/IMG_5824_0.jpg,600,800
wild_coilia_nasus__00672,野生刀鲚/IMG_5825_0.jpg,600,800
wild_coilia_nasus__00673,野生刀鲚/IMG_5826_0.jpg,600,800
wild_coilia_nasus__00674,野生刀鲚/IMG_5827_0.jpg,600,800
wild_coilia_nasus__00675,野生刀鲚/IMG_5828_0.jpg,600,800
wild_coilia_nasus__00676,野生刀鲚/IMG_5829_0.jpg,600,800
wild_coilia_nasus__00677,野生刀鲚/IMG_5830_0.jpg,600,800
wild_coilia_nasus__00678,野生刀鲚/IMG_5831_0.jpg,600,800
wild_coilia_nasus__00679,野生刀鲚/IMG_5832_0.jpg,600,800
wild_coilia_nasus__00680,野生刀鲚/IMG_5833_0.jpg,600,800
wild_coilia_nasus__00681,野生刀鲚/IMG_5834_0.jpg,600,800
wild_coilia_nasus__00682,野生刀鲚/IMG_5835_0.jpg,600,800
wild_coilia_nasus__00683,野生刀鲚/IMG_5836_0.jpg,600,800
wild_coilia_nasus__00684,野生刀鲚/IMG_5837_0.jpg,600,800
wild_coilia_nasus__00685,野生刀鲚/IMG_5838_0.jpg,600,800
wild_coilia_nasus__00686,野生刀鲚/IMG_5839_0.jpg,600,800
wild_coilia_nasus__00687,野生刀鲚/IMG_5840_0.jpg,600,800
wild_coilia_nasus__00688,野生刀鲚/IMG_5989_0.jpg,800,600
wild_coilia_nasus__00689,野生刀鲚/IMG_5990_0.jpg,600,800
wild_coilia_nasus__00690,野生刀鲚/IMG_5991_0.jpg,600,800
wild_coilia_nasus__00691,野生刀鲚/IMG_5992_0.jpg,600,800
wild_coilia_nasus__00692,野生刀鲚/IMG_5993_0.jpg,600,800
wild_coilia_nasus__00693,野生刀鲚/IMG_5994_0.jpg,600,800
wild_coilia_nasus__00694,野生刀鲚/IMG_5995_0.jpg,600,800
wild_coilia_nasus__00695,野生刀鲚/IMG_5996_0.jpg,600,800
wild_coilia_nasus__00696,野生刀鲚/IMG_5997_0.jpg,600,800
wild_coilia_nasus__00697,野生刀鲚/IMG_5998_0.jpg,600,800
wild_coilia_nasus__00698,野生刀鲚/IMG_5999_0.jpg,600,800
wild_coilia_nasus__00699,野生刀鲚/IMG_6001_0.jpg,600,800
wild_coilia_nasus__00700,野生刀鲚/IMG_6002_0.jpg,600,800
wild_coilia_nasus__00701,野生刀鲚/IMG_6003_0.jpg,600,800
wild_coilia_nasus__00702,野生刀鲚/IMG_6004_0.jpg,600,800
wild_coilia_nasus__00703,野生刀鲚/IMG_6005_0.jpg,600,800
wild_coilia_nasus__00704,野生刀鲚/IMG_6006_0.jpg,600,800
wild_coilia_nasus__00705,野生刀鲚/IMG_6007_0.jpg,600,800
wild_coilia_nasus__00706,野生刀鲚/IMG_6008_0.jpg,600,800
wild_coilia_nasus__00707,野生刀鲚/IMG_6009_0.jpg,600,800
wild_coilia_nasus__00708,野生刀鲚/IMG_6010_0.jpg,600,800
wild_coilia_nasus__00709,野生刀鲚/IMG_6011_0.jpg,600,800
wild_coilia_nasus__00710,野生刀鲚/IMG_6012_0.jpg,600,800
wild_coilia_nasus__00711,野生刀鲚/IMG_6013_0.jpg,600,800
wild_coilia_nasus__00712,野生刀鲚/IMG_6014_0.jpg,600,800
wild_coilia_nasus__00713,野生刀鲚/IMG_6015_0.jpg,600,800
wild_coilia_nasus__00714,野生刀鲚/IMG_6016_0.jpg,600,800
wild_coilia_nasus__00715,野生刀鲚/IMG_6017_0.jpg,600,800
wild_coilia_nasus__00716,野生刀鲚/IMG_6018_0.jpg,600,800
wild_coilia_nasus__00717,野生刀鲚/IMG_6019_0.jpg,600,800
wild_coilia_nasus__00718,野生刀鲚/IMG_6020_0.jpg,600,800
wild_coilia_nasus__00719,野生刀鲚/IMG_6021_0.jpg,600,800
wild_coilia_nasus__00720,野生刀鲚/IMG_6022_0.jpg,600,800
wild_coilia_nasus__00721,野生刀鲚/IMG_6023_0.jpg,600,800
wild_coilia_nasus__00722,野生刀鲚/IMG_6024_0.jpg,600,800
wild_coilia_nasus__00723,野生刀鲚/IMG_6025_0.jpg,600,800
wild_coilia_nasus__00724,野生刀鲚/IMG_6026_0.jpg,600,800
wild_coilia_nasus__00725,野生刀鲚/IMG_6027_0.jpg,600,800
wild_coilia_nasus__00726,野生刀鲚/IMG_6028_0.jpg,600,800
wild_coilia_nasus__00727,野生刀鲚/IMG_6029_0.jpg,600,800
wild_coilia_nasus__00728,野生刀鲚/IMG_6030_0.jpg,600,800
wild_coilia_nasus__00729,野生刀鲚/IMG_6031_0.jpg,600,800
wild_coilia_nasus__00730,野生刀鲚/IMG_6032_0.jpg,600,800
wild_coilia_nasus__00731,野生刀鲚/IMG_6033_0.jpg,600,800
wild_coilia_nasus__00732,野生刀鲚/IMG_6034_0.jpg,600,800
wild_coilia_nasus__00733,野生刀鲚/IMG_6035_0.jpg,600,800
wild_coilia_nasus__00734,野生刀鲚/IMG_6036_0.jpg,600,800
wild_coilia_nasus__00735,野生刀鲚/IMG_6037_0.jpg,600,800
wild_coilia_nasus__00736,野生刀鲚/IMG_6038_0.jpg,600,800
wild_coilia_nasus__00737,野生刀鲚/IMG_6039_0.jpg,600,800
wild_coilia_nasus__00738,野生刀鲚/IMG_6040_0.jpg,600,800
wild_coilia_nasus__00739,野生刀鲚/IMG_6041_0.jpg,600,800
wild_coilia_nasus__00740,野生刀鲚/IMG_6042_0.jpg,600,800
wild_coilia_nasus__00741,野生刀鲚/IMG_6043_0.jpg,600,800
wild_coilia_nasus__00742,野生刀鲚/IMG_6044_0.jpg,600,800
wild_coilia_nasus__00743,野生刀鲚/IMG_6045_0.jpg,600,800
wild_coilia_nasus__00744,野生刀鲚/IMG_6046_0.jpg,600,800
wild_coilia_nasus__00745,野生刀鲚/IMG_6047_0.jpg,600,800
wild_coilia_nasus__00746,野生刀鲚/IMG_6048_0.jpg,600,800
wild_coilia_nasus__00747,野生刀鲚/IMG_6049_0.jpg,600,800
wild_coilia_nasus__00748,野生刀鲚/IMG_6050_0.jpg,600,800
wild_coilia_nasus__00749,野生刀鲚/IMG_6051_0.jpg,600,800
wild_coilia_nasus__00750,野生刀鲚/IMG_6052_0.jpg,600,800
wild_coilia_nasus__00751,野生刀鲚/IMG_6053_0.jpg,600,800
wild_coilia_nasus__00752,野生刀鲚/IMG_6054_0.jpg,600,800
wild_coilia_nasus__00753,野生刀鲚/IMG_6055_0.jpg,600,800
wild_coilia_nasus__00754,野生刀鲚/IMG_6056_0.jpg,600,800
wild_coilia_nasus__00755,野生刀鲚/IMG_6057_0.jpg,600,800
wild_coilia_nasus__00756,野生刀鲚/IMG_6060_0.jpg,600,800
wild_coilia_nasus__00757,野生刀鲚/IMG_6061_0.jpg,600,800
wild_coilia_nasus__00758,野生刀鲚/IMG_6062_0.jpg,600,800
wild_coilia_nasus__00759,野生刀鲚/IMG_6063_0.jpg,600,800
wild_coilia_nasus__00760,野生刀鲚/IMG_6064_0.jpg,600,800
wild_coilia_nasus__00761,野生刀鲚/IMG_6065_0.jpg,600,800
wild_coilia_nasus__00762,野生刀鲚/IMG_6066_0.jpg,600,800
wild_coilia_nasus__00763,野生刀鲚/IMG_6067_0.jpg,600,800
wild_coilia_nasus__00764,野生刀鲚/IMG_6068_0.jpg,600,800
wild_coilia_nasus__00765,野生刀鲚/IMG_6069_0.jpg,600,800
wild_coilia_nasus__00766,野生刀鲚/IMG_6070_0.jpg,600,800
wild_coilia_nasus__00767,野生刀鲚/IMG_6071_0.jpg,600,800
wild_coilia_nasus__00768,野生刀鲚/IMG_6072_0.jpg,600,800
wild_coilia_nasus__00769,野生刀鲚/IMG_6073_0.jpg,600,800
wild_coilia_nasus__00770,野生刀鲚/IMG_6074_0.jpg,600,800
wild_coilia_nasus__00771,野生刀鲚/IMG_6075_0.jpg,600,800
wild_coilia_nasus__00772,野生刀鲚/IMG_6076_0.jpg,600,800
wild_coilia_nasus__00773,野生刀鲚/IMG_6077_0.jpg,600,800
wild_coilia_nasus__00774,野生刀鲚/IMG_6078_0.jpg,600,800
wild_coilia_nasus__00775,野生刀鲚/IMG_6079_0.jpg,600,800
wild_coilia_nasus__00776,野生刀鲚/IMG_6080_0.jpg,600,800
wild_coilia_nasus__00777,野生刀鲚/IMG_6081_0.jpg,600,800
wild_coilia_nasus__00778,野生刀鲚/IMG_6082_0.jpg,600,800
wild_coilia_nasus__00779,野生刀鲚/IMG_6083_0.jpg,600,800
wild_coilia_nasus__00780,野生刀鲚/IMG_6085_0.jpg,600,800
wild_coilia_nasus__00781,野生刀鲚/IMG_6086_0.jpg,600,800
wild_coilia_nasus__00782,野生刀鲚/IMG_6087_0.jpg,600,800
wild_coilia_nasus__00783,野生刀鲚/IMG_6088_0.jpg,600,800
wild_coilia_nasus__00784,野生刀鲚/IMG_6089_0.jpg,600,800
wild_coilia_nasus__00785,野生刀鲚/IMG_6090_0.jpg,600,800
wild_coilia_nasus__00786,野生刀鲚/IMG_6091_0.jpg,600,800
wild_coilia_nasus__00787,野生刀鲚/IMG_6270_0.jpg,600,800
wild_coilia_nasus__00788,野生刀鲚/IMG_6271_0.jpg,600,800
wild_coilia_nasus__00789,野生刀鲚/IMG_6272_0.jpg,600,800
wild_coilia_nasus__00790,野生刀鲚/IMG_6273_0.jpg,600,800
wild_coilia_nasus__00791,野生刀鲚/IMG_6274_0.jpg,600,800
wild_coilia_nasus__00792,野生刀鲚/IMG_6275_0.jpg,600,800
wild_coilia_nasus__00793,野生刀鲚/IMG_6276_0.jpg,600,800
wild_coilia_nasus__00794,野生刀鲚/IMG_6277_0.jpg,600,800
wild_coilia_nasus__00795,野生刀鲚/IMG_6278_0.jpg,600,800
wild_coilia_nasus__00796,野生刀鲚/IMG_6279_0.jpg,600,800
wild_coilia_nasus__00797,野生刀鲚/IMG_6280_0.jpg,600,800
wild_coilia_nasus__00798,野生刀鲚/IMG_6281_0.jpg,600,800
wild_coilia_nasus__00799,野生刀鲚/IMG_6282_0.jpg,600,800
wild_coilia_nasus__00800,野生刀鲚/IMG_6283_0.jpg,600,800
wild_coilia_nasus__00801,野生刀鲚/IMG_6284_0.jpg,600,800
wild_coilia_nasus__00802,野生刀鲚/IMG_6285_0.jpg,600,800
wild_coilia_nasus__00803,野生刀鲚/IMG_6286_0.jpg,600,800
wild_coilia_nasus__00804,野生刀鲚/IMG_6287_0.jpg,600,800
wild_coilia_nasus__00805,野生刀鲚/IMG_6288_0.jpg,600,800
wild_coilia_nasus__00806,野生刀鲚/IMG_6289_0.jpg,600,800
wild_coilia_nasus__00807,野生刀鲚/IMG_6290_0.jpg,600,800
wild_coilia_nasus__00808,野生刀鲚/IMG_6291_0.jpg,600,800
wild_coilia_nasus__00809,野生刀鲚/IMG_6292_0.jpg,600,800
wild_coilia_nasus__00810,野生刀鲚/IMG_6293_0.jpg,600,800
wild_coilia_nasus__00811,野生刀鲚/IMG_6294_0.jpg,600,800
wild_coilia_nasus__00812,野生刀鲚/IMG_6295_0.jpg,600,800
wild_coilia_nasus__00813,野生刀鲚/IMG_6296_0.jpg,600,800
wild_coilia_nasus__00814,野生刀鲚/IMG_6297_0.jpg,600,800
wild_coilia_nasus__00815,野生刀鲚/IMG_6298_0.jpg,600,800
wild_coilia_nasus__00816,野生刀鲚/IMG_6299_0.jpg,600,800
wild_coilia_nasus__00817,野生刀鲚/IMG_6300_0.jpg,600,800
wild_coilia_nasus__00818,野生刀鲚/IMG_6301_0.jpg,600,800
wild_coilia_nasus__00819,野生刀鲚/IMG_6302_0.jpg,600,800
wild_coilia_nasus__00820,野生刀鲚/IMG_6303_0.jpg,600,800
wild_coilia_nasus__00821,野生刀鲚/IMG_6304_0.jpg,600,800
wild_coilia_nasus__00822,野生刀鲚/IMG_6305_0.jpg,600,800
wild_coilia_nasus__00823,野生刀鲚/IMG_6306_0.jpg,600,800
wild_coilia_nasus__00824,野生刀鲚/IMG_6307_0.jpg,600,800
wild_coilia_nasus__00825,野生刀鲚/IMG_6308_0.jpg,600,800
wild_coilia_nasus__00826,野生刀鲚/IMG_6309_0.jpg,600,800
wild_coilia_nasus__00827,野生刀鲚/IMG_6310_0.jpg,600,800
wild_coilia_nasus__00828,野生刀鲚/IMG_6311_0.jpg,600,800
wild_coilia_nasus__00829,野生刀鲚/IMG_6312_0.jpg,600,800
wild_coilia_nasus__00830,野生刀鲚/IMG_6313_0.jpg,600,800
wild_coilia_nasus__00831,野生刀鲚/IMG_6314_0.jpg,600,800
wild_coilia_nasus__00832,野生刀鲚/IMG_6315_0.jpg,600,800
wild_coilia_nasus__00833,野生刀鲚/IMG_6316_0.jpg,600,800
wild_coilia_nasus__00834,野生刀鲚/IMG_6317_0.jpg,600,800
wild_coilia_nasus__00835,野生刀鲚/IMG_6318_0.jpg,600,800
wild_coilia_nasus__00836,野生刀鲚/IMG_6319_0.jpg,600,800
wild_coilia_nasus__00837,野生刀鲚/IMG_6320_0.jpg,600,800
wild_coilia_nasus__00838,野生刀鲚/IMG_6321_0.jpg,600,800
wild_coilia_nasus__00839,野生刀鲚/IMG_6322_0.jpg,600,800
wild_coilia_nasus__00840,野生刀鲚/IMG_6323_0.jpg,600,800
wild_coilia_nasus__00841,野生刀鲚/IMG_6324_0.jpg,600,800
wild_coilia_nasus__00842,野生刀鲚/IMG_6325_0.jpg,600,800
wild_coilia_nasus__00843,野生刀鲚/IMG_6326_0.jpg,600,800
wild_coilia_nasus__00844,野生刀鲚/IMG_6327_0.jpg,600,800
wild_coilia_nasus__00845,野生刀鲚/IMG_6328_0.jpg,600,800
wild_coilia_nasus__00846,野生刀鲚/IMG_6329_0.jpg,600,800
wild_coilia_nasus__00847,野生刀鲚/IMG_6330_0.jpg,600,800
wild_coilia_nasus__00848,野生刀鲚/IMG_6331_0.jpg,600,800
wild_coilia_nasus__00849,野生刀鲚/IMG_6332_0.jpg,600,800
wild_coilia_nasus__00850,野生刀鲚/IMG_6333_0.jpg,600,800
wild_coilia_nasus__00851,野生刀鲚/IMG_6334_0.jpg,600,800
wild_coilia_nasus__00852,野生刀鲚/IMG_6335_0.jpg,600,800
wild_coilia_nasus__00853,野生刀鲚/IMG_6336_0.jpg,600,800
wild_coilia_nasus__00854,野生刀鲚/IMG_6337_0.jpg,600,800
wild_coilia_nasus__00855,野生刀鲚/IMG_6338_0.jpg,600,800
wild_coilia_nasus__00856,野生刀鲚/IMG_6339_0.jpg,600,800
wild_coilia_nasus__00857,野生刀鲚/IMG_6340_0.jpg,600,800
wild_coilia_nasus__00858,野生刀鲚/IMG_6341_0.jpg,600,800
wild_coilia_nasus__00859,野生刀鲚/IMG_6342_0.jpg,600,800
wild_coilia_nasus__00860,野生刀鲚/IMG_6343_0.jpg,600,800
wild_coilia_nasus__00861,野生刀鲚/IMG_6344_0.jpg,600,800
wild_coilia_nasus__00862,野生刀鲚/IMG_6345_0.jpg,600,800
wild_coilia_nasus__00863,野生刀鲚/IMG_6346_0.jpg,600,800
wild_coilia_nasus__00864,野生刀鲚/IMG_6347_0.jpg,600,800
wild_coilia_nasus__00865,野生刀鲚/IMG_6348_0.jpg,600,800
wild_coilia_nasus__00866,野生刀鲚/IMG_6349_0.jpg,600,800
wild_coilia_nasus__00867,野生刀鲚/IMG_6350_0.jpg,600,800
wild_coilia_nasus__00868,野生刀鲚/IMG_6376_0.jpg,600,800
wild_coilia_nasus__00869,野生刀鲚/IMG_6377_0.jpg,600,800
wild_coilia_nasus__00870,野生刀鲚/IMG_6378_0.jpg,600,800
wild_coilia_nasus__00871,野生刀鲚/IMG_6379_0.jpg,600,800
wild_coilia_nasus__00872,野生刀鲚/IMG_6380_0.jpg,600,800
wild_coilia_nasus__00873,野生刀鲚/IMG_6381_0.jpg,600,800
wild_coilia_nasus__00874,野生刀鲚/IMG_6382_0.jpg,600,800
wild_coilia_nasus__00875,野生刀鲚/IMG_6383_0.jpg,600,800
wild_coilia_nasus__00876,野生刀鲚/IMG_6384_0.jpg,600,800
wild_coilia_nasus__00877,野生刀鲚/IMG_6385_0.jpg,600,800
wild_coilia_nasus__00878,野生刀鲚/IMG_6386_0.jpg,600,800
wild_coilia_nasus__00879,野生刀鲚/IMG_6387_0.jpg,600,800
wild_coilia_nasus__00880,野生刀鲚/IMG_6388_0.jpg,600,800
wild_coilia_nasus__00881,野生刀鲚/IMG_6389_0.jpg,600,800
wild_coilia_nasus__00882,野生刀鲚/IMG_6390_0.jpg,600,800
wild_coilia_nasus__00883,野生刀鲚/IMG_6391_0.jpg,600,800
wild_coilia_nasus__00884,野生刀鲚/IMG_6392_0.jpg,600,800
wild_coilia_nasus__00885,野生刀鲚/IMG_6393_0.jpg,600,800
wild_coilia_nasus__00886,野生刀鲚/IMG_6394_0.jpg,600,800
wild_coilia_nasus__00887,野生刀鲚/IMG_6395_0.jpg,600,800
wild_coilia_nasus__00888,野生刀鲚/IMG_6396_0.jpg,600,800
wild_coilia_nasus__00889,野生刀鲚/IMG_6397_0.jpg,600,800
wild_coilia_nasus__00890,野生刀鲚/IMG_6398_0.jpg,600,800
wild_coilia_nasus__00891,野生刀鲚/IMG_6399_0.jpg,600,800
wild_coilia_nasus__00892,野生刀鲚/IMG_6400_0.jpg,600,800
wild_coilia_nasus__00893,野生刀鲚/IMG_6401_0.jpg,600,800
wild_coilia_nasus__00894,野生刀鲚/IMG_6402_0.jpg,600,800
wild_coilia_nasus__00895,野生刀鲚/IMG_6403_0.jpg,600,800
wild_coilia_nasus__00896,野生刀鲚/IMG_6404_0.jpg,600,800
wild_coilia_nasus__00897,野生刀鲚/IMG_6405_0.jpg,600,800
wild_coilia_nasus__00898,野生刀鲚/IMG_6406_0.jpg,600,800
wild_coilia_nasus__00899,野生刀鲚/IMG_6407_0.jpg,600,800
wild_coilia_nasus__00900,野生刀鲚/IMG_6408_0.jpg,600,800
wild_coilia_nasus__00901,野生刀鲚/IMG_6409_0.jpg,600,800
wild_coilia_nasus__00902,野生刀鲚/IMG_6410_0.jpg,600,800
wild_coilia_nasus__00903,野生刀鲚/IMG_6411_0.jpg,600,800
wild_coilia_nasus__00904,野生刀鲚/IMG_6412_0.jpg,600,800
wild_coilia_nasus__00905,野生刀鲚/IMG_6413_0.jpg,600,800
wild_coilia_nasus__00906,野生刀鲚/IMG_6414_0.jpg,600,800
wild_coilia_nasus__00907,野生刀鲚/IMG_6415_0.jpg,600,800
wild_coilia_nasus__00908,野生刀鲚/IMG_6416_0.jpg,600,800
wild_coilia_nasus__00909,野生刀鲚/IMG_6417_0.jpg,600,800
wild_coilia_nasus__00910,野生刀鲚/IMG_6418_0.jpg,600,800
wild_coilia_nasus__00911,野生刀鲚/IMG_6419_0.jpg,600,800
wild_coilia_nasus__00912,野生刀鲚/IMG_6420_0.jpg,600,800
wild_coilia_nasus__00913,野生刀鲚/IMG_6421_0.jpg,600,800
wild_coilia_nasus__00914,野生刀鲚/IMG_6422_0.jpg,600,800
wild_coilia_nasus__00915,野生刀鲚/IMG_6423_0.jpg,600,800
wild_coilia_nasus__00916,野生刀鲚/IMG_6424_0.jpg,600,800
wild_coilia_nasus__00917,野生刀鲚/IMG_6425_0.jpg,600,800
wild_coilia_nasus__00918,野生刀鲚/IMG_6426_0.jpg,600,800
wild_coilia_nasus__00919,野生刀鲚/IMG_6427_0.jpg,600,800
wild_coilia_nasus__00920,野生刀鲚/IMG_6428_0.jpg,600,800
wild_coilia_nasus__00921,野生刀鲚/IMG_6429_0.jpg,600,800
wild_coilia_nasus__00922,野生刀鲚/IMG_6430_0.jpg,600,800
wild_coilia_nasus__00923,野生刀鲚/IMG_6431_0.jpg,600,800
wild_coilia_nasus__00924,野生刀鲚/IMG_6432_0.jpg,600,800
wild_coilia_nasus__00925,野生刀鲚/IMG_6433_0.jpg,600,800
wild_coilia_nasus__00926,野生刀鲚/IMG_6434_0.jpg,600,800
wild_coilia_nasus__00927,野生刀鲚/IMG_6435_0.jpg,600,800
wild_coilia_nasus__00928,野生刀鲚/IMG_6436_0.jpg,600,800
wild_coilia_nasus__00929,野生刀鲚/IMG_6437_0.jpg,600,800
wild_coilia_nasus__00930,野生刀鲚/IMG_6438_0.jpg,600,800
wild_coilia_nasus__00931,野生刀鲚/IMG_6439_0.jpg,600,800
wild_coilia_nasus__00932,野生刀鲚/IMG_6440_0.jpg,600,800
wild_coilia_nasus__00933,野生刀鲚/IMG_6441_0.jpg,600,800
wild_coilia_nasus__00934,野生刀鲚/IMG_6442_0.jpg,600,800
wild_coilia_nasus__00935,野生刀鲚/IMG_6443_0.jpg,600,800
wild_coilia_nasus__00936,野生刀鲚/IMG_6444_0.jpg,600,800
wild_coilia_nasus__00937,野生刀鲚/IMG_6445_0.jpg,600,800
wild_coilia_nasus__00938,野生刀鲚/IMG_6446_0.jpg,600,800
wild_coilia_nasus__00939,野生刀鲚/IMG_6447_0.jpg,600,800
wild_coilia_nasus__00940,野生刀鲚/IMG_6448_0.jpg,600,800
wild_coilia_nasus__00941,野生刀鲚/IMG_6449_0.jpg,600,800
wild_coilia_nasus__00942,野生刀鲚/IMG_6547_0.jpg,600,800
wild_coilia_nasus__00943,野生刀鲚/IMG_6548_0.jpg,600,800
wild_coilia_nasus__00944,野生刀鲚/IMG_6549_0.jpg,600,800
wild_coilia_nasus__00945,野生刀鲚/IMG_6550_0.jpg,600,800
wild_coilia_nasus__00946,野生刀鲚/IMG_6551_0.jpg,600,800
wild_coilia_nasus__00947,野生刀鲚/IMG_6552_0.jpg,600,800
wild_coilia_nasus__00948,野生刀鲚/IMG_6553_0.jpg,600,800
wild_coilia_nasus__00949,野生刀鲚/IMG_6554_0.jpg,600,800
wild_coilia_nasus__00950,野生刀鲚/IMG_6555_0.jpg,600,800
wild_coilia_nasus__00951,野生刀鲚/IMG_6556_0.jpg,600,800
wild_coilia_nasus__00952,野生刀鲚/IMG_6557_0.jpg,600,800
wild_coilia_nasus__00953,野生刀鲚/IMG_6558_0.jpg,600,800
wild_coilia_nasus__00954,野生刀鲚/IMG_6559_0.jpg,600,800
wild_coilia_nasus__00955,野生刀鲚/IMG_6560_0.jpg,600,800
wild_coilia_nasus__00956,野生刀鲚/IMG_6561_0.jpg,600,800
wild_coilia_nasus__00957,野生刀鲚/IMG_6562_0.jpg,600,800
wild_coilia_nasus__00958,野生刀鲚/IMG_6563_0.jpg,600,800
wild_coilia_nasus__00959,野生刀鲚/IMG_6564_0.jpg,600,800
wild_coilia_nasus__00960,野生刀鲚/IMG_6565_0.jpg,600,800
wild_coilia_nasus__00961,野生刀鲚/IMG_6566_0.jpg,600,800
wild_coilia_nasus__00962,野生刀鲚/IMG_6567_0.jpg,600,800
wild_coilia_nasus__00963,野生刀鲚/IMG_6568_0.jpg,600,800
wild_coilia_nasus__00964,野生刀鲚/IMG_6569_0.jpg,600,800
wild_coilia_nasus__00965,野生刀鲚/IMG_6570_0.jpg,600,800
wild_coilia_nasus__00966,野生刀鲚/IMG_6571_0.jpg,600,800
wild_coilia_nasus__00967,野生刀鲚/IMG_6572_0.jpg,600,800
wild_coilia_nasus__00968,野生刀鲚/IMG_6573_0.jpg,600,800
wild_coilia_nasus__00969,野生刀鲚/IMG_6574_0.jpg,600,800
wild_coilia_nasus__00970,野生刀鲚/IMG_6584_0.jpg,600,800
wild_coilia_nasus__00971,野生刀鲚/IMG_6585_0.jpg,600,800
wild_coilia_nasus__00972,野生刀鲚/IMG_6586_0.jpg,600,800
wild_coilia_nasus__00973,野生刀鲚/IMG_6587_0.jpg,600,800
wild_coilia_nasus__00974,野生刀鲚/IMG_6588_0.jpg,600,800
wild_coilia_nasus__00975,野生刀鲚/IMG_6589_0.jpg,600,800
wild_coilia_nasus__00976,野生刀鲚/IMG_6590_0.jpg,600,800
wild_coilia_nasus__00977,野生刀鲚/IMG_6591_0.jpg,600,800
wild_coilia_nasus__00978,野生刀鲚/IMG_6592_0.jpg,600,800
wild_coilia_nasus__00979,野生刀鲚/IMG_6593_0.jpg,600,800
wild_coilia_nasus__00980,野生刀鲚/IMG_6594_0.jpg,600,800
wild_coilia_nasus__00981,野生刀鲚/IMG_6595_0.jpg,600,800
wild_coilia_nasus__00982,野生刀鲚/IMG_6596_0.jpg,600,800
wild_coilia_nasus__00983,野生刀鲚/IMG_6597_0.jpg,600,800
wild_coilia_nasus__00984,野生刀鲚/IMG_6598_0.jpg,600,800
wild_coilia_nasus__00985,野生刀鲚/IMG_6599_0.jpg,600,800
wild_coilia_nasus__00986,野生刀鲚/IMG_6600_0.jpg,600,800
wild_coilia_nasus__00987,野生刀鲚/IMG_6601_0.jpg,600,800
wild_coilia_nasus__00988,野生刀鲚/IMG_6602_0.jpg,600,800
wild_coilia_nasus__00989,野生刀鲚/IMG_6603_0.jpg,600,800
wild_coilia_nasus__00990,野生刀鲚/IMG_6604_0.jpg,600,800
wild_coilia_nasus__00991,野生刀鲚/IMG_6605_0.jpg,600,800
wild_coilia_nasus__00992,野生刀鲚/IMG_6606_0.jpg,600,800
wild_coilia_nasus__00993,野生刀鲚/IMG_6607_0.jpg,600,800
wild_coilia_nasus__00994,野生刀鲚/IMG_6608_0.jpg,600,800
wild_coilia_nasus__00995,野生刀鲚/IMG_6609_0.jpg,600,800
wild_coilia_nasus__00996,野生刀鲚/IMG_6610_0.jpg,600,800
wild_coilia_nasus__00997,野生刀鲚/IMG_6611_0.jpg,600,800
wild_coilia_nasus__00998,野生刀鲚/IMG_6612_0.jpg,600,800
wild_coilia_nasus__00999,野生刀鲚/IMG_6613_0.jpg,600,800
wild_coilia_nasus__01000,野生刀鲚/IMG_6614_0.jpg,600,800
wild_coilia_nasus__01001,野生刀鲚/IMG_6615_0.jpg,600,800
wild_coilia_nasus__01002,野生刀鲚/IMG_6616_0.jpg,600,800
wild_coilia_nasus__01003,野生刀鲚/IMG_6617_0.jpg,600,800
wild_coilia_nasus__01004,野生刀鲚/IMG_6618_0.jpg,600,800
wild_coilia_nasus__01005,野生刀鲚/IMG_6619_0.jpg,600,800
wild_coilia_nasus__01006,野生刀鲚/IMG_6620_0.jpg,600,800
wild_coilia_nasus__01007,野生刀鲚/IMG_6621_0.jpg,600,800
wild_coilia_nasus__01008,野生刀鲚/IMG_6622_0.jpg,600,800
wild_coilia_nasus__01009,野生刀鲚/IMG_6623_0.jpg,600,800
wild_coilia_nasus__01010,野生刀鲚/IMG_6624_0.jpg,600,800
wild_coilia_nasus__01011,野生刀鲚/IMG_6625_0.jpg,600,800
wild_coilia_nasus__01012,野生刀鲚/IMG_6626_0.jpg,600,800
wild_coilia_nasus__01013,野生刀鲚/IMG_6627_0.jpg,600,800
wild_coilia_nasus__01014,野生刀鲚/IMG_6628_0.jpg,600,800
wild_coilia_nasus__01015,野生刀鲚/IMG_6629_0.jpg,600,800
wild_coilia_nasus__01016,野生刀鲚/IMG_6630_0.jpg,600,800
wild_coilia_nasus__01017,野生刀鲚/IMG_6631_0.jpg,600,800
wild_coilia_nasus__01018,野生刀鲚/IMG_6632_0.jpg,600,800
wild_coilia_nasus__01019,野生刀鲚/IMG_6633_0.jpg,600,800
wild_coilia_nasus__01020,野生刀鲚/MVIMG_20240611_172219_0.jpg,600,800
wild_coilia_nasus__01021,野生刀鲚/MVIMG_20240611_172253_0.jpg,600,800
wild_coilia_nasus__01022,野生刀鲚/MVIMG_20240612_162554_0.jpg,800,600
wild_coilia_nasus__01023,野生刀鲚/MVIMG_20240612_162709_0.jpg,800,600
wild_coilia_nasus__01024,野生刀鲚/MVIMG_20240612_162742_0.jpg,800,600
wild_coilia_nasus__01025,野生刀鲚/MVIMG_20240612_162845_0.jpg,600,800
wild_coilia_nasus__01026,野生刀鲚/MVIMG_20240612_162849_0.jpg,600,800
wild_coilia_nasus__01027,野生刀鲚/MVIMG_20240612_162937_0.jpg,600,800
wild_coilia_nasus__01028,野生刀鲚/MVIMG_20240612_163049_0.jpg,600,800
wild_coilia_nasus__01029,野生刀鲚/MVIMG_20240612_163156_0.jpg,600,800
wild_coilia_nasus__01030,野生刀鲚/MVIMG_20240612_163255_0.jpg,600,800
wild_coilia_nasus__01031,野生刀鲚/MVIMG_20240612_163354_0.jpg,600,800
wild_coilia_nasus__01032,野生刀鲚/MVIMG_20240612_163558_0.jpg,600,800
wild_coilia_nasus__01033,野生刀鲚/MVIMG_20240612_163622_0.jpg,600,800
wild_coilia_nasus__01034,野生刀鲚/MVIMG_20240612_163700_0.jpg,600,800
wild_coilia_nasus__01035,野生刀鲚/MVIMG_20240612_163918_0.jpg,800,600
wild_coilia_nasus__01036,野生刀鲚/MVIMG_20240612_163934_0.jpg,800,600
wild_coilia_nasus__01037,野生刀鲚/MVIMG_20240612_164022_0.jpg,600,800
wild_coilia_nasus__01038,野生刀鲚/MVIMG_20240612_164056_0.jpg,600,800
wild_coilia_nasus__01039,野生刀鲚/MVIMG_20240612_164119_0.jpg,600,800
wild_coilia_nasus__01040,野生刀鲚/MVIMG_20240612_164145_0.jpg,600,800
wild_coilia_nasus__01041,野生刀鲚/MVIMG_20240612_164204_0.jpg,600,800
wild_coilia_nasus__01042,野生刀鲚/MVIMG_20240612_164307_0.jpg,600,800
wild_coilia_nasus__01043,野生刀鲚/MVIMG_20240612_180547_0.jpg,600,800
wild_coilia_nasus__01044,野生刀鲚/MVIMG_20240612_180617_0.jpg,600,800
wild_coilia_nasus__01045,野生刀鲚/MVIMG_20240612_180632_0.jpg,600,800
wild_coilia_nasus__01046,野生刀鲚/MVIMG_20240612_180657_0.jpg,600,800
wild_coilia_nasus__01047,野生刀鲚/MVIMG_20240612_180712_0.jpg,600,800
wild_coilia_nasus__01048,野生刀鲚/MVIMG_20240612_180743_0.jpg,600,800
wild_coilia_nasus__01049,野生刀鲚/MVIMG_20240612_180803_0.jpg,600,800
wild_coilia_nasus__01050,野生刀鲚/MVIMG_20240612_180816_0.jpg,600,800
wild_coilia_nasus__01051,野生刀鲚/MVIMG_20240612_180827_0.jpg,600,800
wild_coilia_nasus__01052,野生刀鲚/MVIMG_20240612_180843_0.jpg,600,800
wild_coilia_nasus__01053,野生刀鲚/MVIMG_20240612_180901_0.jpg,600,800
wild_coilia_nasus__01054,野生刀鲚/MVIMG_20240612_180916_0.jpg,600,800
wild_coilia_nasus__01055,野生刀鲚/MVIMG_20240612_183936_0.jpg,600,800
wild_coilia_nasus__01056,野生刀鲚/MVIMG_20240612_183952_0.jpg,600,800
wild_coilia_nasus__01057,野生刀鲚/MVIMG_20240612_184013_0.jpg,600,800
wild_coilia_nasus__01058,野生刀鲚/MVIMG_20240612_184048_0.jpg,600,800
wild_coilia_nasus__01059,野生刀鲚/MVIMG_20240612_184105_0.jpg,600,800
wild_coilia_nasus__01060,野生刀鲚/MVIMG_20240612_184120_0.jpg,600,800
wild_coilia_nasus__01061,野生刀鲚/MVIMG_20240612_184131_0.jpg,600,800
wild_coilia_nasus__01062,野生刀鲚/MVIMG_20240612_184144_0.jpg,600,800
wild_coilia_nasus__01063,野生刀鲚/MVIMG_20240612_184154_0.jpg,600,800
wild_coilia_nasus__01064,野生刀鲚/MVIMG_20240612_184208_0.jpg,600,800
wild_coilia_nasus__01065,野生刀鲚/MVIMG_20240612_184223_0.jpg,600,800
wild_coilia_nasus__01066,野生刀鲚/MVIMG_20240612_184242_0.jpg,600,800
wild_coilia_nasus__01067,野生刀鲚/MVIMG_20240612_184304_0.jpg,600,800
wild_coilia_nasus__01068,野生刀鲚/MVIMG_20240612_184314_0.jpg,600,800
wild_coilia_nasus__01069,野生刀鲚/MVIMG_20240612_184353_0.jpg,600,800
wild_coilia_nasus__01070,野生刀鲚/MVIMG_20240612_184424_0.jpg,600,800
wild_coilia_nasus__01071,野生刀鲚/MVIMG_20240612_184444_0.jpg,600,800
wild_coilia_nasus__01072,野生刀鲚/MVIMG_20240612_184514_0.jpg,600,800
wild_coilia_nasus__01073,野生刀鲚/MVIMG_20240612_184537_0.jpg,600,800
wild_coilia_nasus__01074,野生刀鲚/MVIMG_20240612_184552_0.jpg,600,800
wild_coilia_nasus__01075,野生刀鲚/MVIMG_20240612_184613_0.jpg,600,800
wild_coilia_nasus__01076,野生刀鲚/MVIMG_20240612_184644_0.jpg,600,800
wild_coilia_nasus__01077,野生刀鲚/MVIMG_20240612_184658_0.jpg,600,800
wild_coilia_nasus__01078,野生刀鲚/MVIMG_20240612_184717_0.jpg,600,800
wild_coilia_nasus__01079,野生刀鲚/MVIMG_20240612_184757_0.jpg,600,800
wild_coilia_nasus__01080,野生刀鲚/MVIMG_20240612_184820_0.jpg,600,800
wild_coilia_nasus__01081,野生刀鲚/MVIMG_20240612_184834_0.jpg,600,800
wild_coilia_nasus__01082,野生刀鲚/MVIMG_20240612_184844_0.jpg,600,800
wild_coilia_nasus__01083,野生刀鲚/MVIMG_20240612_184846_0.jpg,600,800
wild_coilia_nasus__01084,野生刀鲚/MVIMG_20240612_184858_0.jpg,600,800
wild_coilia_nasus__01085,野生刀鲚/MVIMG_20240612_184915_0.jpg,600,800
wild_coilia_nasus__01086,野生刀鲚/MVIMG_20240612_184927_0.jpg,600,800
wild_coilia_nasus__01087,野生刀鲚/MVIMG_20240612_184938_0.jpg,600,800
wild_coilia_nasus__01088,野生刀鲚/MVIMG_20240613_183343_0.jpg,600,800
wild_coilia_nasus__01089,野生刀鲚/MVIMG_20240613_183359_0.jpg,600,800
wild_coilia_nasus__01090,野生刀鲚/MVIMG_20240613_183415_0.jpg,600,800
wild_coilia_nasus__01091,野生刀鲚/MVIMG_20240613_183434_0.jpg,600,800
wild_coilia_nasus__01092,野生刀鲚/MVIMG_20240613_183448_0.jpg,600,800
wild_coilia_nasus__01093,野生刀鲚/MVIMG_20240613_183503_0.jpg,600,800
wild_coilia_nasus__01094,野生刀鲚/MVIMG_20240613_183513_0.jpg,600,800
wild_coilia_nasus__01095,野生刀鲚/MVIMG_20240613_183528_0.jpg,600,800
wild_coilia_nasus__01096,野生刀鲚/MVIMG_20240613_183554_0.jpg,600,800
wild_coilia_nasus__01097,野生刀鲚/MVIMG_20240613_183606_0.jpg,600,800
wild_coilia_nasus__01098,野生刀鲚/MVIMG_20240613_183627_0.jpg,600,800
wild_coilia_nasus__01099,野生刀鲚/MVIMG_20240613_183637_0.jpg,600,800
wild_coilia_nasus__01100,野生刀鲚/MVIMG_20240613_183648_0.jpg,600,800
wild_coilia_nasus__01101,野生刀鲚/MVIMG_20240613_183702_0.jpg,600,800
wild_coilia_nasus__01102,野生刀鲚/MVIMG_20240613_183741_0.jpg,600,800
wild_coilia_nasus__01103,野生刀鲚/MVIMG_20240613_183756_0.jpg,600,800
wild_coilia_nasus__01104,野生刀鲚/MVIMG_20240613_183815_0.jpg,600,800
wild_coilia_nasus__01105,野生刀鲚/MVIMG_20240613_183834_0.jpg,600,800
wild_coilia_nasus__01106,野生刀鲚/MVIMG_20240613_183850_0.jpg,600,800
wild_coilia_nasus__01107,野生刀鲚/MVIMG_20240613_183947_0.jpg,600,800
wild_coilia_nasus__01108,野生刀鲚/MVIMG_20240613_184003_0.jpg,600,800
wild_coilia_nasus__01109,野生刀鲚/MVIMG_20240613_184017_0.jpg,600,800
wild_coilia_nasus__01110,野生刀鲚/MVIMG_20240613_184039_0.jpg,600,800
wild_coilia_nasus__01111,野生刀鲚/MVIMG_20240613_184058_0.jpg,600,800
wild_coilia_nasus__01112,野生刀鲚/wx_camera_1717314721122_0.jpg,450,800
wild_coilia_nasus__01113,野生刀鲚/yeshengdaoji (1)_0.jpg,600,800
wild_coilia_nasus__01114,野生刀鲚/yeshengdaoji (10)_0.jpg,600,800
wild_coilia_nasus__01115,野生刀鲚/yeshengdaoji (100)_0.jpg,800,600
wild_coilia_nasus__01116,野生刀鲚/yeshengdaoji (101)_0.jpg,800,600
wild_coilia_nasus__01117,野生刀鲚/yeshengdaoji (102)_0.jpg,800,600
wild_coilia_nasus__01118,野生刀鲚/yeshengdaoji (103)_0.jpg,800,600
wild_coilia_nasus__01119,野生刀鲚/yeshengdaoji (104)_0.jpg,800,600
wild_coilia_nasus__01120,野生刀鲚/yeshengdaoji (105)_0.jpg,800,600
wild_coilia_nasus__01121,野生刀鲚/yeshengdaoji (106)_0.jpg,800,600
wild_coilia_nasus__01122,野生刀鲚/yeshengdaoji (107)_0.jpg,800,600
wild_coilia_nasus__01123,野生刀鲚/yeshengdaoji (108)_0.jpg,800,600
wild_coilia_nasus__01124,野生刀鲚/yeshengdaoji (109)_0.jpg,800,600
wild_coilia_nasus__01125,野生刀鲚/yeshengdaoji (11)_0.jpg,600,800
wild_coilia_nasus__01126,野生刀鲚/yeshengdaoji (110)_0.jpg,800,600
wild_coilia_nasus__01127,野生刀鲚/yeshengdaoji (111)_0.jpg,800,600
wild_coilia_nasus__01128,野生刀鲚/yeshengdaoji (112)_0.jpg,800,600
wild_coilia_nasus__01129,野生刀鲚/yeshengdaoji (113)_0.jpg,800,600
wild_coilia_nasus__01130,野生刀鲚/yeshengdaoji (114)_0.jpg,800,600
wild_coilia_nasus__01131,野生刀鲚/yeshengdaoji (115)_0.jpg,800,600
wild_coilia_nasus__01132,野生刀鲚/yeshengdaoji (116)_0.jpg,800,600
wild_coilia_nasus__01133,野生刀鲚/yeshengdaoji (117)_0.jpg,800,600
wild_coilia_nasus__01134,野生刀鲚/yeshengdaoji (118)_0.jpg,800,600
wild_coilia_nasus__01135,野生刀鲚/yeshengdaoji (119)_0.jpg,800,600
wild_coilia_nasus__01136,野生刀鲚/yeshengdaoji (12)_0.jpg,600,800
wild_coilia_nasus__01137,野生刀鲚/yeshengdaoji (120)_0.jpg,800,600
wild_coilia_nasus__01138,野生刀鲚/yeshengdaoji (121)_0.jpg,800,600
wild_coilia_nasus__01139,野生刀鲚/yeshengdaoji (122)_0.jpg,800,600
wild_coilia_nasus__01140,野生刀鲚/yeshengdaoji (123)_0.jpg,800,600
wild_coilia_nasus__01141,野生刀鲚/yeshengdaoji (124)_0.jpg,800,600
wild_coilia_nasus__01142,野生刀鲚/yeshengdaoji (125)_0.jpg,800,600
wild_coilia_nasus__01143,野生刀鲚/yeshengdaoji (126)_0.jpg,800,600
wild_coilia_nasus__01144,野生刀鲚/yeshengdaoji (127)_0.jpg,800,600
wild_coilia_nasus__01145,野生刀鲚/yeshengdaoji (128)_0.jpg,800,600
wild_coilia_nasus__01146,野生刀鲚/yeshengdaoji (129)_0.jpg,800,600
wild_coilia_nasus__01147,野生刀鲚/yeshengdaoji (13)_0.jpg,600,800
wild_coilia_nasus__01148,野生刀鲚/yeshengdaoji (130)_0.jpg,800,600
wild_coilia_nasus__01149,野生刀鲚/yeshengdaoji (131)_0.jpg,800,600
wild_coilia_nasus__01150,野生刀鲚/yeshengdaoji (132)_0.jpg,800,600
wild_coilia_nasus__01151,野生刀鲚/yeshengdaoji (133)_0.jpg,800,600
wild_coilia_nasus__01152,野生刀鲚/yeshengdaoji (134)_0.jpg,800,600
wild_coilia_nasus__01153,野生刀鲚/yeshengdaoji (135)_0.jpg,800,600
wild_coilia_nasus__01154,野生刀鲚/yeshengdaoji (136)_0.jpg,800,600
wild_coilia_nasus__01155,野生刀鲚/yeshengdaoji (137)_0.jpg,800,600
wild_coilia_nasus__01156,野生刀鲚/yeshengdaoji (138)_0.jpg,800,600
wild_coilia_nasus__01157,野生刀鲚/yeshengdaoji (139)_0.jpg,800,600
wild_coilia_nasus__01158,野生刀鲚/yeshengdaoji (14)_0.jpg,600,800
wild_coilia_nasus__01159,野生刀鲚/yeshengdaoji (140)_0.jpg,800,600
wild_coilia_nasus__01160,野生刀鲚/yeshengdaoji (141)_0.jpg,800,600
wild_coilia_nasus__01161,野生刀鲚/yeshengdaoji (142)_0.jpg,600,800
wild_coilia_nasus__01162,野生刀鲚/yeshengdaoji (143)_0.jpg,600,800
wild_coilia_nasus__01163,野生刀鲚/yeshengdaoji (144)_0.jpg,600,800
wild_coilia_nasus__01164,野生刀鲚/yeshengdaoji (15)_0.jpg,600,800
wild_coilia_nasus__01165,野生刀鲚/yeshengdaoji (16)_0.jpg,600,800
wild_coilia_nasus__01166,野生刀鲚/yeshengdaoji (17)_0.jpg,600,800
wild_coilia_nasus__01167,野生刀鲚/yeshengdaoji (18)_0.jpg,600,800
wild_coilia_nasus__01168,野生刀鲚/yeshengdaoji (19)_0.jpg,600,800
wild_coilia_nasus__01169,野生刀鲚/yeshengdaoji (2)_0.jpg,600,800
wild_coilia_nasus__01170,野生刀鲚/yeshengdaoji (20)_0.jpg,800,600
wild_coilia_nasus__01171,野生刀鲚/yeshengdaoji (21)_0.jpg,800,600
wild_coilia_nasus__01172,野生刀鲚/yeshengdaoji (22)_0.jpg,800,600
wild_coilia_nasus__01173,野生刀鲚/yeshengdaoji (23)_0.jpg,800,600
wild_coilia_nasus__01174,野生刀鲚/yeshengdaoji (24)_0.jpg,800,600
wild_coilia_nasus__01175,野生刀鲚/yeshengdaoji (25)_0.jpg,800,600
wild_coilia_nasus__01176,野生刀鲚/yeshengdaoji (26)_0.jpg,800,600
wild_coilia_nasus__01177,野生刀鲚/yeshengdaoji (27)_0.jpg,800,600
wild_coilia_nasus__01178,野生刀鲚/yeshengdaoji (28)_0.jpg,800,600
wild_coilia_nasus__01179,野生刀鲚/yeshengdaoji (29)_0.jpg,800,600
wild_coilia_nasus__01180,野生刀鲚/yeshengdaoji (3)_0.jpg,800,600
wild_coilia_nasus__01181,野生刀鲚/yeshengdaoji (30)_0.jpg,800,600
wild_coilia_nasus__01182,野生刀鲚/yeshengdaoji (31)_0.jpg,800,600
wild_coilia_nasus__01183,野生刀鲚/yeshengdaoji (32)_0.jpg,800,600
wild_coilia_nasus__01184,野生刀鲚/yeshengdaoji (33)_0.jpg,800,600
wild_coilia_nasus__01185,野生刀鲚/yeshengdaoji (34)_0.jpg,800,600
wild_coilia_nasus__01186,野生刀鲚/yeshengdaoji (35)_0.jpg,800,600
wild_coilia_nasus__01187,野生刀鲚/yeshengdaoji (36)_0.jpg,800,600
wild_coilia_nasus__01188,野生刀鲚/yeshengdaoji (37)_0.jpg,800,600
wild_coilia_nasus__01189,野生刀鲚/yeshengdaoji (38)_0.jpg,800,600
wild_coilia_nasus__01190,野生刀鲚/yeshengdaoji (39)_0.jpg,800,600
wild_coilia_nasus__01191,野生刀鲚/yeshengdaoji (4)_0.jpg,600,800
wild_coilia_nasus__01192,野生刀鲚/yeshengdaoji (40)_0.jpg,800,600
wild_coilia_nasus__01193,野生刀鲚/yeshengdaoji (41)_0.jpg,800,600
wild_coilia_nasus__01194,野生刀鲚/yeshengdaoji (42)_0.jpg,800,600
wild_coilia_nasus__01195,野生刀鲚/yeshengdaoji (43)_0.jpg,800,600
wild_coilia_nasus__01196,野生刀鲚/yeshengdaoji (44)_0.jpg,800,600
wild_coilia_nasus__01197,野生刀鲚/yeshengdaoji (45)_0.jpg,800,600
wild_coilia_nasus__01198,野生刀鲚/yeshengdaoji (46)_0.jpg,800,600
wild_coilia_nasus__01199,野生刀鲚/yeshengdaoji (47)_0.jpg,800,600
wild_coilia_nasus__01200,野生刀鲚/yeshengdaoji (48)_0.jpg,800,600
wild_coilia_nasus__01201,野生刀鲚/yeshengdaoji (49)_0.jpg,800,600
wild_coilia_nasus__01202,野生刀鲚/yeshengdaoji (5)_0.jpg,600,800
wild_coilia_nasus__01203,野生刀鲚/yeshengdaoji (50)_0.jpg,800,600
wild_coilia_nasus__01204,野生刀鲚/yeshengdaoji (51)_0.jpg,800,600
wild_coilia_nasus__01205,野生刀鲚/yeshengdaoji (52)_0.jpg,800,600
wild_coilia_nasus__01206,野生刀鲚/yeshengdaoji (53)_0.jpg,800,600
wild_coilia_nasus__01207,野生刀鲚/yeshengdaoji (54)_0.jpg,800,600
wild_coilia_nasus__01208,野生刀鲚/yeshengdaoji (55)_0.jpg,800,600
wild_coilia_nasus__01209,野生刀鲚/yeshengdaoji (56)_0.jpg,800,600
wild_coilia_nasus__01210,野生刀鲚/yeshengdaoji (57)_0.jpg,800,600
wild_coilia_nasus__01211,野生刀鲚/yeshengdaoji (58)_0.jpg,800,600
wild_coilia_nasus__01212,野生刀鲚/yeshengdaoji (59)_0.jpg,800,600
wild_coilia_nasus__01213,野生刀鲚/yeshengdaoji (6)_0.jpg,600,800
wild_coilia_nasus__01214,野生刀鲚/yeshengdaoji (60)_0.jpg,800,600
wild_coilia_nasus__01215,野生刀鲚/yeshengdaoji (61)_0.jpg,800,600
wild_coilia_nasus__01216,野生刀鲚/yeshengdaoji (62)_0.jpg,800,600
wild_coilia_nasus__01217,野生刀鲚/yeshengdaoji (63)_0.jpg,800,600
wild_coilia_nasus__01218,野生刀鲚/yeshengdaoji (64)_0.jpg,800,600
wild_coilia_nasus__01219,野生刀鲚/yeshengdaoji (65)_0.jpg,800,600
wild_coilia_nasus__01220,野生刀鲚/yeshengdaoji (66)_0.jpg,800,600
wild_coilia_nasus__01221,野生刀鲚/yeshengdaoji (67)_0.jpg,800,600
wild_coilia_nasus__01222,野生刀鲚/yeshengdaoji (68)_0.jpg,800,600
wild_coilia_nasus__01223,野生刀鲚/yeshengdaoji (69)_0.jpg,800,600
wild_coilia_nasus__01224,野生刀鲚/yeshengdaoji (7)_0.jpg,600,800
wild_coilia_nasus__01225,野生刀鲚/yeshengdaoji (70)_0.jpg,600,800
wild_coilia_nasus__01226,野生刀鲚/yeshengdaoji (71)_0.jpg,600,800
wild_coilia_nasus__01227,野生刀鲚/yeshengdaoji (72)_0.jpg,600,800
wild_coilia_nasus__01228,野生刀鲚/yeshengdaoji (73)_0.jpg,600,800
wild_coilia_nasus__01229,野生刀鲚/yeshengdaoji (74)_0.jpg,600,800
wild_coilia_nasus__01230,野生刀鲚/yeshengdaoji (75)_0.jpg,600,800
wild_coilia_nasus__01231,野生刀鲚/yeshengdaoji (76)_0.jpg,600,800
wild_coilia_nasus__01232,野生刀鲚/yeshengdaoji (77)_0.jpg,600,800
wild_coilia_nasus__01233,野生刀鲚/yeshengdaoji (78)_0.jpg,600,800
wild_coilia_nasus__01234,野生刀鲚/yeshengdaoji (79)_0.jpg,600,800
wild_coilia_nasus__01235,野生刀鲚/yeshengdaoji (8)_0.jpg,600,800
wild_coilia_nasus__01236,野生刀鲚/yeshengdaoji (80)_0.jpg,600,800
wild_coilia_nasus__01237,野生刀鲚/yeshengdaoji (81)_0.jpg,600,800
wild_coilia_nasus__01238,野生刀鲚/yeshengdaoji (82)_0.jpg,600,800
wild_coilia_nasus__01239,野生刀鲚/yeshengdaoji (83)_0.jpg,600,800
wild_coilia_nasus__01240,野生刀鲚/yeshengdaoji (84)_0.jpg,600,800
wild_coilia_nasus__01241,野生刀鲚/yeshengdaoji (85)_0.jpg,600,800
wild_coilia_nasus__01242,野生刀鲚/yeshengdaoji (86)_0.jpg,600,800
wild_coilia_nasus__01243,野生刀鲚/yeshengdaoji (87)_0.jpg,600,800
wild_coilia_nasus__01244,野生刀鲚/yeshengdaoji (88)_0.jpg,600,800
wild_coilia_nasus__01245,野生刀鲚/yeshengdaoji (89)_0.jpg,600,800
wild_coilia_nasus__01246,野生刀鲚/yeshengdaoji (9)_0.jpg,600,800
wild_coilia_nasus__01247,野生刀鲚/yeshengdaoji (90)_0.jpg,600,800
wild_coilia_nasus__01248,野生刀鲚/yeshengdaoji (91)_0.jpg,600,800
wild_coilia_nasus__01249,野生刀鲚/yeshengdaoji (92)_0.jpg,800,600
wild_coilia_nasus__01250,野生刀鲚/yeshengdaoji (93)_0.jpg,800,600
wild_coilia_nasus__01251,野生刀鲚/yeshengdaoji (94)_0.jpg,800,600
wild_coilia_nasus__01252,野生刀鲚/yeshengdaoji (95)_0.jpg,800,600
wild_coilia_nasus__01253,野生刀鲚/yeshengdaoji (96)_0.jpg,800,600
wild_coilia_nasus__01254,野生刀鲚/yeshengdaoji (97)_0.jpg,800,600
wild_coilia_nasus__01255,野生刀鲚/yeshengdaoji (98)_0.jpg,800,600
wild_coilia_nasus__01256,野生刀鲚/yeshengdaoji (99)_0.jpg,800,600
wild_culter_alburnus__00001,野生翘嘴鲌/yeshengbo     (1)_0.jpg,800,533
wild_culter_alburnus__00002,野生翘嘴鲌/yeshengbo     (10)_0.jpg,800,533
wild_culter_alburnus__00003,野生翘嘴鲌/yeshengbo     (100)_0.jpg,600,800
wild_culter_alburnus__00004,野生翘嘴鲌/yeshengbo     (101)_0.jpg,600,800
wild_culter_alburnus__00005,野生翘嘴鲌/yeshengbo     (102)_0.jpg,600,800
wild_culter_alburnus__00006,野生翘嘴鲌/yeshengbo     (103)_0.jpg,600,800
wild_culter_alburnus__00007,野生翘嘴鲌/yeshengbo     (104)_0.jpg,600,800
wild_culter_alburnus__00008,野生翘嘴鲌/yeshengbo     (105)_0.jpg,600,800
wild_culter_alburnus__00009,野生翘嘴鲌/yeshengbo     (106)_0.jpg,800,396
wild_culter_alburnus__00010,野生翘嘴鲌/yeshengbo     (107)_0.jpg,800,533
wild_culter_alburnus__00011,野生翘嘴鲌/yeshengbo     (108)_0.jpg,800,533
wild_culter_alburnus__00012,野生翘嘴鲌/yeshengbo     (109)_0.jpg,799,441
wild_culter_alburnus__00013,野生翘嘴鲌/yeshengbo     (11)_0.jpg,800,533
wild_culter_alburnus__00014,野生翘嘴鲌/yeshengbo     (110)_0.jpg,800,263
wild_culter_alburnus__00015,野生翘嘴鲌/yeshengbo     (111)_0.jpg,800,261
wild_culter_alburnus__00016,野生翘嘴鲌/yeshengbo     (112)_0.jpg,800,600
wild_culter_alburnus__00017,野生翘嘴鲌/yeshengbo     (113)_0.jpg,800,600
wild_culter_alburnus__00018,野生翘嘴鲌/yeshengbo     (114)_0.jpg,800,600
wild_culter_alburnus__00019,野生翘嘴鲌/yeshengbo     (115)_0.jpg,600,800
wild_culter_alburnus__00020,野生翘嘴鲌/yeshengbo     (116)_0.jpg,600,800
wild_culter_alburnus__00021,野生翘嘴鲌/yeshengbo     (117)_0.jpg,800,600
wild_culter_alburnus__00022,野生翘嘴鲌/yeshengbo     (118)_0.jpg,800,600
wild_culter_alburnus__00023,野生翘嘴鲌/yeshengbo     (119)_0.jpg,600,800
wild_culter_alburnus__00024,野生翘嘴鲌/yeshengbo     (12)_0.jpg,800,533
wild_culter_alburnus__00025,野生翘嘴鲌/yeshengbo     (120)_0.jpg,800,600
wild_culter_alburnus__00026,野生翘嘴鲌/yeshengbo     (121)_0.jpg,600,800
wild_culter_alburnus__00027,野生翘嘴鲌/yeshengbo     (122)_0.jpg,800,360
wild_culter_alburnus__00028,野生翘嘴鲌/yeshengbo     (123)_0.jpg,600,800
wild_culter_alburnus__00029,野生翘嘴鲌/yeshengbo     (124)_0.jpg,800,600
wild_culter_alburnus__00030,野生翘嘴鲌/yeshengbo     (125)_0.jpg,800,318
wild_culter_alburnus__00031,野生翘嘴鲌/yeshengbo     (126)_0.jpg,800,600
wild_culter_alburnus__00032,野生翘嘴鲌/yeshengbo     (13)_0.jpg,800,533
wild_culter_alburnus__00033,野生翘嘴鲌/yeshengbo     (14)_0.jpg,800,533
wild_culter_alburnus__00034,野生翘嘴鲌/yeshengbo     (15)_0.jpg,800,533
wild_culter_alburnus__00035,野生翘嘴鲌/yeshengbo     (16)_0.jpg,800,533
wild_culter_alburnus__00036,野生翘嘴鲌/yeshengbo     (17)_0.jpg,800,533
wild_culter_alburnus__00037,野生翘嘴鲌/yeshengbo     (18)_0.jpg,800,533
wild_culter_alburnus__00038,野生翘嘴鲌/yeshengbo     (19)_0.jpg,800,533
wild_culter_alburnus__00039,野生翘嘴鲌/yeshengbo     (2)_0.jpg,800,533
wild_culter_alburnus__00040,野生翘嘴鲌/yeshengbo     (20)_0.jpg,800,533
wild_culter_alburnus__00041,野生翘嘴鲌/yeshengbo     (21)_0.jpg,800,533
wild_culter_alburnus__00042,野生翘嘴鲌/yeshengbo     (22)_0.jpg,800,533
wild_culter_alburnus__00043,野生翘嘴鲌/yeshengbo     (23)_0.jpg,800,533
wild_culter_alburnus__00044,野生翘嘴鲌/yeshengbo     (24)_0.jpg,800,533
wild_culter_alburnus__00045,野生翘嘴鲌/yeshengbo     (25)_0.jpg,800,600
wild_culter_alburnus__00046,野生翘嘴鲌/yeshengbo     (26)_0.jpg,800,600
wild_culter_alburnus__00047,野生翘嘴鲌/yeshengbo     (27)_0.jpg,800,600
wild_culter_alburnus__00048,野生翘嘴鲌/yeshengbo     (28)_0.jpg,800,600
wild_culter_alburnus__00049,野生翘嘴鲌/yeshengbo     (29)_0.jpg,800,600
wild_culter_alburnus__00050,野生翘嘴鲌/yeshengbo     (3)_0.jpg,800,533
wild_culter_alburnus__00051,野生翘嘴鲌/yeshengbo     (30)_0.jpg,600,800
wild_culter_alburnus__00052,野生翘嘴鲌/yeshengbo     (31)_0.jpg,800,600
wild_culter_alburnus__00053,野生翘嘴鲌/yeshengbo     (32)_0.jpg,800,600
wild_culter_alburnus__00054,野生翘嘴鲌/yeshengbo     (33)_0.jpg,800,600
wild_culter_alburnus__00055,野生翘嘴鲌/yeshengbo     (34)_0.jpg,800,533
wild_culter_alburnus__00056,野生翘嘴鲌/yeshengbo     (35)_0.jpg,800,533
wild_culter_alburnus__00057,野生翘嘴鲌/yeshengbo     (36)_0.jpg,800,533
wild_culter_alburnus__00058,野生翘嘴鲌/yeshengbo     (37)_0.jpg,800,533
wild_culter_alburnus__00059,野生翘嘴鲌/yeshengbo     (38)_0.jpg,800,533
wild_culter_alburnus__00060,野生翘嘴鲌/yeshengbo     (39)_0.jpg,800,533
wild_culter_alburnus__00061,野生翘嘴鲌/yeshengbo     (4)_0.jpg,800,533
wild_culter_alburnus__00062,野生翘嘴鲌/yeshengbo     (40)_0.jpg,800,533
wild_culter_alburnus__00063,野生翘嘴鲌/yeshengbo     (41)_0.jpg,800,533
wild_culter_alburnus__00064,野生翘嘴鲌/yeshengbo     (42)_0.jpg,800,600
wild_culter_alburnus__00065,野生翘嘴鲌/yeshengbo     (43)_0.jpg,800,600
wild_culter_alburnus__00066,野生翘嘴鲌/yeshengbo     (44)_0.jpg,800,600
wild_culter_alburnus__00067,野生翘嘴鲌/yeshengbo     (45)_0.jpg,800,600
wild_culter_alburnus__00068,野生翘嘴鲌/yeshengbo     (46)_0.jpg,800,600
wild_culter_alburnus__00069,野生翘嘴鲌/yeshengbo     (47)_0.jpg,800,600
wild_culter_alburnus__00070,野生翘嘴鲌/yeshengbo     (48)_0.jpg,600,800
wild_culter_alburnus__00071,野生翘嘴鲌/yeshengbo     (49)_0.jpg,800,600
wild_culter_alburnus__00072,野生翘嘴鲌/yeshengbo     (5)_0.jpg,800,533
wild_culter_alburnus__00073,野生翘嘴鲌/yeshengbo     (50)_0.jpg,600,800
wild_culter_alburnus__00074,野生翘嘴鲌/yeshengbo     (51)_0.jpg,800,600
wild_culter_alburnus__00075,野生翘嘴鲌/yeshengbo     (52)_0.jpg,800,600
wild_culter_alburnus__00076,野生翘嘴鲌/yeshengbo     (53)_0.jpg,800,600
wild_culter_alburnus__00077,野生翘嘴鲌/yeshengbo     (54)_0.jpg,600,800
wild_culter_alburnus__00078,野生翘嘴鲌/yeshengbo     (55)_0.jpg,800,600
wild_culter_alburnus__00079,野生翘嘴鲌/yeshengbo     (56)_0.jpg,800,600
wild_culter_alburnus__00080,野生翘嘴鲌/yeshengbo     (57)_0.jpg,800,600
wild_culter_alburnus__00081,野生翘嘴鲌/yeshengbo     (58)_0.jpg,800,600
wild_culter_alburnus__00082,野生翘嘴鲌/yeshengbo     (59)_0.jpg,800,600
wild_culter_alburnus__00083,野生翘嘴鲌/yeshengbo     (6)_0.jpg,800,533
wild_culter_alburnus__00084,野生翘嘴鲌/yeshengbo     (60)_0.jpg,800,600
wild_culter_alburnus__00085,野生翘嘴鲌/yeshengbo     (61)_0.jpg,800,600
wild_culter_alburnus__00086,野生翘嘴鲌/yeshengbo     (62)_0.jpg,800,600
wild_culter_alburnus__00087,野生翘嘴鲌/yeshengbo     (63)_0.jpg,800,600
wild_culter_alburnus__00088,野生翘嘴鲌/yeshengbo     (64)_0.jpg,800,600
wild_culter_alburnus__00089,野生翘嘴鲌/yeshengbo     (65)_0.jpg,800,600
wild_culter_alburnus__00090,野生翘嘴鲌/yeshengbo     (66)_0.jpg,800,600
wild_culter_alburnus__00091,野生翘嘴鲌/yeshengbo     (67)_0.jpg,600,800
wild_culter_alburnus__00092,野生翘嘴鲌/yeshengbo     (68)_0.jpg,600,800
wild_culter_alburnus__00093,野生翘嘴鲌/yeshengbo     (69)_0.jpg,800,600
wild_culter_alburnus__00094,野生翘嘴鲌/yeshengbo     (7)_0.jpg,800,533
wild_culter_alburnus__00095,野生翘嘴鲌/yeshengbo     (70)_0.jpg,800,600
wild_culter_alburnus__00096,野生翘嘴鲌/yeshengbo     (71)_0.jpg,800,599
wild_culter_alburnus__00097,野生翘嘴鲌/yeshengbo     (72)_0.jpg,800,599
wild_culter_alburnus__00098,野生翘嘴鲌/yeshengbo     (73)_0.jpg,800,599
wild_culter_alburnus__00099,野生翘嘴鲌/yeshengbo     (74)_0.jpg,800,599
wild_culter_alburnus__00100,野生翘嘴鲌/yeshengbo     (75)_0.jpg,800,599
wild_culter_alburnus__00101,野生翘嘴鲌/yeshengbo     (76)_0.jpg,800,599
wild_culter_alburnus__00102,野生翘嘴鲌/yeshengbo     (77)_0.jpg,800,599
wild_culter_alburnus__00103,野生翘嘴鲌/yeshengbo     (78)_0.jpg,800,599
wild_culter_alburnus__00104,野生翘嘴鲌/yeshengbo     (79)_0.jpg,800,599
wild_culter_alburnus__00105,野生翘嘴鲌/yeshengbo     (8)_0.jpg,800,533
wild_culter_alburnus__00106,野生翘嘴鲌/yeshengbo     (80)_0.jpg,800,599
wild_culter_alburnus__00107,野生翘嘴鲌/yeshengbo     (81)_0.jpg,800,599
wild_culter_alburnus__00108,野生翘嘴鲌/yeshengbo     (82)_0.jpg,800,599
wild_culter_alburnus__00109,野生翘嘴鲌/yeshengbo     (83)_0.jpg,800,599
wild_culter_alburnus__00110,野生翘嘴鲌/yeshengbo     (84)_0.jpg,600,800
wild_culter_alburnus__00111,野生翘嘴鲌/yeshengbo     (85)_0.jpg,600,800
wild_culter_alburnus__00112,野生翘嘴鲌/yeshengbo     (86)_0.jpg,600,800
wild_culter_alburnus__00113,野生翘嘴鲌/yeshengbo     (87)_0.jpg,600,800
wild_culter_alburnus__00114,野生翘嘴鲌/yeshengbo     (88)_0.jpg,600,800
wild_culter_alburnus__00115,野生翘嘴鲌/yeshengbo     (89)_0.jpg,600,800
wild_culter_alburnus__00116,野生翘嘴鲌/yeshengbo     (9)_0.jpg,800,533
wild_culter_alburnus__00117,野生翘嘴鲌/yeshengbo     (90)_0.jpg,600,800
wild_culter_alburnus__00118,野生翘嘴鲌/yeshengbo     (91)_0.jpg,600,800
wild_culter_alburnus__00119,野生翘嘴鲌/yeshengbo     (92)_0.jpg,600,800
wild_culter_alburnus__00120,野生翘嘴鲌/yeshengbo     (93)_0.jpg,600,800
wild_culter_alburnus__00121,野生翘嘴鲌/yeshengbo     (94)_0.jpg,600,800
wild_culter_alburnus__00122,野生翘嘴鲌/yeshengbo     (95)_0.jpg,600,800
wild_culter_alburnus__00123,野生翘嘴鲌/yeshengbo     (96)_0.jpg,600,800
wild_culter_alburnus__00124,野生翘嘴鲌/yeshengbo     (97)_0.jpg,600,800
wild_culter_alburnus__00125,野生翘嘴鲌/yeshengbo     (98)_0.jpg,600,800
wild_culter_alburnus__00126,野生翘嘴鲌/yeshengbo     (99)_0.jpg,600,800
wild_hypophthalmichthys_molitrix__00001,野生鲢鱼/yeshenglian  (1)_0.jpg,800,600
wild_hypophthalmichthys_molitrix__00002,野生鲢鱼/yeshenglian  (10)_0.jpg,800,533
wild_hypophthalmichthys_molitrix__00003,野生鲢鱼/yeshenglian  (100)_0.jpg,800,600
wild_hypophthalmichthys_molitrix__00004,野生鲢鱼/yeshenglian  (101)_0.jpg,600,800
wild_hypophthalmichthys_molitrix__00005,野生鲢鱼/yeshenglian  (102)_0.jpg,800,600
wild_hypophthalmichthys_molitrix__00006,野生鲢鱼/yeshenglian  (103)_0.jpg,800,600
wild_hypophthalmichthys_molitrix__00007,野生鲢鱼/yeshenglian  (104)_0.jpg,800,600
wild_hypophthalmichthys_molitrix__00008,野生鲢鱼/yeshenglian  (105)_0.jpg,600,800
wild_hypophthalmichthys_molitrix__00009,野生鲢鱼/yeshenglian  (106)_0.jpg,600,800
wild_hypophthalmichthys_molitrix__00010,野生鲢鱼/yeshenglian  (107)_0.jpg,800,600
wild_hypophthalmichthys_molitrix__00011,野生鲢鱼/yeshenglian  (108)_0.jpg,800,600
wild_hypophthalmichthys_molitrix__00012,野生鲢鱼/yeshenglian  (109)_0.jpg,800,600
wild_hypophthalmichthys_molitrix__00013,野生鲢鱼/yeshenglian  (11)_0.jpg,800,600
wild_hypophthalmichthys_molitrix__00014,野生鲢鱼/yeshenglian  (110)_0.jpg,800,360
wild_hypophthalmichthys_molitrix__00015,野生鲢鱼/yeshenglian  (111)_0.jpg,360,800
wild_hypophthalmichthys_molitrix__00016,野生鲢鱼/yeshenglian  (112)_0.jpg,800,600
wild_hypophthalmichthys_molitrix__00017,野生鲢鱼/yeshenglian  (113)_0.jpg,360,800
wild_hypophthalmichthys_molitrix__00018,野生鲢鱼/yeshenglian  (114)_0.jpg,800,600
wild_hypophthalmichthys_molitrix__00019,野生鲢鱼/yeshenglian  (115)_0.jpg,800,600
wild_hypophthalmichthys_molitrix__00020,野生鲢鱼/yeshenglian  (116)_0.jpg,600,800
wild_hypophthalmichthys_molitrix__00021,野生鲢鱼/yeshenglian  (117)_0.jpg,600,800
wild_hypophthalmichthys_molitrix__00022,野生鲢鱼/yeshenglian  (118)_0.jpg,800,600
wild_hypophthalmichthys_molitrix__00023,野生鲢鱼/yeshenglian  (119)_0.jpg,800,600
wild_hypophthalmichthys_molitrix__00024,野生鲢鱼/yeshenglian  (12)_0.jpg,800,533
wild_hypophthalmichthys_molitrix__00025,野生鲢鱼/yeshenglian  (120)_0.jpg,800,600
wild_hypophthalmichthys_molitrix__00026,野生鲢鱼/yeshenglian  (121)_0.jpg,600,800
wild_hypophthalmichthys_molitrix__00027,野生鲢鱼/yeshenglian  (122)_0.jpg,800,800
wild_hypophthalmichthys_molitrix__00028,野生鲢鱼/yeshenglian  (123)_0.jpg,800,533
wild_hypophthalmichthys_molitrix__00029,野生鲢鱼/yeshenglian  (124)_0.jpg,800,600
wild_hypophthalmichthys_molitrix__00030,野生鲢鱼/yeshenglian  (125)_0.jpg,800,600
wild_hypophthalmichthys_molitrix__00031,野生鲢鱼/yeshenglian  (13)_0.jpg,800,600
wild_hypophthalmichthys_molitrix__00032,野生鲢鱼/yeshenglian  (14)_0.jpg,800,600
wild_hypophthalmichthys_molitrix__00033,野生鲢鱼/yeshenglian  (15)_0.jpg,600,800
wild_hypophthalmichthys_molitrix__00034,野生鲢鱼/yeshenglian  (16)_0.jpg,800,360
wild_hypophthalmichthys_molitrix__00035,野生鲢鱼/yeshenglian  (17)_0.jpg,600,800
wild_hypophthalmichthys_molitrix__00036,野生鲢鱼/yeshenglian  (18)_0.jpg,800,600
wild_hypophthalmichthys_molitrix__00037,野生鲢鱼/yeshenglian  (19)_0.jpg,600,800
wild_hypophthalmichthys_molitrix__00038,野生鲢鱼/yeshenglian  (2)_0.jpg,800,533
wild_hypophthalmichthys_molitrix__00039,野生鲢鱼/yeshenglian  (20)_0.jpg,800,600
wild_hypophthalmichthys_molitrix__00040,野生鲢鱼/yeshenglian  (21)_0.jpg,800,600
wild_hypophthalmichthys_molitrix__00041,野生鲢鱼/yeshenglian  (22)_0.jpg,800,600
wild_hypophthalmichthys_molitrix__00042,野生鲢鱼/yeshenglian  (23)_0.jpg,800,600
wild_hypophthalmichthys_molitrix__00043,野生鲢鱼/yeshenglian  (24)_0.jpg,800,600
wild_hypophthalmichthys_molitrix__00044,野生鲢鱼/yeshenglian  (25)_0.jpg,800,600
wild_hypophthalmichthys_molitrix__00045,野生鲢鱼/yeshenglian  (26)_0.jpg,800,360
wild_hypophthalmichthys_molitrix__00046,野生鲢鱼/yeshenglian  (27)_0.jpg,800,600
wild_hypophthalmichthys_molitrix__00047,野生鲢鱼/yeshenglian  (28)_0.jpg,800,600
wild_hypophthalmichthys_molitrix__00048,野生鲢鱼/yeshenglian  (29)_0.jpg,360,800
wild_hypophthalmichthys_molitrix__00049,野生鲢鱼/yeshenglian  (3)_0.jpg,800,600
wild_hypophthalmichthys_molitrix__00050,野生鲢鱼/yeshenglian  (30)_0.jpg,800,600
wild_hypophthalmichthys_molitrix__00051,野生鲢鱼/yeshenglian  (31)_0.jpg,360,800
wild_hypophthalmichthys_molitrix__00052,野生鲢鱼/yeshenglian  (32)_0.jpg,800,360
wild_hypophthalmichthys_molitrix__00053,野生鲢鱼/yeshenglian  (33)_0.jpg,800,360
wild_hypophthalmichthys_molitrix__00054,野生鲢鱼/yeshenglian  (34)_0.jpg,800,360
wild_hypophthalmichthys_molitrix__00055,野生鲢鱼/yeshenglian  (35)_0.jpg,360,800
wild_hypophthalmichthys_molitrix__00056,野生鲢鱼/yeshenglian  (36)_0.jpg,800,360
wild_hypophthalmichthys_molitrix__00057,野生鲢鱼/yeshenglian  (37)_0.jpg,800,600
wild_hypophthalmichthys_molitrix__00058,野生鲢鱼/yeshenglian  (38)_0.jpg,360,800
wild_hypophthalmichthys_molitrix__00059,野生鲢鱼/yeshenglian  (39)_0.jpg,360,800
wild_hypophthalmichthys_molitrix__00060,野生鲢鱼/yeshenglian  (4)_0.jpg,800,533
wild_hypophthalmichthys_molitrix__00061,野生鲢鱼/yeshenglian  (40)_0.jpg,800,600
wild_hypophthalmichthys_molitrix__00062,野生鲢鱼/yeshenglian  (41)_0.jpg,800,600
wild_hypophthalmichthys_molitrix__00063,野生鲢鱼/yeshenglian  (42)_0.jpg,800,600
wild_hypophthalmichthys_molitrix__00064,野生鲢鱼/yeshenglian  (43)_0.jpg,800,600
wild_hypophthalmichthys_molitrix__00065,野生鲢鱼/yeshenglian  (44)_0.jpg,800,600
wild_hypophthalmichthys_molitrix__00066,野生鲢鱼/yeshenglian  (45)_0.jpg,800,600
wild_hypophthalmichthys_molitrix__00067,野生鲢鱼/yeshenglian  (46)_0.jpg,800,600
wild_hypophthalmichthys_molitrix__00068,野生鲢鱼/yeshenglian  (47)_0.jpg,800,600
wild_hypophthalmichthys_molitrix__00069,野生鲢鱼/yeshenglian  (48)_0.jpg,800,600
wild_hypophthalmichthys_molitrix__00070,野生鲢鱼/yeshenglian  (49)_0.jpg,800,600
wild_hypophthalmichthys_molitrix__00071,野生鲢鱼/yeshenglian  (5)_0.jpg,800,600
wild_hypophthalmichthys_molitrix__00072,野生鲢鱼/yeshenglian  (50)_0.jpg,800,600
wild_hypophthalmichthys_molitrix__00073,野生鲢鱼/yeshenglian  (51)_0.jpg,800,600
wild_hypophthalmichthys_molitrix__00074,野生鲢鱼/yeshenglian  (52)_0.jpg,800,600
wild_hypophthalmichthys_molitrix__00075,野生鲢鱼/yeshenglian  (53)_0.jpg,800,600
wild_hypophthalmichthys_molitrix__00076,野生鲢鱼/yeshenglian  (54)_0.jpg,800,599
wild_hypophthalmichthys_molitrix__00077,野生鲢鱼/yeshenglian  (55)_0.jpg,800,599
wild_hypophthalmichthys_molitrix__00078,野生鲢鱼/yeshenglian  (56)_0.jpg,800,599
wild_hypophthalmichthys_molitrix__00079,野生鲢鱼/yeshenglian  (57)_0.jpg,800,599
wild_hypophthalmichthys_molitrix__00080,野生鲢鱼/yeshenglian  (58)_0.jpg,800,599
wild_hypophthalmichthys_molitrix__00081,野生鲢鱼/yeshenglian  (59)_0.jpg,800,599
wild_hypophthalmichthys_molitrix__00082,野生鲢鱼/yeshenglian  (6)_0.jpg,800,533
wild_hypophthalmichthys_molitrix__00083,野生鲢鱼/yeshenglian  (60)_0.jpg,800,599
wild_hypophthalmichthys_molitrix__00084,野生鲢鱼/yeshenglian  (61)_0.jpg,800,599
wild_hypophthalmichthys_molitrix__00085,野生鲢鱼/yeshenglian  (62)_0.jpg,800,599
wild_hypophthalmichthys_molitrix__00086,野生鲢鱼/yeshenglian  (63)_0.jpg,600,800
wild_hypophthalmichthys_molitrix__00087,野生鲢鱼/yeshenglian  (64)_0.jpg,600,800
wild_hypophthalmichthys_molitrix__00088,野生鲢鱼/yeshenglian  (65)_0.jpg,600,800
wild_hypophthalmichthys_molitrix__00089,野生鲢鱼/yeshenglian  (66)_0.jpg,600,800
wild_hypophthalmichthys_molitrix__00090,野生鲢鱼/yeshenglian  (67)_0.jpg,600,800
wild_hypophthalmichthys_molitrix__00091,野生鲢鱼/yeshenglian  (68)_0.jpg,600,800
wild_hypophthalmichthys_molitrix__00092,野生鲢鱼/yeshenglian  (69)_0.jpg,600,800
wild_hypophthalmichthys_molitrix__00093,野生鲢鱼/yeshenglian  (7)_0.jpg,800,600
wild_hypophthalmichthys_molitrix__00094,野生鲢鱼/yeshenglian  (70)_0.jpg,600,800
wild_hypophthalmichthys_molitrix__00095,野生鲢鱼/yeshenglian  (71)_0.jpg,600,800
wild_hypophthalmichthys_molitrix__00096,野生鲢鱼/yeshenglian  (72)_0.jpg,600,800
wild_hypophthalmichthys_molitrix__00097,野生鲢鱼/yeshenglian  (73)_0.jpg,600,800
wild_hypophthalmichthys_molitrix__00098,野生鲢鱼/yeshenglian  (74)_0.jpg,600,800
wild_hypophthalmichthys_molitrix__00099,野生鲢鱼/yeshenglian  (75)_0.jpg,600,800
wild_hypophthalmichthys_molitrix__00100,野生鲢鱼/yeshenglian  (76)_0.jpg,600,800
wild_hypophthalmichthys_molitrix__00101,野生鲢鱼/yeshenglian  (77)_0.jpg,600,800
wild_hypophthalmichthys_molitrix__00102,野生鲢鱼/yeshenglian  (78)_0.jpg,600,800
wild_hypophthalmichthys_molitrix__00103,野生鲢鱼/yeshenglian  (79)_0.jpg,600,800
wild_hypophthalmichthys_molitrix__00104,野生鲢鱼/yeshenglian  (8)_0.jpg,800,533
wild_hypophthalmichthys_molitrix__00105,野生鲢鱼/yeshenglian  (80)_0.jpg,600,800
wild_hypophthalmichthys_molitrix__00106,野生鲢鱼/yeshenglian  (81)_0.jpg,600,800
wild_hypophthalmichthys_molitrix__00107,野生鲢鱼/yeshenglian  (82)_0.jpg,600,800
wild_hypophthalmichthys_molitrix__00108,野生鲢鱼/yeshenglian  (83)_0.jpg,600,800
wild_hypophthalmichthys_molitrix__00109,野生鲢鱼/yeshenglian  (84)_0.jpg,800,433
wild_hypophthalmichthys_molitrix__00110,野生鲢鱼/yeshenglian  (85)_0.jpg,800,533
wild_hypophthalmichthys_molitrix__00111,野生鲢鱼/yeshenglian  (86)_0.jpg,800,450
wild_hypophthalmichthys_molitrix__00112,野生鲢鱼/yeshenglian  (87)_0.jpg,800,450
wild_hypophthalmichthys_molitrix__00113,野生鲢鱼/yeshenglian  (88)_0.jpg,800,450
wild_hypophthalmichthys_molitrix__00114,野生鲢鱼/yeshenglian  (89)_0.jpg,800,450
wild_hypophthalmichthys_molitrix__00115,野生鲢鱼/yeshenglian  (9)_0.jpg,800,600
wild_hypophthalmichthys_molitrix__00116,野生鲢鱼/yeshenglian  (90)_0.jpg,800,360
wild_hypophthalmichthys_molitrix__00117,野生鲢鱼/yeshenglian  (91)_0.jpg,800,360
wild_hypophthalmichthys_molitrix__00118,野生鲢鱼/yeshenglian  (92)_0.jpg,800,360
wild_hypophthalmichthys_molitrix__00119,野生鲢鱼/yeshenglian  (93)_0.jpg,600,800
wild_hypophthalmichthys_molitrix__00120,野生鲢鱼/yeshenglian  (94)_0.jpg,800,435
wild_hypophthalmichthys_molitrix__00121,野生鲢鱼/yeshenglian  (95)_0.jpg,800,533
wild_hypophthalmichthys_molitrix__00122,野生鲢鱼/yeshenglian  (96)_0.jpg,800,533
wild_hypophthalmichthys_molitrix__00123,野生鲢鱼/yeshenglian  (97)_0.jpg,800,533
wild_hypophthalmichthys_molitrix__00124,野生鲢鱼/yeshenglian  (98)_0.jpg,800,600
wild_hypophthalmichthys_molitrix__00125,野生鲢鱼/yeshenglian  (99)_0.jpg,800,600
wild_hypophthalmichthys_nobilis__00001,野生鳙鱼/yeshengyong (1)_0.jpg,800,599
wild_hypophthalmichthys_nobilis__00002,野生鳙鱼/yeshengyong (10)_0.jpg,800,600
wild_hypophthalmichthys_nobilis__00003,野生鳙鱼/yeshengyong (11)_0.jpg,800,600
wild_hypophthalmichthys_nobilis__00004,野生鳙鱼/yeshengyong (12)_0.jpg,800,600
wild_hypophthalmichthys_nobilis__00005,野生鳙鱼/yeshengyong (13)_0.jpg,600,800
wild_hypophthalmichthys_nobilis__00006,野生鳙鱼/yeshengyong (14)_0.jpg,800,599
wild_hypophthalmichthys_nobilis__00007,野生鳙鱼/yeshengyong (15)_0.jpg,800,360
wild_hypophthalmichthys_nobilis__00008,野生鳙鱼/yeshengyong (16)_0.jpg,800,600
wild_hypophthalmichthys_nobilis__00009,野生鳙鱼/yeshengyong (17)_0.jpg,800,600
wild_hypophthalmichthys_nobilis__00010,野生鳙鱼/yeshengyong (18)_0.jpg,800,600
wild_hypophthalmichthys_nobilis__00011,野生鳙鱼/yeshengyong (19)_0.jpg,800,600
wild_hypophthalmichthys_nobilis__00012,野生鳙鱼/yeshengyong (2)_0.jpg,800,600
wild_hypophthalmichthys_nobilis__00013,野生鳙鱼/yeshengyong (20)_0.jpg,800,600
wild_hypophthalmichthys_nobilis__00014,野生鳙鱼/yeshengyong (21)_0.jpg,800,600
wild_hypophthalmichthys_nobilis__00015,野生鳙鱼/yeshengyong (22)_0.jpg,800,600
wild_hypophthalmichthys_nobilis__00016,野生鳙鱼/yeshengyong (23)_0.jpg,800,600
wild_hypophthalmichthys_nobilis__00017,野生鳙鱼/yeshengyong (24)_0.jpg,800,600
wild_hypophthalmichthys_nobilis__00018,野生鳙鱼/yeshengyong (25)_0.jpg,800,600
wild_hypophthalmichthys_nobilis__00019,野生鳙鱼/yeshengyong (26)_0.jpg,800,533
wild_hypophthalmichthys_nobilis__00020,野生鳙鱼/yeshengyong (27)_0.jpg,800,533
wild_hypophthalmichthys_nobilis__00021,野生鳙鱼/yeshengyong (28)_0.jpg,800,600
wild_hypophthalmichthys_nobilis__00022,野生鳙鱼/yeshengyong (29)_0.jpg,800,600
wild_hypophthalmichthys_nobilis__00023,野生鳙鱼/yeshengyong (3)_0.jpg,800,599
wild_hypophthalmichthys_nobilis__00024,野生鳙鱼/yeshengyong (30)_0.jpg,800,600
wild_hypophthalmichthys_nobilis__00025,野生鳙鱼/yeshengyong (31)_0.jpg,800,600
wild_hypophthalmichthys_nobilis__00026,野生鳙鱼/yeshengyong (32)_0.jpg,800,600
wild_hypophthalmichthys_nobilis__00027,野生鳙鱼/yeshengyong (33)_0.jpg,600,800
wild_hypophthalmichthys_nobilis__00028,野生鳙鱼/yeshengyong (34)_0.jpg,800,600
wild_hypophthalmichthys_nobilis__00029,野生鳙鱼/yeshengyong (35)_0.jpg,600,800
wild_hypophthalmichthys_nobilis__00030,野生鳙鱼/yeshengyong (36)_0.jpg,800,600
wild_hypophthalmichthys_nobilis__00031,野生鳙鱼/yeshengyong (37)_0.jpg,600,800
wild_hypophthalmichthys_nobilis__00032,野生鳙鱼/yeshengyong (38)_0.jpg,800,599
wild_hypophthalmichthys_nobilis__00033,野生鳙鱼/yeshengyong (39)_0.jpg,800,599
wild_hypophthalmichthys_nobilis__00034,野生鳙鱼/yeshengyong (4)_0.jpg,600,800
wild_hypophthalmichthys_nobilis__00035,野生鳙鱼/yeshengyong (40)_0.jpg,800,599
wild_hypophthalmichthys_nobilis__00036,野生鳙鱼/yeshengyong (41)_0.jpg,800,600
wild_hypophthalmichthys_nobilis__00037,野生鳙鱼/yeshengyong (42)_0.jpg,800,600
wild_hypophthalmichthys_nobilis__00038,野生鳙鱼/yeshengyong (43)_0.jpg,800,600
wild_hypophthalmichthys_nobilis__00039,野生鳙鱼/yeshengyong (44)_0.jpg,800,600
wild_hypophthalmichthys_nobilis__00040,野生鳙鱼/yeshengyong (45)_0.jpg,800,352
wild_hypophthalmichthys_nobilis__00041,野生鳙鱼/yeshengyong (46)_0.jpg,800,600
wild_hypophthalmichthys_nobilis__00042,野生鳙鱼/yeshengyong (47)_0.jpg,800,600
wild_hypophthalmichthys_nobilis__00043,野生鳙鱼/yeshengyong (48)_0.jpg,800,600
wild_hypophthalmichthys_nobilis__00044,野生鳙鱼/yeshengyong (49)_0.jpg,800,600
wild_hypophthalmichthys_nobilis__00045,野生鳙鱼/yeshengyong (5)_0.jpg,600,800
wild_hypophthalmichthys_nobilis__00046,野生鳙鱼/yeshengyong (50)_0.jpg,800,600
wild_hypophthalmichthys_nobilis__00047,野生鳙鱼/yeshengyong (51)_0.jpg,800,437
wild_hypophthalmichthys_nobilis__00048,野生鳙鱼/yeshengyong (52)_0.jpg,800,600
wild_hypophthalmichthys_nobilis__00049,野生鳙鱼/yeshengyong (53)_0.jpg,800,600
wild_hypophthalmichthys_nobilis__00050,野生鳙鱼/yeshengyong (54)_0.jpg,800,600
wild_hypophthalmichthys_nobilis__00051,野生鳙鱼/yeshengyong (55)_0.jpg,800,600
wild_hypophthalmichthys_nobilis__00052,野生鳙鱼/yeshengyong (56)_0.jpg,800,600
wild_hypophthalmichthys_nobilis__00053,野生鳙鱼/yeshengyong (57)_0.jpg,800,600
wild_hypophthalmichthys_nobilis__00054,野生鳙鱼/yeshengyong (58)_0.jpg,800,600
wild_hypophthalmichthys_nobilis__00055,野生鳙鱼/yeshengyong (59)_0.jpg,800,600
wild_hypophthalmichthys_nobilis__00056,野生鳙鱼/yeshengyong (6)_0.jpg,800,600
wild_hypophthalmichthys_nobilis__00057,野生鳙鱼/yeshengyong (60)_0.jpg,800,600
wild_hypophthalmichthys_nobilis__00058,野生鳙鱼/yeshengyong (61)_0.jpg,800,600
wild_hypophthalmichthys_nobilis__00059,野生鳙鱼/yeshengyong (62)_0.jpg,800,600
wild_hypophthalmichthys_nobilis__00060,野生鳙鱼/yeshengyong (63)_0.jpg,800,600
wild_hypophthalmichthys_nobilis__00061,野生鳙鱼/yeshengyong (64)_0.jpg,800,600
wild_hypophthalmichthys_nobilis__00062,野生鳙鱼/yeshengyong (65)_0.jpg,800,600
wild_hypophthalmichthys_nobilis__00063,野生鳙鱼/yeshengyong (66)_0.jpg,800,600
wild_hypophthalmichthys_nobilis__00064,野生鳙鱼/yeshengyong (67)_0.jpg,800,600
wild_hypophthalmichthys_nobilis__00065,野生鳙鱼/yeshengyong (68)_0.jpg,800,600
wild_hypophthalmichthys_nobilis__00066,野生鳙鱼/yeshengyong (69)_0.jpg,800,600
wild_hypophthalmichthys_nobilis__00067,野生鳙鱼/yeshengyong (7)_0.jpg,800,600
wild_hypophthalmichthys_nobilis__00068,野生鳙鱼/yeshengyong (70)_0.jpg,800,600
wild_hypophthalmichthys_nobilis__00069,野生鳙鱼/yeshengyong (71)_0.jpg,800,600
wild_hypophthalmichthys_nobilis__00070,野生鳙鱼/yeshengyong (72)_0.jpg,800,600
wild_hypophthalmichthys_nobilis__00071,野生鳙鱼/yeshengyong (73)_0.jpg,800,600
wild_hypophthalmichthys_nobilis__00072,野生鳙鱼/yeshengyong (74)_0.jpg,800,600
wild_hypophthalmichthys_nobilis__00073,野生鳙鱼/yeshengyong (8)_0.jpg,800,600
wild_hypophthalmichthys_nobilis__00074,野生鳙鱼/yeshengyong (9)_0.jpg,800,599
farmed_mylopharyngodon_piceus__00001,青鱼/048d0ae624d487b0c45da51f2032ae4_0.jpg,800,600
farmed_mylopharyngodon_piceus__00002,青鱼/1ac0465ac7c5616d56aaf852584d8a3_0.jpg,800,600
farmed_mylopharyngodon_piceus__00003,青鱼/90913cc80accf40a2bb986708be1909_0.jpg,800,600
farmed_mylopharyngodon_piceus__00004,青鱼/cc04e61a54d8117b7ac4ddb041ed123_0.jpg,800,600
farmed_mylopharyngodon_piceus__00005,青鱼/qingyu (1)_0.jpg,800,450
farmed_mylopharyngodon_piceus__00006,青鱼/qingyu (10)_0.jpg,800,450
farmed_mylopharyngodon_piceus__00007,青鱼/qingyu (100)_0.jpg,600,800
farmed_mylopharyngodon_piceus__00008,青鱼/qingyu (101)_0.jpg,600,800
farmed_mylopharyngodon_piceus__00009,青鱼/qingyu (102)_0.jpg,600,800
farmed_mylopharyngodon_piceus__00010,青鱼/qingyu (103)_0.jpg,600,800
farmed_mylopharyngodon_piceus__00011,青鱼/qingyu (104)_0.jpg,600,800
farmed_mylopharyngodon_piceus__00012,青鱼/qingyu (105)_0.jpg,800,600
farmed_mylopharyngodon_piceus__00013,青鱼/qingyu (106)_0.jpg,600,800
farmed_mylopharyngodon_piceus__00014,青鱼/qingyu (107)_0.jpg,600,800
farmed_mylopharyngodon_piceus__00015,青鱼/qingyu (108)_0.jpg,600,800
farmed_mylopharyngodon_piceus__00016,青鱼/qingyu (109)_0.jpg,600,800
farmed_mylopharyngodon_piceus__00017,青鱼/qingyu (11)_0.jpg,800,450
farmed_mylopharyngodon_piceus__00018,青鱼/qingyu (110)_0.jpg,600,800
farmed_mylopharyngodon_piceus__00019,青鱼/qingyu (111)_0.jpg,800,600
farmed_mylopharyngodon_piceus__00020,青鱼/qingyu (112)_0.jpg,600,800
farmed_mylopharyngodon_piceus__00021,青鱼/qingyu (113)_0.jpg,600,800
farmed_mylopharyngodon_piceus__00022,青鱼/qingyu (114)_0.jpg,600,800
farmed_mylopharyngodon_piceus__00023,青鱼/qingyu (115)_0.jpg,600,800
farmed_mylopharyngodon_piceus__00024,青鱼/qingyu (116)_0.jpg,600,800
farmed_mylopharyngodon_piceus__00025,青鱼/qingyu (117)_0.jpg,600,800
farmed_mylopharyngodon_piceus__00026,青鱼/qingyu (118)_0.jpg,600,800
farmed_mylopharyngodon_piceus__00027,青鱼/qingyu (119)_0.jpg,600,800
farmed_mylopharyngodon_piceus__00028,青鱼/qingyu (12)_0.jpg,800,450
farmed_mylopharyngodon_piceus__00029,青鱼/qingyu (120)_0.jpg,600,800
farmed_mylopharyngodon_piceus__00030,青鱼/qingyu (121)_0.jpg,600,800
farmed_mylopharyngodon_piceus__00031,青鱼/qingyu (122)_0.jpg,600,800
farmed_mylopharyngodon_piceus__00032,青鱼/qingyu (123)_0.jpg,600,800
farmed_mylopharyngodon_piceus__00033,青鱼/qingyu (124)_0.jpg,600,800
farmed_mylopharyngodon_piceus__00034,青鱼/qingyu (125)_0.jpg,600,800
farmed_mylopharyngodon_piceus__00035,青鱼/qingyu (126)_0.jpg,600,800
farmed_mylopharyngodon_piceus__00036,青鱼/qingyu (13)_0.jpg,600,800
farmed_mylopharyngodon_piceus__00037,青鱼/qingyu (14)_0.jpg,600,800
farmed_mylopharyngodon_piceus__00038,青鱼/qingyu (15)_0.jpg,600,800
farmed_mylopharyngodon_piceus__00039,青鱼/qingyu (16)_0.jpg,800,600
farmed_mylopharyngodon_piceus__00040,青鱼/qingyu (17)_0.jpg,600,800
farmed_mylopharyngodon_piceus__00041,青鱼/qingyu (18)_0.jpg,600,800
farmed_mylopharyngodon_piceus__00042,青鱼/qingyu (19)_0.jpg,600,800
farmed_mylopharyngodon_piceus__00043,青鱼/qingyu (2)_0.jpg,600,800
farmed_mylopharyngodon_piceus__00044,青鱼/qingyu (20)_0.jpg,800,450
farmed_mylopharyngodon_piceus__00045,青鱼/qingyu (21)_0.jpg,600,800
farmed_mylopharyngodon_piceus__00046,青鱼/qingyu (22)_0.jpg,800,600
farmed_mylopharyngodon_piceus__00047,青鱼/qingyu (23)_0.jpg,600,800
farmed_mylopharyngodon_piceus__00048,青鱼/qingyu (24)_0.jpg,800,450
farmed_mylopharyngodon_piceus__00049,青鱼/qingyu (25)_0.jpg,450,800
farmed_mylopharyngodon_piceus__00050,青鱼/qingyu (26)_0.jpg,800,450
farmed_mylopharyngodon_piceus__00051,青鱼/qingyu (27)_0.jpg,800,450
farmed_mylopharyngodon_piceus__00052,青鱼/qingyu (28)_0.jpg,800,450
farmed_mylopharyngodon_piceus__00053,青鱼/qingyu (29)_0.jpg,800,450
farmed_mylopharyngodon_piceus__00054,青鱼/qingyu (3)_0.jpg,800,450
farmed_mylopharyngodon_piceus__00055,青鱼/qingyu (30)_0.jpg,800,450
farmed_mylopharyngodon_piceus__00056,青鱼/qingyu (31)_0.jpg,800,450
farmed_mylopharyngodon_piceus__00057,青鱼/qingyu (32)_0.jpg,450,800
farmed_mylopharyngodon_piceus__00058,青鱼/qingyu (33)_0.jpg,800,450
farmed_mylopharyngodon_piceus__00059,青鱼/qingyu (34)_0.jpg,800,450
farmed_mylopharyngodon_piceus__00060,青鱼/qingyu (35)_0.jpg,800,450
farmed_mylopharyngodon_piceus__00061,青鱼/qingyu (36)_0.jpg,800,450
farmed_mylopharyngodon_piceus__00062,青鱼/qingyu (37)_0.jpg,800,450
farmed_mylopharyngodon_piceus__00063,青鱼/qingyu (38)_0.jpg,800,450
farmed_mylopharyngodon_piceus__00064,青鱼/qingyu (39)_0.jpg,800,450
farmed_mylopharyngodon_piceus__00065,青鱼/qingyu (4)_0.jpg,800,450
farmed_mylopharyngodon_piceus__00066,青鱼/qingyu (40)_0.jpg,800,450
farmed_mylopharyngodon_piceus__00067,青鱼/qingyu (41)_0.jpg,800,450
farmed_mylopharyngodon_piceus__00068,青鱼/qingyu (42)_0.jpg,800,450
farmed_mylopharyngodon_piceus__00069,青鱼/qingyu (43)_0.jpg,800,450
farmed_mylopharyngodon_piceus__00070,青鱼/qingyu (44)_0.jpg,450,800
farmed_mylopharyngodon_piceus__00071,青鱼/qingyu (45)_0.jpg,800,450
farmed_mylopharyngodon_piceus__00072,青鱼/qingyu (46)_0.jpg,450,800
farmed_mylopharyngodon_piceus__00073,青鱼/qingyu (47)_0.jpg,450,800
farmed_mylopharyngodon_piceus__00074,青鱼/qingyu (48)_0.jpg,800,450
farmed_mylopharyngodon_piceus__00075,青鱼/qingyu (49)_0.jpg,450,800
farmed_mylopharyngodon_piceus__00076,青鱼/qingyu (5)_0.jpg,800,450
farmed_mylopharyngodon_piceus__00077,青鱼/qingyu (50)_0.jpg,800,450
farmed_mylopharyngodon_piceus__00078,青鱼/qingyu (51)_0.jpg,800,450
farmed_mylopharyngodon_piceus__00079,青鱼/qingyu (52)_0.jpg,800,450
farmed_mylopharyngodon_piceus__00080,青鱼/qingyu (53)_0.jpg,800,450
farmed_mylopharyngodon_piceus__00081,青鱼/qingyu (54)_0.jpg,800,450
farmed_mylopharyngodon_piceus__00082,青鱼/qingyu (55)_0.jpg,800,450
farmed_mylopharyngodon_piceus__00083,青鱼/qingyu (56)_0.jpg,800,450
farmed_mylopharyngodon_piceus__00084,青鱼/qingyu (57)_0.jpg,800,450
farmed_mylopharyngodon_piceus__00085,青鱼/qingyu (58)_0.jpg,800,450
farmed_mylopharyngodon_piceus__00086,青鱼/qingyu (59)_0.jpg,800,450
farmed_mylopharyngodon_piceus__00087,青鱼/qingyu (6)_0.jpg,800,450
farmed_mylopharyngodon_piceus__00088,青鱼/qingyu (60)_0.jpg,800,450
farmed_mylopharyngodon_piceus__00089,青鱼/qingyu (61)_0.jpg,800,450
farmed_mylopharyngodon_piceus__00090,青鱼/qingyu (62)_0.jpg,800,450
farmed_mylopharyngodon_piceus__00091,青鱼/qingyu (63)_0.jpg,800,450
farmed_mylopharyngodon_piceus__00092,青鱼/qingyu (64)_0.jpg,800,450
farmed_mylopharyngodon_piceus__00093,青鱼/qingyu (65)_0.jpg,800,450
farmed_mylopharyngodon_piceus__00094,青鱼/qingyu (66)_0.jpg,800,450
farmed_mylopharyngodon_piceus__00095,青鱼/qingyu (67)_0.jpg,800,450
farmed_mylopharyngodon_piceus__00096,青鱼/qingyu (68)_0.jpg,800,450
farmed_mylopharyngodon_piceus__00097,青鱼/qingyu (69)_0.jpg,800,450
farmed_mylopharyngodon_piceus__00098,青鱼/qingyu (7)_0.jpg,800,450
farmed_mylopharyngodon_piceus__00099,青鱼/qingyu (70)_0.jpg,800,450
farmed_mylopharyngodon_piceus__00100,青鱼/qingyu (71)_0.jpg,800,450
farmed_mylopharyngodon_piceus__00101,青鱼/qingyu (72)_0.jpg,800,450
farmed_mylopharyngodon_piceus__00102,青鱼/qingyu (73)_0.jpg,800,450
farmed_mylopharyngodon_piceus__00103,青鱼/qingyu (74)_0.jpg,800,450
farmed_mylopharyngodon_piceus__00104,青鱼/qingyu (75)_0.jpg,800,450
farmed_mylopharyngodon_piceus__00105,青鱼/qingyu (76)_0.jpg,800,450
farmed_mylopharyngodon_piceus__00106,青鱼/qingyu (77)_0.jpg,800,450
farmed_mylopharyngodon_piceus__00107,青鱼/qingyu (78)_0.jpg,800,450
farmed_mylopharyngodon_piceus__00108,青鱼/qingyu (79)_0.jpg,800,450
farmed_mylopharyngodon_piceus__00109,青鱼/qingyu (8)_0.jpg,800,450
farmed_mylopharyngodon_piceus__00110,青鱼/qingyu (80)_0.jpg,800,450
farmed_mylopharyngodon_piceus__00111,青鱼/qingyu (81)_0.jpg,800,450
farmed_mylopharyngodon_piceus__00112,青鱼/qingyu (82)_0.jpg,800,450
farmed_mylopharyngodon_piceus__00113,青鱼/qingyu (83)_0.jpg,800,450
farmed_mylopharyngodon_piceus__00114,青鱼/qingyu (84)_0.jpg,600,800
farmed_mylopharyngodon_piceus__00115,青鱼/qingyu (85)_0.jpg,600,800
farmed_mylopharyngodon_piceus__00116,青鱼/qingyu (86)_0.jpg,600,800
farmed_mylopharyngodon_piceus__00117,青鱼/qingyu (87)_0.jpg,600,800
farmed_mylopharyngodon_piceus__00118,青鱼/qingyu (88)_0.jpg,600,800
farmed_mylopharyngodon_piceus__00119,青鱼/qingyu (89)_0.jpg,600,800
farmed_mylopharyngodon_piceus__00120,青鱼/qingyu (9)_0.jpg,800,450
farmed_mylopharyngodon_piceus__00121,青鱼/qingyu (90)_0.jpg,800,600
farmed_mylopharyngodon_piceus__00122,青鱼/qingyu (91)_0.jpg,600,800
farmed_mylopharyngodon_piceus__00123,青鱼/qingyu (92)_0.jpg,600,800
farmed_mylopharyngodon_piceus__00124,青鱼/qingyu (93)_0.jpg,600,800
farmed_mylopharyngodon_piceus__00125,青鱼/qingyu (94)_0.jpg,600,800
farmed_mylopharyngodon_piceus__00126,青鱼/qingyu (95)_0.jpg,600,800
farmed_mylopharyngodon_piceus__00127,青鱼/qingyu (96)_0.jpg,600,800
farmed_mylopharyngodon_piceus__00128,青鱼/qingyu (97)_0.jpg,600,800
farmed_mylopharyngodon_piceus__00129,青鱼/qingyu (98)_0.jpg,600,800
farmed_mylopharyngodon_piceus__00130,青鱼/qingyu (99)_0.jpg,600,800
farmed_mylopharyngodon_piceus__00131,青鱼/安庆西江青鱼_0.jpg,800,533
farmed_mylopharyngodon_piceus__00132,青鱼/安庆西江青鱼整体1_0.jpg,600,800
farmed_hypophthalmichthys_molitrix__00001,鲢鱼/yangzhilian (1)_0.jpg,800,450
farmed_hypophthalmichthys_molitrix__00002,鲢鱼/yangzhilian (10)_0.jpg,450,800
farmed_hypophthalmichthys_molitrix__00003,鲢鱼/yangzhilian (100)_0.jpg,600,800
farmed_hypophthalmichthys_molitrix__00004,鲢鱼/yangzhilian (101)_0.jpg,600,800
farmed_hypophthalmichthys_molitrix__00005,鲢鱼/yangzhilian (102)_0.jpg,600,800
farmed_hypophthalmichthys_molitrix__00006,鲢鱼/yangzhilian (103)_0.jpg,600,800
farmed_hypophthalmichthys_molitrix__00007,鲢鱼/yangzhilian (11)_0.jpg,450,800
farmed_hypophthalmichthys_molitrix__00008,鲢鱼/yangzhilian (12)_0.jpg,800,450
farmed_hypophthalmichthys_molitrix__00009,鲢鱼/yangzhilian (13)_0.jpg,800,450
farmed_hypophthalmichthys_molitrix__00010,鲢鱼/yangzhilian (14)_0.jpg,450,800
farmed_hypophthalmichthys_molitrix__00011,鲢鱼/yangzhilian (15)_0.jpg,450,800
farmed_hypophthalmichthys_molitrix__00012,鲢鱼/yangzhilian (16)_0.jpg,450,800
farmed_hypophthalmichthys_molitrix__00013,鲢鱼/yangzhilian (17)_0.jpg,450,800
farmed_hypophthalmichthys_molitrix__00014,鲢鱼/yangzhilian (18)_0.jpg,450,800
farmed_hypophthalmichthys_molitrix__00015,鲢鱼/yangzhilian (19)_0.jpg,450,800
farmed_hypophthalmichthys_molitrix__00016,鲢鱼/yangzhilian (2)_0.jpg,800,450
farmed_hypophthalmichthys_molitrix__00017,鲢鱼/yangzhilian (20)_0.jpg,450,800
farmed_hypophthalmichthys_molitrix__00018,鲢鱼/yangzhilian (21)_0.jpg,450,800
farmed_hypophthalmichthys_molitrix__00019,鲢鱼/yangzhilian (22)_0.jpg,450,800
farmed_hypophthalmichthys_molitrix__00020,鲢鱼/yangzhilian (23)_0.jpg,450,800
farmed_hypophthalmichthys_molitrix__00021,鲢鱼/yangzhilian (24)_0.jpg,450,800
farmed_hypophthalmichthys_molitrix__00022,鲢鱼/yangzhilian (25)_0.jpg,450,800
farmed_hypophthalmichthys_molitrix__00023,鲢鱼/yangzhilian (26)_0.jpg,450,800
farmed_hypophthalmichthys_molitrix__00024,鲢鱼/yangzhilian (27)_0.jpg,800,450
farmed_hypophthalmichthys_molitrix__00025,鲢鱼/yangzhilian (28)_0.jpg,800,450
farmed_hypophthalmichthys_molitrix__00026,鲢鱼/yangzhilian (29)_0.jpg,800,450
farmed_hypophthalmichthys_molitrix__00027,鲢鱼/yangzhilian (3)_0.jpg,800,450
farmed_hypophthalmichthys_molitrix__00028,鲢鱼/yangzhilian (30)_0.jpg,450,800
farmed_hypophthalmichthys_molitrix__00029,鲢鱼/yangzhilian (31)_0.jpg,450,800
farmed_hypophthalmichthys_molitrix__00030,鲢鱼/yangzhilian (32)_0.jpg,450,800
farmed_hypophthalmichthys_molitrix__00031,鲢鱼/yangzhilian (33)_0.jpg,450,800
farmed_hypophthalmichthys_molitrix__00032,鲢鱼/yangzhilian (34)_0.jpg,450,800
farmed_hypophthalmichthys_molitrix__00033,鲢鱼/yangzhilian (35)_0.jpg,450,800
farmed_hypophthalmichthys_molitrix__00034,鲢鱼/yangzhilian (36)_0.jpg,800,450
farmed_hypophthalmichthys_molitrix__00035,鲢鱼/yangzhilian (37)_0.jpg,800,450
farmed_hypophthalmichthys_molitrix__00036,鲢鱼/yangzhilian (38)_0.jpg,450,800
farmed_hypophthalmichthys_molitrix__00037,鲢鱼/yangzhilian (39)_0.jpg,800,450
farmed_hypophthalmichthys_molitrix__00038,鲢鱼/yangzhilian (4)_0.jpg,800,450
farmed_hypophthalmichthys_molitrix__00039,鲢鱼/yangzhilian (40)_0.jpg,800,450
farmed_hypophthalmichthys_molitrix__00040,鲢鱼/yangzhilian (41)_0.jpg,800,450
farmed_hypophthalmichthys_molitrix__00041,鲢鱼/yangzhilian (42)_0.jpg,800,450
farmed_hypophthalmichthys_molitrix__00042,鲢鱼/yangzhilian (43)_0.jpg,450,800
farmed_hypophthalmichthys_molitrix__00043,鲢鱼/yangzhilian (44)_0.jpg,450,800
farmed_hypophthalmichthys_molitrix__00044,鲢鱼/yangzhilian (45)_0.jpg,800,450
farmed_hypophthalmichthys_molitrix__00045,鲢鱼/yangzhilian (46)_0.jpg,800,450
farmed_hypophthalmichthys_molitrix__00046,鲢鱼/yangzhilian (47)_0.jpg,800,450
farmed_hypophthalmichthys_molitrix__00047,鲢鱼/yangzhilian (48)_0.jpg,800,450
farmed_hypophthalmichthys_molitrix__00048,鲢鱼/yangzhilian (49)_0.jpg,800,450
farmed_hypophthalmichthys_molitrix__00049,鲢鱼/yangzhilian (5)_0.jpg,450,800
farmed_hypophthalmichthys_molitrix__00050,鲢鱼/yangzhilian (50)_0.jpg,450,800
farmed_hypophthalmichthys_molitrix__00051,鲢鱼/yangzhilian (51)_0.jpg,800,450
farmed_hypophthalmichthys_molitrix__00052,鲢鱼/yangzhilian (52)_0.jpg,800,450
farmed_hypophthalmichthys_molitrix__00053,鲢鱼/yangzhilian (53)_0.jpg,800,450
farmed_hypophthalmichthys_molitrix__00054,鲢鱼/yangzhilian (54)_0.jpg,800,450
farmed_hypophthalmichthys_molitrix__00055,鲢鱼/yangzhilian (55)_0.jpg,800,450
farmed_hypophthalmichthys_molitrix__00056,鲢鱼/yangzhilian (56)_0.jpg,450,800
farmed_hypophthalmichthys_molitrix__00057,鲢鱼/yangzhilian (57)_0.jpg,800,450
farmed_hypophthalmichthys_molitrix__00058,鲢鱼/yangzhilian (58)_0.jpg,800,450
farmed_hypophthalmichthys_molitrix__00059,鲢鱼/yangzhilian (59)_0.jpg,800,450
farmed_hypophthalmichthys_molitrix__00060,鲢鱼/yangzhilian (6)_0.jpg,800,450
farmed_hypophthalmichthys_molitrix__00061,鲢鱼/yangzhilian (60)_0.jpg,800,450
farmed_hypophthalmichthys_molitrix__00062,鲢鱼/yangzhilian (61)_0.jpg,600,800
farmed_hypophthalmichthys_molitrix__00063,鲢鱼/yangzhilian (62)_0.jpg,600,800
farmed_hypophthalmichthys_molitrix__00064,鲢鱼/yangzhilian (63)_0.jpg,600,800
farmed_hypophthalmichthys_molitrix__00065,鲢鱼/yangzhilian (64)_0.jpg,600,800
farmed_hypophthalmichthys_molitrix__00066,鲢鱼/yangzhilian (65)_0.jpg,600,800
farmed_hypophthalmichthys_molitrix__00067,鲢鱼/yangzhilian (66)_0.jpg,600,800
farmed_hypophthalmichthys_molitrix__00068,鲢鱼/yangzhilian (67)_0.jpg,600,800
farmed_hypophthalmichthys_molitrix__00069,鲢鱼/yangzhilian (68)_0.jpg,600,800
farmed_hypophthalmichthys_molitrix__00070,鲢鱼/yangzhilian (69)_0.jpg,600,800
farmed_hypophthalmichthys_molitrix__00071,鲢鱼/yangzhilian (7)_0.jpg,450,800
farmed_hypophthalmichthys_molitrix__00072,鲢鱼/yangzhilian (70)_0.jpg,600,800
farmed_hypophthalmichthys_molitrix__00073,鲢鱼/yangzhilian (71)_0.jpg,600,800
farmed_hypophthalmichthys_molitrix__00074,鲢鱼/yangzhilian (72)_0.jpg,600,800
farmed_hypophthalmichthys_molitrix__00075,鲢鱼/yangzhilian (73)_0.jpg,600,800
farmed_hypophthalmichthys_molitrix__00076,鲢鱼/yangzhilian (74)_0.jpg,600,800
farmed_hypophthalmichthys_molitrix__00077,鲢鱼/yangzhilian (75)_0.jpg,600,800
farmed_hypophthalmichthys_molitrix__00078,鲢鱼/yangzhilian (76)_0.jpg,600,800
farmed_hypophthalmichthys_molitrix__00079,鲢鱼/yangzhilian (77)_0.jpg,600,800
farmed_hypophthalmichthys_molitrix__00080,鲢鱼/yangzhilian (78)_0.jpg,600,800
farmed_hypophthalmichthys_molitrix__00081,鲢鱼/yangzhilian (79)_0.jpg,600,800
farmed_hypophthalmichthys_molitrix__00082,鲢鱼/yangzhilian (8)_0.jpg,450,800
farmed_hypophthalmichthys_molitrix__00083,鲢鱼/yangzhilian (80)_0.jpg,600,800
farmed_hypophthalmichthys_molitrix__00084,鲢鱼/yangzhilian (81)_0.jpg,600,800
farmed_hypophthalmichthys_molitrix__00085,鲢鱼/yangzhilian (82)_0.jpg,600,800
farmed_hypophthalmichthys_molitrix__00086,鲢鱼/yangzhilian (83)_0.jpg,600,800
farmed_hypophthalmichthys_molitrix__00087,鲢鱼/yangzhilian (84)_0.jpg,600,800
farmed_hypophthalmichthys_molitrix__00088,鲢鱼/yangzhilian (85)_0.jpg,600,800
farmed_hypophthalmichthys_molitrix__00089,鲢鱼/yangzhilian (86)_0.jpg,600,800
farmed_hypophthalmichthys_molitrix__00090,鲢鱼/yangzhilian (87)_0.jpg,600,800
farmed_hypophthalmichthys_molitrix__00091,鲢鱼/yangzhilian (88)_0.jpg,600,800
farmed_hypophthalmichthys_molitrix__00092,鲢鱼/yangzhilian (89)_0.jpg,600,800
farmed_hypophthalmichthys_molitrix__00093,鲢鱼/yangzhilian (9)_0.jpg,450,800
farmed_hypophthalmichthys_molitrix__00094,鲢鱼/yangzhilian (90)_0.jpg,600,800
farmed_hypophthalmichthys_molitrix__00095,鲢鱼/yangzhilian (91)_0.jpg,600,800
farmed_hypophthalmichthys_molitrix__00096,鲢鱼/yangzhilian (92)_0.jpg,600,800
farmed_hypophthalmichthys_molitrix__00097,鲢鱼/yangzhilian (93)_0.jpg,600,800
farmed_hypophthalmichthys_molitrix__00098,鲢鱼/yangzhilian (94)_0.jpg,600,800
farmed_hypophthalmichthys_molitrix__00099,鲢鱼/yangzhilian (95)_0.jpg,600,800
farmed_hypophthalmichthys_molitrix__00100,鲢鱼/yangzhilian (96)_0.jpg,600,800
farmed_hypophthalmichthys_molitrix__00101,鲢鱼/yangzhilian (97)_0.jpg,600,800
farmed_hypophthalmichthys_molitrix__00102,鲢鱼/yangzhilian (98)_0.jpg,600,800
farmed_hypophthalmichthys_molitrix__00103,鲢鱼/yangzhilian (99)_0.jpg,600,800
farmed_carassius_auratus__00001,鲫鱼/jiyu (1)_0.jpg,800,533
farmed_carassius_auratus__00002,鲫鱼/jiyu (10)_0.jpg,800,360
farmed_carassius_auratus__00003,鲫鱼/jiyu (100)_0.jpg,600,800
farmed_carassius_auratus__00004,鲫鱼/jiyu (101)_0.jpg,600,800
farmed_carassius_auratus__00005,鲫鱼/jiyu (102)_0.jpg,600,800
farmed_carassius_auratus__00006,鲫鱼/jiyu (103)_0.jpg,600,800
farmed_carassius_auratus__00007,鲫鱼/jiyu (104)_0.jpg,600,800
farmed_carassius_auratus__00008,鲫鱼/jiyu (105)_0.jpg,600,800
farmed_carassius_auratus__00009,鲫鱼/jiyu (106)_0.jpg,600,800
farmed_carassius_auratus__00010,鲫鱼/jiyu (107)_0.jpg,600,800
farmed_carassius_auratus__00011,鲫鱼/jiyu (108)_0.jpg,600,800
farmed_carassius_auratus__00012,鲫鱼/jiyu (109)_0.jpg,600,800
farmed_carassius_auratus__00013,鲫鱼/jiyu (11)_0.jpg,360,800
farmed_carassius_auratus__00014,鲫鱼/jiyu (110)_0.jpg,600,800
farmed_carassius_auratus__00015,鲫鱼/jiyu (111)_0.jpg,600,800
farmed_carassius_auratus__00016,鲫鱼/jiyu (112)_0.jpg,600,800
farmed_carassius_auratus__00017,鲫鱼/jiyu (113)_0.jpg,600,800
farmed_carassius_auratus__00018,鲫鱼/jiyu (114)_0.jpg,600,800
farmed_carassius_auratus__00019,鲫鱼/jiyu (115)_0.jpg,600,800
farmed_carassius_auratus__00020,鲫鱼/jiyu (116)_0.jpg,600,800
farmed_carassius_auratus__00021,鲫鱼/jiyu (117)_0.jpg,600,800
farmed_carassius_auratus__00022,鲫鱼/jiyu (118)_0.jpg,600,800
farmed_carassius_auratus__00023,鲫鱼/jiyu (119)_0.jpg,600,800
farmed_carassius_auratus__00024,鲫鱼/jiyu (12)_0.jpg,800,600
farmed_carassius_auratus__00025,鲫鱼/jiyu (120)_0.jpg,600,800
farmed_carassius_auratus__00026,鲫鱼/jiyu (121)_0.jpg,600,800
farmed_carassius_auratus__00027,鲫鱼/jiyu (122)_0.jpg,600,800
farmed_carassius_auratus__00028,鲫鱼/jiyu (123)_0.jpg,600,800
farmed_carassius_auratus__00029,鲫鱼/jiyu (124)_0.jpg,600,800
farmed_carassius_auratus__00030,鲫鱼/jiyu (125)_0.jpg,600,800
farmed_carassius_auratus__00031,鲫鱼/jiyu (126)_0.jpg,600,800
farmed_carassius_auratus__00032,鲫鱼/jiyu (127)_0.jpg,600,800
farmed_carassius_auratus__00033,鲫鱼/jiyu (128)_0.jpg,600,800
farmed_carassius_auratus__00034,鲫鱼/jiyu (129)_0.jpg,600,800
farmed_carassius_auratus__00035,鲫鱼/jiyu (13)_0.jpg,800,360
farmed_carassius_auratus__00036,鲫鱼/jiyu (130)_0.jpg,600,800
farmed_carassius_auratus__00037,鲫鱼/jiyu (131)_0.jpg,600,800
farmed_carassius_auratus__00038,鲫鱼/jiyu (132)_0.jpg,600,800
farmed_carassius_auratus__00039,鲫鱼/jiyu (133)_0.jpg,600,800
farmed_carassius_auratus__00040,鲫鱼/jiyu (134)_0.jpg,600,800
farmed_carassius_auratus__00041,鲫鱼/jiyu (135)_0.jpg,600,800
farmed_carassius_auratus__00042,鲫鱼/jiyu (136)_0.jpg,600,800
farmed_carassius_auratus__00043,鲫鱼/jiyu (137)_0.jpg,600,800
farmed_carassius_auratus__00044,鲫鱼/jiyu (138)_0.jpg,600,799
farmed_carassius_auratus__00045,鲫鱼/jiyu (139)_0.jpg,800,602
farmed_carassius_auratus__00046,鲫鱼/jiyu (14)_0.jpg,360,800
farmed_carassius_auratus__00047,鲫鱼/jiyu (140)_0.jpg,800,600
farmed_carassius_auratus__00048,鲫鱼/jiyu (141)_0.jpg,800,600
farmed_carassius_auratus__00049,鲫鱼/jiyu (142)_0.jpg,800,600
farmed_carassius_auratus__00050,鲫鱼/jiyu (143)_0.jpg,800,600
farmed_carassius_auratus__00051,鲫鱼/jiyu (144)_0.jpg,800,600
farmed_carassius_auratus__00052,鲫鱼/jiyu (145)_0.jpg,800,600
farmed_carassius_auratus__00053,鲫鱼/jiyu (146)_0.jpg,800,600
farmed_carassius_auratus__00054,鲫鱼/jiyu (147)_0.jpg,800,600
farmed_carassius_auratus__00055,鲫鱼/jiyu (148)_0.jpg,800,600
farmed_carassius_auratus__00056,鲫鱼/jiyu (149)_0.jpg,800,600
farmed_carassius_auratus__00057,鲫鱼/jiyu (15)_0.jpg,360,800
farmed_carassius_auratus__00058,鲫鱼/jiyu (150)_0.jpg,800,600
farmed_carassius_auratus__00059,鲫鱼/jiyu (151)_0.jpg,800,600
farmed_carassius_auratus__00060,鲫鱼/jiyu (152)_0.jpg,800,600
farmed_carassius_auratus__00061,鲫鱼/jiyu (153)_0.jpg,800,600
farmed_carassius_auratus__00062,鲫鱼/jiyu (154)_0.jpg,800,600
farmed_carassius_auratus__00063,鲫鱼/jiyu (155)_0.jpg,800,600
farmed_carassius_auratus__00064,鲫鱼/jiyu (156)_0.jpg,800,600
farmed_carassius_auratus__00065,鲫鱼/jiyu (157)_0.jpg,800,600
farmed_carassius_auratus__00066,鲫鱼/jiyu (158)_0.jpg,800,600
farmed_carassius_auratus__00067,鲫鱼/jiyu (159)_0.jpg,800,549
farmed_carassius_auratus__00068,鲫鱼/jiyu (16)_0.jpg,800,360
farmed_carassius_auratus__00069,鲫鱼/jiyu (160)_0.jpg,800,464
farmed_carassius_auratus__00070,鲫鱼/jiyu (161)_0.jpg,800,488
farmed_carassius_auratus__00071,鲫鱼/jiyu (162)_0.jpg,800,442
farmed_carassius_auratus__00072,鲫鱼/jiyu (163)_0.jpg,800,566
farmed_carassius_auratus__00073,鲫鱼/jiyu (164)_0.jpg,800,537
farmed_carassius_auratus__00074,鲫鱼/jiyu (165)_0.jpg,800,532
farmed_carassius_auratus__00075,鲫鱼/jiyu (166)_0.jpg,800,502
farmed_carassius_auratus__00076,鲫鱼/jiyu (167)_0.jpg,800,451
farmed_carassius_auratus__00077,鲫鱼/jiyu (168)_0.jpg,800,426
farmed_carassius_auratus__00078,鲫鱼/jiyu (169)_0.jpg,800,450
farmed_carassius_auratus__00079,鲫鱼/jiyu (17)_0.jpg,800,360
farmed_carassius_auratus__00080,鲫鱼/jiyu (170)_0.jpg,800,466
farmed_carassius_auratus__00081,鲫鱼/jiyu (171)_0.jpg,800,497
farmed_carassius_auratus__00082,鲫鱼/jiyu (172)_0.jpg,800,460
farmed_carassius_auratus__00083,鲫鱼/jiyu (173)_0.jpg,800,515
farmed_carassius_auratus__00084,鲫鱼/jiyu (174)_0.jpg,800,600
farmed_carassius_auratus__00085,鲫鱼/jiyu (175)_0.jpg,800,670
farmed_carassius_auratus__00086,鲫鱼/jiyu (176)_0.jpg,800,696
farmed_carassius_auratus__00087,鲫鱼/jiyu (177)_0.jpg,800,625
farmed_carassius_auratus__00088,鲫鱼/jiyu (178)_0.jpg,800,643
farmed_carassius_auratus__00089,鲫鱼/jiyu (179)_0.jpg,800,512
farmed_carassius_auratus__00090,鲫鱼/jiyu (18)_0.jpg,600,800
farmed_carassius_auratus__00091,鲫鱼/jiyu (180)_0.jpg,800,505
farmed_carassius_auratus__00092,鲫鱼/jiyu (181)_0.jpg,800,481
farmed_carassius_auratus__00093,鲫鱼/jiyu (182)_0.jpg,800,571
farmed_carassius_auratus__00094,鲫鱼/jiyu (183)_0.jpg,800,606
farmed_carassius_auratus__00095,鲫鱼/jiyu (184)_0.jpg,800,535
farmed_carassius_auratus__00096,鲫鱼/jiyu (185)_0.jpg,800,500
farmed_carassius_auratus__00097,鲫鱼/jiyu (186)_0.jpg,800,498
farmed_carassius_auratus__00098,鲫鱼/jiyu (187)_0.jpg,800,488
farmed_carassius_auratus__00099,鲫鱼/jiyu (188)_0.jpg,800,435
farmed_carassius_auratus__00100,鲫鱼/jiyu (189)_0.jpg,800,578
farmed_carassius_auratus__00101,鲫鱼/jiyu (19)_0.jpg,800,600
farmed_carassius_auratus__00102,鲫鱼/jiyu (190)_0.jpg,800,551
farmed_carassius_auratus__00103,鲫鱼/jiyu (191)_0.jpg,800,492
farmed_carassius_auratus__00104,鲫鱼/jiyu (192)_0.jpg,800,530
farmed_carassius_auratus__00105,鲫鱼/jiyu (193)_0.jpg,800,499
farmed_carassius_auratus__00106,鲫鱼/jiyu (194)_0.jpg,800,468
farmed_carassius_auratus__00107,鲫鱼/jiyu (195)_0.jpg,800,477
farmed_carassius_auratus__00108,鲫鱼/jiyu (196)_0.jpg,800,517
farmed_carassius_auratus__00109,鲫鱼/jiyu (197)_0.jpg,800,535
farmed_carassius_auratus__00110,鲫鱼/jiyu (198)_0.jpg,800,477
farmed_carassius_auratus__00111,鲫鱼/jiyu (199)_0.jpg,800,517
farmed_carassius_auratus__00112,鲫鱼/jiyu (2)_0.jpg,800,533
farmed_carassius_auratus__00113,鲫鱼/jiyu (20)_0.jpg,800,600
farmed_carassius_auratus__00114,鲫鱼/jiyu (200)_0.jpg,800,535
farmed_carassius_auratus__00115,鲫鱼/jiyu (201)_0.jpg,600,800
farmed_carassius_auratus__00116,鲫鱼/jiyu (202)_0.jpg,600,800
farmed_carassius_auratus__00117,鲫鱼/jiyu (203)_0.jpg,600,800
farmed_carassius_auratus__00118,鲫鱼/jiyu (204)_0.jpg,800,410
farmed_carassius_auratus__00119,鲫鱼/jiyu (205)_0.jpg,800,600
farmed_carassius_auratus__00120,鲫鱼/jiyu (206)_0.jpg,600,800
farmed_carassius_auratus__00121,鲫鱼/jiyu (207)_0.jpg,600,800
farmed_carassius_auratus__00122,鲫鱼/jiyu (208)_0.jpg,800,600
farmed_carassius_auratus__00123,鲫鱼/jiyu (209)_0.jpg,800,600
farmed_carassius_auratus__00124,鲫鱼/jiyu (21)_0.jpg,600,800
farmed_carassius_auratus__00125,鲫鱼/jiyu (210)_0.jpg,600,800
farmed_carassius_auratus__00126,鲫鱼/jiyu (211)_0.jpg,600,800
farmed_carassius_auratus__00127,鲫鱼/jiyu (212)_0.jpg,600,800
farmed_carassius_auratus__00128,鲫鱼/jiyu (213)_0.jpg,600,800
farmed_carassius_auratus__00129,鲫鱼/jiyu (214)_0.jpg,800,600
farmed_carassius_auratus__00130,鲫鱼/jiyu (215)_0.jpg,800,600
farmed_carassius_auratus__00131,鲫鱼/jiyu (216)_0.jpg,800,600
farmed_carassius_auratus__00132,鲫鱼/jiyu (217)_0.jpg,800,600
farmed_carassius_auratus__00133,鲫鱼/jiyu (218)_0.jpg,800,600
farmed_carassius_auratus__00134,鲫鱼/jiyu (219)_0.jpg,800,600
farmed_carassius_auratus__00135,鲫鱼/jiyu (22)_0.jpg,800,600
farmed_carassius_auratus__00136,鲫鱼/jiyu (220)_0.jpg,800,600
farmed_carassius_auratus__00137,鲫鱼/jiyu (221)_0.jpg,800,600
farmed_carassius_auratus__00138,鲫鱼/jiyu (222)_0.jpg,800,600
farmed_carassius_auratus__00139,鲫鱼/jiyu (223)_0.jpg,800,600
farmed_carassius_auratus__00140,鲫鱼/jiyu (224)_0.jpg,800,600
farmed_carassius_auratus__00141,鲫鱼/jiyu (225)_0.jpg,800,600
farmed_carassius_auratus__00142,鲫鱼/jiyu (226)_0.jpg,800,600
farmed_carassius_auratus__00143,鲫鱼/jiyu (227)_0.jpg,800,600
farmed_carassius_auratus__00144,鲫鱼/jiyu (228)_0.jpg,800,600
farmed_carassius_auratus__00145,鲫鱼/jiyu (229)_0.jpg,600,800
farmed_carassius_auratus__00146,鲫鱼/jiyu (23)_0.jpg,800,600
farmed_carassius_auratus__00147,鲫鱼/jiyu (230)_0.jpg,600,800
farmed_carassius_auratus__00148,鲫鱼/jiyu (231)_0.jpg,600,800
farmed_carassius_auratus__00149,鲫鱼/jiyu (232)_0.jpg,600,800
farmed_carassius_auratus__00150,鲫鱼/jiyu (233)_0.jpg,600,800
farmed_carassius_auratus__00151,鲫鱼/jiyu (234)_0.jpg,600,800
farmed_carassius_auratus__00152,鲫鱼/jiyu (235)_0.jpg,600,800
farmed_carassius_auratus__00153,鲫鱼/jiyu (236)_0.jpg,600,800
farmed_carassius_auratus__00154,鲫鱼/jiyu (237)_0.jpg,800,600
farmed_carassius_auratus__00155,鲫鱼/jiyu (238)_0.jpg,800,600
farmed_carassius_auratus__00156,鲫鱼/jiyu (239)_0.jpg,800,600
farmed_carassius_auratus__00157,鲫鱼/jiyu (24)_0.jpg,800,600
farmed_carassius_auratus__00158,鲫鱼/jiyu (240)_0.jpg,800,549
farmed_carassius_auratus__00159,鲫鱼/jiyu (241)_0.jpg,800,464
farmed_carassius_auratus__00160,鲫鱼/jiyu (242)_0.jpg,800,488
farmed_carassius_auratus__00161,鲫鱼/jiyu (243)_0.jpg,800,800
farmed_carassius_auratus__00162,鲫鱼/jiyu (25)_0.jpg,800,600
farmed_carassius_auratus__00163,鲫鱼/jiyu (26)_0.jpg,800,360
farmed_carassius_auratus__00164,鲫鱼/jiyu (27)_0.jpg,800,360
farmed_carassius_auratus__00165,鲫鱼/jiyu (28)_0.jpg,600,800
farmed_carassius_auratus__00166,鲫鱼/jiyu (29)_0.jpg,600,800
farmed_carassius_auratus__00167,鲫鱼/jiyu (3)_0.jpg,800,533
farmed_carassius_auratus__00168,鲫鱼/jiyu (30)_0.jpg,600,800
farmed_carassius_auratus__00169,鲫鱼/jiyu (31)_0.jpg,600,800
farmed_carassius_auratus__00170,鲫鱼/jiyu (32)_0.jpg,800,600
farmed_carassius_auratus__00171,鲫鱼/jiyu (33)_0.jpg,800,600
farmed_carassius_auratus__00172,鲫鱼/jiyu (34)_0.jpg,800,600
farmed_carassius_auratus__00173,鲫鱼/jiyu (35)_0.jpg,800,600
farmed_carassius_auratus__00174,鲫鱼/jiyu (36)_0.jpg,800,600
farmed_carassius_auratus__00175,鲫鱼/jiyu (37)_0.jpg,800,600
farmed_carassius_auratus__00176,鲫鱼/jiyu (38)_0.jpg,800,600
farmed_carassius_auratus__00177,鲫鱼/jiyu (39)_0.jpg,800,600
farmed_carassius_auratus__00178,鲫鱼/jiyu (4)_0.jpg,800,533
farmed_carassius_auratus__00179,鲫鱼/jiyu (40)_0.jpg,600,800
farmed_carassius_auratus__00180,鲫鱼/jiyu (41)_0.jpg,600,800
farmed_carassius_auratus__00181,鲫鱼/jiyu (42)_0.jpg,600,800
farmed_carassius_auratus__00182,鲫鱼/jiyu (43)_0.jpg,600,800
farmed_carassius_auratus__00183,鲫鱼/jiyu (44)_0.jpg,600,800
farmed_carassius_auratus__00184,鲫鱼/jiyu (45)_0.jpg,600,800
farmed_carassius_auratus__00185,鲫鱼/jiyu (46)_0.jpg,600,800
farmed_carassius_auratus__00186,鲫鱼/jiyu (47)_0.jpg,600,800
farmed_carassius_auratus__00187,鲫鱼/jiyu (48)_0.jpg,600,800
farmed_carassius_auratus__00188,鲫鱼/jiyu (49)_0.jpg,600,800
farmed_carassius_auratus__00189,鲫鱼/jiyu (5)_0.jpg,800,533
farmed_carassius_auratus__00190,鲫鱼/jiyu (50)_0.jpg,600,800
farmed_carassius_auratus__00191,鲫鱼/jiyu (51)_0.jpg,600,800
farmed_carassius_auratus__00192,鲫鱼/jiyu (52)_0.jpg,600,800
farmed_carassius_auratus__00193,鲫鱼/jiyu (53)_0.jpg,600,800
farmed_carassius_auratus__00194,鲫鱼/jiyu (54)_0.jpg,600,800
farmed_carassius_auratus__00195,鲫鱼/jiyu (55)_0.jpg,600,800
farmed_carassius_auratus__00196,鲫鱼/jiyu (56)_0.jpg,600,800
farmed_carassius_auratus__00197,鲫鱼/jiyu (57)_0.jpg,600,800
farmed_carassius_auratus__00198,鲫鱼/jiyu (58)_0.jpg,600,800
farmed_carassius_auratus__00199,鲫鱼/jiyu (59)_0.jpg,600,800
farmed_carassius_auratus__00200,鲫鱼/jiyu (6)_0.jpg,800,360
farmed_carassius_auratus__00201,鲫鱼/jiyu (60)_0.jpg,600,800
farmed_carassius_auratus__00202,鲫鱼/jiyu (61)_0.jpg,600,800
farmed_carassius_auratus__00203,鲫鱼/jiyu (62)_0.jpg,600,800
farmed_carassius_auratus__00204,鲫鱼/jiyu (63)_0.jpg,600,800
farmed_carassius_auratus__00205,鲫鱼/jiyu (64)_0.jpg,600,800
farmed_carassius_auratus__00206,鲫鱼/jiyu (65)_0.jpg,600,800
farmed_carassius_auratus__00207,鲫鱼/jiyu (66)_0.jpg,600,800
farmed_carassius_auratus__00208,鲫鱼/jiyu (67)_0.jpg,600,800
farmed_carassius_auratus__00209,鲫鱼/jiyu (68)_0.jpg,600,800
farmed_carassius_auratus__00210,鲫鱼/jiyu (69)_0.jpg,600,800
farmed_carassius_auratus__00211,鲫鱼/jiyu (7)_0.jpg,800,600
farmed_carassius_auratus__00212,鲫鱼/jiyu (70)_0.jpg,600,800
farmed_carassius_auratus__00213,鲫鱼/jiyu (71)_0.jpg,600,800
farmed_carassius_auratus__00214,鲫鱼/jiyu (72)_0.jpg,600,800
farmed_carassius_auratus__00215,鲫鱼/jiyu (73)_0.jpg,600,800
farmed_carassius_auratus__00216,鲫鱼/jiyu (74)_0.jpg,600,800
farmed_carassius_auratus__00217,鲫鱼/jiyu (75)_0.jpg,600,800
farmed_carassius_auratus__00218,鲫鱼/jiyu (76)_0.jpg,600,800
farmed_carassius_auratus__00219,鲫鱼/jiyu (77)_0.jpg,600,800
farmed_carassius_auratus__00220,鲫鱼/jiyu (78)_0.jpg,800,600
farmed_carassius_auratus__00221,鲫鱼/jiyu (79)_0.jpg,800,600
farmed_carassius_auratus__00222,鲫鱼/jiyu (8)_0.jpg,800,600
farmed_carassius_auratus__00223,鲫鱼/jiyu (80)_0.jpg,800,600
farmed_carassius_auratus__00224,鲫鱼/jiyu (81)_0.jpg,800,600
farmed_carassius_auratus__00225,鲫鱼/jiyu (82)_0.jpg,800,600
farmed_carassius_auratus__00226,鲫鱼/jiyu (83)_0.jpg,800,600
farmed_carassius_auratus__00227,鲫鱼/jiyu (84)_0.jpg,600,800
farmed_carassius_auratus__00228,鲫鱼/jiyu (85)_0.jpg,800,600
farmed_carassius_auratus__00229,鲫鱼/jiyu (86)_0.jpg,600,800
farmed_carassius_auratus__00230,鲫鱼/jiyu (87)_0.jpg,600,800
farmed_carassius_auratus__00231,鲫鱼/jiyu (88)_0.jpg,600,800
farmed_carassius_auratus__00232,鲫鱼/jiyu (89)_0.jpg,600,800
farmed_carassius_auratus__00233,鲫鱼/jiyu (9)_0.jpg,600,800
farmed_carassius_auratus__00234,鲫鱼/jiyu (90)_0.jpg,600,800
farmed_carassius_auratus__00235,鲫鱼/jiyu (91)_0.jpg,600,800
farmed_carassius_auratus__00236,鲫鱼/jiyu (92)_0.jpg,600,800
farmed_carassius_auratus__00237,鲫鱼/jiyu (93)_0.jpg,600,800
farmed_carassius_auratus__00238,鲫鱼/jiyu (94)_0.jpg,600,800
farmed_carassius_auratus__00239,鲫鱼/jiyu (95)_0.jpg,600,800
farmed_carassius_auratus__00240,鲫鱼/jiyu (96)_0.jpg,600,800
farmed_carassius_auratus__00241,鲫鱼/jiyu (97)_0.jpg,600,800
farmed_carassius_auratus__00242,鲫鱼/jiyu (98)_0.jpg,600,800
farmed_carassius_auratus__00243,鲫鱼/jiyu (99)_0.jpg,600,800
farmed_hypophthalmichthys_nobilis__00001,鳙鱼/032160f92c740f70e74e644c564c0de_0.jpg,800,600
farmed_hypophthalmichthys_nobilis__00002,鳙鱼/2023-07-25_08-03-48_0.jpg,600,800
farmed_hypophthalmichthys_nobilis__00003,鳙鱼/2023-07-27_07-56-39_0.jpg,600,800
farmed_hypophthalmichthys_nobilis__00004,鳙鱼/2211814db302574432d7c0be85d1f52_0.jpg,800,600
farmed_hypophthalmichthys_nobilis__00005,鳙鱼/2f1b46b980b8295b7582e683415bebd_0.jpg,800,599
farmed_hypophthalmichthys_nobilis__00006,鳙鱼/384ad949b1553376f3167af84bef686_0.jpg,800,599
farmed_hypophthalmichthys_nobilis__00007,鳙鱼/5e245d44572fcbad7cbf3c0d06a7b34_0.jpg,800,600
farmed_hypophthalmichthys_nobilis__00008,鳙鱼/68435167b5c5e24b81301f1c7657c4b_0.jpg,800,600
farmed_hypophthalmichthys_nobilis__00009,鳙鱼/fc10ea5cfe35826400d1d0ee32e7cab_0.jpg,800,599
farmed_hypophthalmichthys_nobilis__00010,鳙鱼/yangzhiyong (1)_0.jpg,450,800
farmed_hypophthalmichthys_nobilis__00011,鳙鱼/yangzhiyong (10)_0.jpg,450,800
farmed_hypophthalmichthys_nobilis__00012,鳙鱼/yangzhiyong (100)_0.jpg,600,800
farmed_hypophthalmichthys_nobilis__00013,鳙鱼/yangzhiyong (11)_0.jpg,800,450
farmed_hypophthalmichthys_nobilis__00014,鳙鱼/yangzhiyong (12)_0.jpg,800,450
farmed_hypophthalmichthys_nobilis__00015,鳙鱼/yangzhiyong (13)_0.jpg,800,450
farmed_hypophthalmichthys_nobilis__00016,鳙鱼/yangzhiyong (14)_0.jpg,800,450
farmed_hypophthalmichthys_nobilis__00017,鳙鱼/yangzhiyong (15)_0.jpg,800,450
farmed_hypophthalmichthys_nobilis__00018,鳙鱼/yangzhiyong (16)_0.jpg,800,450
farmed_hypophthalmichthys_nobilis__00019,鳙鱼/yangzhiyong (17)_0.jpg,800,450
farmed_hypophthalmichthys_nobilis__00020,鳙鱼/yangzhiyong (18)_0.jpg,450,800
farmed_hypophthalmichthys_nobilis__00021,鳙鱼/yangzhiyong (19)_0.jpg,450,800
farmed_hypophthalmichthys_nobilis__00022,鳙鱼/yangzhiyong (2)_0.jpg,800,450
farmed_hypophthalmichthys_nobilis__00023,鳙鱼/yangzhiyong (20)_0.jpg,800,450
farmed_hypophthalmichthys_nobilis__00024,鳙鱼/yangzhiyong (21)_0.jpg,800,450
farmed_hypophthalmichthys_nobilis__00025,鳙鱼/yangzhiyong (22)_0.jpg,800,450
farmed_hypophthalmichthys_nobilis__00026,鳙鱼/yangzhiyong (23)_0.jpg,800,450
farmed_hypophthalmichthys_nobilis__00027,鳙鱼/yangzhiyong (24)_0.jpg,800,450
farmed_hypophthalmichthys_nobilis__00028,鳙鱼/yangzhiyong (25)_0.jpg,800,450
farmed_hypophthalmichthys_nobilis__00029,鳙鱼/yangzhiyong (26)_0.jpg,800,450
farmed_hypophthalmichthys_nobilis__00030,鳙鱼/yangzhiyong (27)_0.jpg,800,450
farmed_hypophthalmichthys_nobilis__00031,鳙鱼/yangzhiyong (28)_0.jpg,450,800
farmed_hypophthalmichthys_nobilis__00032,鳙鱼/yangzhiyong (29)_0.jpg,450,800
farmed_hypophthalmichthys_nobilis__00033,鳙鱼/yangzhiyong (3)_0.jpg,450,800
farmed_hypophthalmichthys_nobilis__00034,鳙鱼/yangzhiyong (30)_0.jpg,450,800
farmed_hypophthalmichthys_nobilis__00035,鳙鱼/yangzhiyong (31)_0.jpg,450,800
farmed_hypophthalmichthys_nobilis__00036,鳙鱼/yangzhiyong (32)_0.jpg,450,800
farmed_hypophthalmichthys_nobilis__00037,鳙鱼/yangzhiyong (33)_0.jpg,450,800
farmed_hypophthalmichthys_nobilis__00038,鳙鱼/yangzhiyong (34)_0.jpg,800,450
farmed_hypophthalmichthys_nobilis__00039,鳙鱼/yangzhiyong (35)_0.jpg,800,450
farmed_hypophthalmichthys_nobilis__00040,鳙鱼/yangzhiyong (36)_0.jpg,450,800
farmed_hypophthalmichthys_nobilis__00041,鳙鱼/yangzhiyong (37)_0.jpg,800,450
farmed_hypophthalmichthys_nobilis__00042,鳙鱼/yangzhiyong (38)_0.jpg,800,450
farmed_hypophthalmichthys_nobilis__00043,鳙鱼/yangzhiyong (39)_0.jpg,800,450
farmed_hypophthalmichthys_nobilis__00044,鳙鱼/yangzhiyong (4)_0.jpg,800,450
farmed_hypophthalmichthys_nobilis__00045,鳙鱼/yangzhiyong (40)_0.jpg,800,450
farmed_hypophthalmichthys_nobilis__00046,鳙鱼/yangzhiyong (41)_0.jpg,800,450
farmed_hypophthalmichthys_nobilis__00047,鳙鱼/yangzhiyong (42)_0.jpg,800,450
farmed_hypophthalmichthys_nobilis__00048,鳙鱼/yangzhiyong (43)_0.jpg,800,450
farmed_hypophthalmichthys_nobilis__00049,鳙鱼/yangzhiyong (44)_0.jpg,800,450
farmed_hypophthalmichthys_nobilis__00050,鳙鱼/yangzhiyong (45)_0.jpg,800,450
farmed_hypophthalmichthys_nobilis__00051,鳙鱼/yangzhiyong (46)_0.jpg,800,450
farmed_hypophthalmichthys_nobilis__00052,鳙鱼/yangzhiyong (47)_0.jpg,800,450
farmed_hypophthalmichthys_nobilis__00053,鳙鱼/yangzhiyong (48)_0.jpg,800,450
farmed_hypophthalmichthys_nobilis__00054,鳙鱼/yangzhiyong (49)_0.jpg,800,450
farmed_hypophthalmichthys_nobilis__00055,鳙鱼/yangzhiyong (5)_0.jpg,450,800
farmed_hypophthalmichthys_nobilis__00056,鳙鱼/yangzhiyong (50)_0.jpg,800,450
farmed_hypophthalmichthys_nobilis__00057,鳙鱼/yangzhiyong (51)_0.jpg,800,450
farmed_hypophthalmichthys_nobilis__00058,鳙鱼/yangzhiyong (52)_0.jpg,800,450
farmed_hypophthalmichthys_nobilis__00059,鳙鱼/yangzhiyong (53)_0.jpg,800,450
farmed_hypophthalmichthys_nobilis__00060,鳙鱼/yangzhiyong (54)_0.jpg,800,450
farmed_hypophthalmichthys_nobilis__00061,鳙鱼/yangzhiyong (55)_0.jpg,800,450
farmed_hypophthalmichthys_nobilis__00062,鳙鱼/yangzhiyong (56)_0.jpg,600,800
farmed_hypophthalmichthys_nobilis__00063,鳙鱼/yangzhiyong (57)_0.jpg,600,800
farmed_hypophthalmichthys_nobilis__00064,鳙鱼/yangzhiyong (58)_0.jpg,600,800
farmed_hypophthalmichthys_nobilis__00065,鳙鱼/yangzhiyong (59)_0.jpg,600,800
farmed_hypophthalmichthys_nobilis__00066,鳙鱼/yangzhiyong (6)_0.jpg,800,450
farmed_hypophthalmichthys_nobilis__00067,鳙鱼/yangzhiyong (60)_0.jpg,600,800
farmed_hypophthalmichthys_nobilis__00068,鳙鱼/yangzhiyong (61)_0.jpg,600,800
farmed_hypophthalmichthys_nobilis__00069,鳙鱼/yangzhiyong (62)_0.jpg,600,800
farmed_hypophthalmichthys_nobilis__00070,鳙鱼/yangzhiyong (63)_0.jpg,600,800
farmed_hypophthalmichthys_nobilis__00071,鳙鱼/yangzhiyong (64)_0.jpg,600,800
farmed_hypophthalmichthys_nobilis__00072,鳙鱼/yangzhiyong (65)_0.jpg,600,800
farmed_hypophthalmichthys_nobilis__00073,鳙鱼/yangzhiyong (66)_0.jpg,600,800
farmed_hypophthalmichthys_nobilis__00074,鳙鱼/yangzhiyong (67)_0.jpg,600,800
farmed_hypophthalmichthys_nobilis__00075,鳙鱼/yangzhiyong (68)_0.jpg,600,800
farmed_hypophthalmichthys_nobilis__00076,鳙鱼/yangzhiyong (69)_0.jpg,600,800
farmed_hypophthalmichthys_nobilis__00077,鳙鱼/yangzhiyong (7)_0.jpg,800,450
farmed_hypophthalmichthys_nobilis__00078,鳙鱼/yangzhiyong (70)_0.jpg,600,800
farmed_hypophthalmichthys_nobilis__00079,鳙鱼/yangzhiyong (71)_0.jpg,600,800
farmed_hypophthalmichthys_nobilis__00080,鳙鱼/yangzhiyong (72)_0.jpg,600,800
farmed_hypophthalmichthys_nobilis__00081,鳙鱼/yangzhiyong (73)_0.jpg,600,800
farmed_hypophthalmichthys_nobilis__00082,鳙鱼/yangzhiyong (74)_0.jpg,600,800
farmed_hypophthalmichthys_nobilis__00083,鳙鱼/yangzhiyong (75)_0.jpg,600,800
farmed_hypophthalmichthys_nobilis__00084,鳙鱼/yangzhiyong (76)_0.jpg,600,800
farmed_hypophthalmichthys_nobilis__00085,鳙鱼/yangzhiyong (77)_0.jpg,600,800
farmed_hypophthalmichthys_nobilis__00086,鳙鱼/yangzhiyong (78)_0.jpg,600,800
farmed_hypophthalmichthys_nobilis__00087,鳙鱼/yangzhiyong (79)_0.jpg,600,800
farmed_hypophthalmichthys_nobilis__00088,鳙鱼/yangzhiyong (8)_0.jpg,450,800
farmed_hypophthalmichthys_nobilis__00089,鳙鱼/yangzhiyong (80)_0.jpg,600,800
farmed_hypophthalmichthys_nobilis__00090,鳙鱼/yangzhiyong (81)_0.jpg,600,800
farmed_hypophthalmichthys_nobilis__00091,鳙鱼/yangzhiyong (82)_0.jpg,600,800
farmed_hypophthalmichthys_nobilis__00092,鳙鱼/yangzhiyong (83)_0.jpg,600,800
farmed_hypophthalmichthys_nobilis__00093,鳙鱼/yangzhiyong (84)_0.jpg,600,800
farmed_hypophthalmichthys_nobilis__00094,鳙鱼/yangzhiyong (85)_0.jpg,600,800
farmed_hypophthalmichthys_nobilis__00095,鳙鱼/yangzhiyong (86)_0.jpg,600,800
farmed_hypophthalmichthys_nobilis__00096,鳙鱼/yangzhiyong (87)_0.jpg,600,800
farmed_hypophthalmichthys_nobilis__00097,鳙鱼/yangzhiyong (88)_0.jpg,600,800
farmed_hypophthalmichthys_nobilis__00098,鳙鱼/yangzhiyong (89)_0.jpg,600,800
farmed_hypophthalmichthys_nobilis__00099,鳙鱼/yangzhiyong (9)_0.jpg,450,800
farmed_hypophthalmichthys_nobilis__00100,鳙鱼/yangzhiyong (90)_0.jpg,600,800
farmed_hypophthalmichthys_nobilis__00101,鳙鱼/yangzhiyong (91)_0.jpg,600,800
farmed_hypophthalmichthys_nobilis__00102,鳙鱼/yangzhiyong (92)_0.jpg,600,800
farmed_hypophthalmichthys_nobilis__00103,鳙鱼/yangzhiyong (93)_0.jpg,600,800
farmed_hypophthalmichthys_nobilis__00104,鳙鱼/yangzhiyong (94)_0.jpg,600,800
farmed_hypophthalmichthys_nobilis__00105,鳙鱼/yangzhiyong (95)_0.jpg,600,800
farmed_hypophthalmichthys_nobilis__00106,鳙鱼/yangzhiyong (96)_0.jpg,600,800
farmed_hypophthalmichthys_nobilis__00107,鳙鱼/yangzhiyong (97)_0.jpg,600,800
farmed_hypophthalmichthys_nobilis__00108,鳙鱼/yangzhiyong (98)_0.jpg,600,800
farmed_hypophthalmichthys_nobilis__00109,鳙鱼/yangzhiyong (99)_0.jpg,600,800
farmed_siniperca_chuatsi__00001,鳜鱼/guiyu (1)_0.jpg,800,600
farmed_siniperca_chuatsi__00002,鳜鱼/guiyu (10)_0.jpg,800,600
farmed_siniperca_chuatsi__00003,鳜鱼/guiyu (100)_0.jpg,800,451
farmed_siniperca_chuatsi__00004,鳜鱼/guiyu (101)_0.jpg,600,800
farmed_siniperca_chuatsi__00005,鳜鱼/guiyu (102)_0.jpg,600,800
farmed_siniperca_chuatsi__00006,鳜鱼/guiyu (103)_0.jpg,600,800
farmed_siniperca_chuatsi__00007,鳜鱼/guiyu (104)_0.jpg,600,800
farmed_siniperca_chuatsi__00008,鳜鱼/guiyu (105)_0.jpg,600,800
farmed_siniperca_chuatsi__00009,鳜鱼/guiyu (106)_0.jpg,600,800
farmed_siniperca_chuatsi__00010,鳜鱼/guiyu (107)_0.jpg,600,800
farmed_siniperca_chuatsi__00011,鳜鱼/guiyu (108)_0.jpg,600,800
farmed_siniperca_chuatsi__00012,鳜鱼/guiyu (109)_0.jpg,600,800
farmed_siniperca_chuatsi__00013,鳜鱼/guiyu (11)_0.jpg,800,533
farmed_siniperca_chuatsi__00014,鳜鱼/guiyu (110)_0.jpg,600,800
farmed_siniperca_chuatsi__00015,鳜鱼/guiyu (111)_0.jpg,600,800
farmed_siniperca_chuatsi__00016,鳜鱼/guiyu (112)_0.jpg,600,800
farmed_siniperca_chuatsi__00017,鳜鱼/guiyu (113)_0.jpg,600,800
farmed_siniperca_chuatsi__00018,鳜鱼/guiyu (114)_0.jpg,600,800
farmed_siniperca_chuatsi__00019,鳜鱼/guiyu (115)_0.jpg,600,800
farmed_siniperca_chuatsi__00020,鳜鱼/guiyu (116)_0.jpg,600,800
farmed_siniperca_chuatsi__00021,鳜鱼/guiyu (117)_0.jpg,600,800
farmed_siniperca_chuatsi__00022,鳜鱼/guiyu (118)_0.jpg,600,800
farmed_siniperca_chuatsi__00023,鳜鱼/guiyu (119)_0.jpg,600,800
farmed_siniperca_chuatsi__00024,鳜鱼/guiyu (12)_0.jpg,800,533
farmed_siniperca_chuatsi__00025,鳜鱼/guiyu (120)_0.jpg,600,800
farmed_siniperca_chuatsi__00026,鳜鱼/guiyu (13)_0.jpg,800,533
farmed_siniperca_chuatsi__00027,鳜鱼/guiyu (14)_0.jpg,800,533
farmed_siniperca_chuatsi__00028,鳜鱼/guiyu (15)_0.jpg,800,600
farmed_siniperca_chuatsi__00029,鳜鱼/guiyu (16)_0.jpg,800,600
farmed_siniperca_chuatsi__00030,鳜鱼/guiyu (17)_0.jpg,600,800
farmed_siniperca_chuatsi__00031,鳜鱼/guiyu (18)_0.jpg,800,600
farmed_siniperca_chuatsi__00032,鳜鱼/guiyu (19)_0.jpg,800,600
farmed_siniperca_chuatsi__00033,鳜鱼/guiyu (2)_0.jpg,800,600
farmed_siniperca_chuatsi__00034,鳜鱼/guiyu (20)_0.jpg,800,600
farmed_siniperca_chuatsi__00035,鳜鱼/guiyu (21)_0.jpg,800,599
farmed_siniperca_chuatsi__00036,鳜鱼/guiyu (22)_0.jpg,800,599
farmed_siniperca_chuatsi__00037,鳜鱼/guiyu (23)_0.jpg,800,599
farmed_siniperca_chuatsi__00038,鳜鱼/guiyu (24)_0.jpg,800,599
farmed_siniperca_chuatsi__00039,鳜鱼/guiyu (25)_0.jpg,800,599
farmed_siniperca_chuatsi__00040,鳜鱼/guiyu (26)_0.jpg,800,599
farmed_siniperca_chuatsi__00041,鳜鱼/guiyu (27)_0.jpg,800,599
farmed_siniperca_chuatsi__00042,鳜鱼/guiyu (28)_0.jpg,800,599
farmed_siniperca_chuatsi__00043,鳜鱼/guiyu (29)_0.jpg,800,599
farmed_siniperca_chuatsi__00044,鳜鱼/guiyu (3)_0.jpg,800,600
farmed_siniperca_chuatsi__00045,鳜鱼/guiyu (30)_0.jpg,800,599
farmed_siniperca_chuatsi__00046,鳜鱼/guiyu (31)_0.jpg,800,599
farmed_siniperca_chuatsi__00047,鳜鱼/guiyu (32)_0.jpg,800,599
farmed_siniperca_chuatsi__00048,鳜鱼/guiyu (33)_0.jpg,800,599
farmed_siniperca_chuatsi__00049,鳜鱼/guiyu (34)_0.jpg,600,800
farmed_siniperca_chuatsi__00050,鳜鱼/guiyu (35)_0.jpg,600,800
farmed_siniperca_chuatsi__00051,鳜鱼/guiyu (36)_0.jpg,600,800
farmed_siniperca_chuatsi__00052,鳜鱼/guiyu (37)_0.jpg,600,800
farmed_siniperca_chuatsi__00053,鳜鱼/guiyu (38)_0.jpg,600,800
farmed_siniperca_chuatsi__00054,鳜鱼/guiyu (39)_0.jpg,600,800
farmed_siniperca_chuatsi__00055,鳜鱼/guiyu (4)_0.jpg,800,600
farmed_siniperca_chuatsi__00056,鳜鱼/guiyu (40)_0.jpg,600,800
farmed_siniperca_chuatsi__00057,鳜鱼/guiyu (41)_0.jpg,600,800
farmed_siniperca_chuatsi__00058,鳜鱼/guiyu (42)_0.jpg,600,800
farmed_siniperca_chuatsi__00059,鳜鱼/guiyu (43)_0.jpg,600,800
farmed_siniperca_chuatsi__00060,鳜鱼/guiyu (44)_0.jpg,600,800
farmed_siniperca_chuatsi__00061,鳜鱼/guiyu (45)_0.jpg,600,800
farmed_siniperca_chuatsi__00062,鳜鱼/guiyu (46)_0.jpg,600,800
farmed_siniperca_chuatsi__00063,鳜鱼/guiyu (47)_0.jpg,600,800
farmed_siniperca_chuatsi__00064,鳜鱼/guiyu (48)_0.jpg,600,800
farmed_siniperca_chuatsi__00065,鳜鱼/guiyu (49)_0.jpg,600,800
farmed_siniperca_chuatsi__00066,鳜鱼/guiyu (5)_0.jpg,800,600
farmed_siniperca_chuatsi__00067,鳜鱼/guiyu (50)_0.jpg,600,800
farmed_siniperca_chuatsi__00068,鳜鱼/guiyu (51)_0.jpg,600,800
farmed_siniperca_chuatsi__00069,鳜鱼/guiyu (52)_0.jpg,600,800
farmed_siniperca_chuatsi__00070,鳜鱼/guiyu (53)_0.jpg,600,800
farmed_siniperca_chuatsi__00071,鳜鱼/guiyu (54)_0.jpg,600,800
farmed_siniperca_chuatsi__00072,鳜鱼/guiyu (55)_0.jpg,600,800
farmed_siniperca_chuatsi__00073,鳜鱼/guiyu (56)_0.jpg,600,800
farmed_siniperca_chuatsi__00074,鳜鱼/guiyu (57)_0.jpg,600,800
farmed_siniperca_chuatsi__00075,鳜鱼/guiyu (58)_0.jpg,800,533
farmed_siniperca_chuatsi__00076,鳜鱼/guiyu (59)_0.jpg,600,800
farmed_siniperca_chuatsi__00077,鳜鱼/guiyu (6)_0.jpg,800,600
farmed_siniperca_chuatsi__00078,鳜鱼/guiyu (60)_0.jpg,800,533
farmed_siniperca_chuatsi__00079,鳜鱼/guiyu (61)_0.jpg,800,533
farmed_siniperca_chuatsi__00080,鳜鱼/guiyu (62)_0.jpg,600,800
farmed_siniperca_chuatsi__00081,鳜鱼/guiyu (63)_0.jpg,600,800
farmed_siniperca_chuatsi__00082,鳜鱼/guiyu (64)_0.jpg,800,600
farmed_siniperca_chuatsi__00083,鳜鱼/guiyu (65)_0.jpg,800,600
farmed_siniperca_chuatsi__00084,鳜鱼/guiyu (66)_0.jpg,800,600
farmed_siniperca_chuatsi__00085,鳜鱼/guiyu (67)_0.jpg,800,533
farmed_siniperca_chuatsi__00086,鳜鱼/guiyu (68)_0.jpg,800,600
farmed_siniperca_chuatsi__00087,鳜鱼/guiyu (69)_0.jpg,600,800
farmed_siniperca_chuatsi__00088,鳜鱼/guiyu (7)_0.jpg,600,800
farmed_siniperca_chuatsi__00089,鳜鱼/guiyu (70)_0.jpg,600,800
farmed_siniperca_chuatsi__00090,鳜鱼/guiyu (71)_0.jpg,800,600
farmed_siniperca_chuatsi__00091,鳜鱼/guiyu (72)_0.jpg,600,800
farmed_siniperca_chuatsi__00092,鳜鱼/guiyu (73)_0.jpg,800,600
farmed_siniperca_chuatsi__00093,鳜鱼/guiyu (74)_0.jpg,600,800
farmed_siniperca_chuatsi__00094,鳜鱼/guiyu (75)_0.jpg,800,600
farmed_siniperca_chuatsi__00095,鳜鱼/guiyu (76)_0.jpg,800,600
farmed_siniperca_chuatsi__00096,鳜鱼/guiyu (77)_0.jpg,800,533
farmed_siniperca_chuatsi__00097,鳜鱼/guiyu (78)_0.jpg,600,800
farmed_siniperca_chuatsi__00098,鳜鱼/guiyu (79)_0.jpg,800,451
farmed_siniperca_chuatsi__00099,鳜鱼/guiyu (8)_0.jpg,800,600
farmed_siniperca_chuatsi__00100,鳜鱼/guiyu (80)_0.jpg,600,800
farmed_siniperca_chuatsi__00101,鳜鱼/guiyu (81)_0.jpg,800,600
farmed_siniperca_chuatsi__00102,鳜鱼/guiyu (82)_0.jpg,800,600
farmed_siniperca_chuatsi__00103,鳜鱼/guiyu (83)_0.jpg,600,800
farmed_siniperca_chuatsi__00104,鳜鱼/guiyu (84)_0.jpg,600,800
farmed_siniperca_chuatsi__00105,鳜鱼/guiyu (85)_0.jpg,600,800
farmed_siniperca_chuatsi__00106,鳜鱼/guiyu (86)_0.jpg,600,800
farmed_siniperca_chuatsi__00107,鳜鱼/guiyu (87)_0.jpg,800,533
farmed_siniperca_chuatsi__00108,鳜鱼/guiyu (88)_0.jpg,600,800
farmed_siniperca_chuatsi__00109,鳜鱼/guiyu (89)_0.jpg,600,800
farmed_siniperca_chuatsi__00110,鳜鱼/guiyu (9)_0.jpg,600,800
farmed_siniperca_chuatsi__00111,鳜鱼/guiyu (90)_0.jpg,600,800
farmed_siniperca_chuatsi__00112,鳜鱼/guiyu (91)_0.jpg,600,800
farmed_siniperca_chuatsi__00113,鳜鱼/guiyu (92)_0.jpg,600,800
farmed_siniperca_chuatsi__00114,鳜鱼/guiyu (93)_0.jpg,800,600
farmed_siniperca_chuatsi__00115,鳜鱼/guiyu (94)_0.jpg,800,600
farmed_siniperca_chuatsi__00116,鳜鱼/guiyu (95)_0.jpg,600,800
farmed_siniperca_chuatsi__00117,鳜鱼/guiyu (98)_0.jpg,800,600
farmed_siniperca_chuatsi__00118,鳜鱼/guiyu (99)_0.jpg,800,600
