sample_uid,source_group_code,taxon_candidate,origin_label_source,stored_coordinate_discrepancy
farmed_coilia_nasus__00001,farmed_coilia_nasus,Coilia nasus,farmed,0.0002000000000066393
farmed_coilia_nasus__00002,farmed_coilia_nasus,Coilia nasus,farmed,0.0002000000000066393
farmed_coilia_nasus__00003,farmed_coilia_nasus,Coilia nasus,farmed,0.0002000000000066393
farmed_coilia_nasus__00004,farmed_coilia_nasus,Coilia nasus,farmed,0.0002000000000066393
farmed_coilia_nasus__00005,farmed_coilia_nasus,Coilia nasus,farmed,0.0002000000000066393
farmed_coilia_nasus__00006,farmed_coilia_nasus,Coilia nasus,farmed,0.0002000000000066393
farmed_coilia_nasus__00007,farmed_coilia_nasus,Coilia nasus,farmed,0.0002000000000066393
farmed_coilia_nasus__00008,farmed_coilia_nasus,Coilia nasus,farmed,0.0002000000000066393
farmed_coilia_nasus__00009,farmed_coilia_nasus,Coilia nasus,farmed,0.0002000000000066393
farmed_coilia_nasus__00010,farmed_coilia_nasus,Coilia nasus,farmed,0.0002000000000066393
farmed_coilia_nasus__00011,farmed_coilia_nasus,Coilia nasus,farmed,0.0002000000000066393
farmed_coilia_nasus__00012,farmed_coilia_nasus,Coilia nasus,farmed,0.0002000000000066393
farmed_coilia_nasus__00013,farmed_coilia_nasus,Coilia nasus,farmed,0.0002000000000066393
farmed_coilia_nasus__00014,farmed_coilia_nasus,Coilia nasus,farmed,0.0002000000000066393
farmed_coilia_nasus__00015,farmed_coilia_nasus,Coilia nasus,farmed,0.0002000000000066393
farmed_coilia_nasus__00016,farmed_coilia_nasus,Coilia nasus,farmed,0.0002000000000066393
farmed_coilia_nasus__00017,farmed_coilia_nasus,Coilia nasus,farmed,0.0002000000000066393
farmed_coilia_nasus__00018,farmed_coilia_nasus,Coilia nasus,farmed,0.0002000000000066393
farmed_coilia_nasus__00019,farmed_coilia_nasus,Coilia nasus,farmed,0.0002000000000066393
farmed_coilia_nasus__00020,farmed_coilia_nasus,Coilia nasus,farmed,0.0002000000000066393
farmed_coilia_nasus__00021,farmed_coilia_nasus,Coilia nasus,farmed,0.0002000000000066393
farmed_coilia_nasus__00022,farmed_coilia_nasus,Coilia nasus,farmed,0.0002000000000066393
farmed_coilia_nasus__00023,farmed_coilia_nasus,Coilia nasus,farmed,0.0002000000000066393
farmed_coilia_nasus__00024,farmed_coilia_nasus,Coilia nasus,farmed,0.0002000000000066393
farmed_coilia_nasus__00025,farmed_coilia_nasus,Coilia nasus,farmed,0.0002000000000066393
farmed_coilia_nasus__00026,farmed_coilia_nasus,Coilia nasus,farmed,0.0002000000000066393
farmed_coilia_nasus__00027,farmed_coilia_nasus,Coilia nasus,farmed,0.0002000000000066393
farmed_coilia_nasus__00028,farmed_coilia_nasus,Coilia nasus,farmed,0.0002000000000066393
farmed_coilia_nasus__00029,farmed_coilia_nasus,Coilia nasus,farmed,0.0002000000000066393
farmed_coilia_nasus__00030,farmed_coilia_nasus,Coilia nasus,farmed,0.0002000000000066393
farmed_coilia_nasus__00031,farmed_coilia_nasus,Coilia nasus,farmed,0.0002000000000066393
farmed_coilia_nasus__00032,farmed_coilia_nasus,Coilia nasus,farmed,0.0002000000000066393
farmed_coilia_nasus__00033,farmed_coilia_nasus,Coilia nasus,farmed,0.0002000000000066393
farmed_coilia_nasus__00034,farmed_coilia_nasus,Coilia nasus,farmed,0.0002000000000066393
farmed_coilia_nasus__00035,farmed_coilia_nasus,Coilia nasus,farmed,0.0002000000000066393
farmed_coilia_nasus__00036,farmed_coilia_nasus,Coilia nasus,farmed,0.0002000000000066393
farmed_coilia_nasus__00037,farmed_coilia_nasus,Coilia nasus,farmed,0.0002000000000066393
farmed_coilia_nasus__00038,farmed_coilia_nasus,Coilia nasus,farmed,0.0002000000000066393
farmed_coilia_nasus__00039,farmed_coilia_nasus,Coilia nasus,farmed,0.0002000000000066393
farmed_coilia_nasus__00040,farmed_coilia_nasus,Coilia nasus,farmed,0.0002000000000066393
farmed_coilia_nasus__00041,farmed_coilia_nasus,Coilia nasus,farmed,0.0002000000000066393
farmed_coilia_nasus__00042,farmed_coilia_nasus,Coilia nasus,farmed,0.0002000000000066393
farmed_coilia_nasus__00043,farmed_coilia_nasus,Coilia nasus,farmed,0.0002000000000066393
farmed_coilia_nasus__00044,farmed_coilia_nasus,Coilia nasus,farmed,0.0002000000000066393
farmed_coilia_nasus__00045,farmed_coilia_nasus,Coilia nasus,farmed,0.0002000000000066393
farmed_coilia_nasus__00046,farmed_coilia_nasus,Coilia nasus,farmed,0.0002000000000066393
farmed_coilia_nasus__00047,farmed_coilia_nasus,Coilia nasus,farmed,0.0002000000000066393
farmed_coilia_nasus__00048,farmed_coilia_nasus,Coilia nasus,farmed,0.0002000000000066393
farmed_coilia_nasus__00049,farmed_coilia_nasus,Coilia nasus,farmed,0.0002000000000066393
farmed_coilia_nasus__00050,farmed_coilia_nasus,Coilia nasus,farmed,0.0002000000000066393
farmed_coilia_nasus__00051,farmed_coilia_nasus,Coilia nasus,farmed,0.0002000000000066393
farmed_coilia_nasus__00052,farmed_coilia_nasus,Coilia nasus,farmed,0.0002000000000066393
farmed_coilia_nasus__00053,farmed_coilia_nasus,Coilia nasus,farmed,0.0002000000000066393
farmed_coilia_nasus__00054,farmed_coilia_nasus,Coilia nasus,farmed,0.0002000000000066393
farmed_coilia_nasus__00055,farmed_coilia_nasus,Coilia nasus,farmed,0.0002000000000066393
farmed_coilia_nasus__00056,farmed_coilia_nasus,Coilia nasus,farmed,0.0002000000000066393
farmed_coilia_nasus__00057,farmed_coilia_nasus,Coilia nasus,farmed,0.0002000000000066393
farmed_coilia_nasus__00058,farmed_coilia_nasus,Coilia nasus,farmed,0.0002000000000066393
farmed_coilia_nasus__00059,farmed_coilia_nasus,Coilia nasus,farmed,0.0002000000000066393
farmed_coilia_nasus__00060,farmed_coilia_nasus,Coilia nasus,farmed,0.0002000000000066393
farmed_coilia_nasus__00061,farmed_coilia_nasus,Coilia nasus,farmed,0.0002000000000066393
farmed_coilia_nasus__00062,farmed_coilia_nasus,Coilia nasus,farmed,0.0002000000000066393
farmed_coilia_nasus__00063,farmed_coilia_nasus,Coilia nasus,farmed,0.0002000000000066393
farmed_coilia_nasus__00064,farmed_coilia_nasus,Coilia nasus,farmed,0.0002000000000066393
farmed_coilia_nasus__00065,farmed_coilia_nasus,Coilia nasus,farmed,0.0002000000000066393
farmed_coilia_nasus__00066,farmed_coilia_nasus,Coilia nasus,farmed,0.0002000000000066393
farmed_coilia_nasus__00067,farmed_coilia_nasus,Coilia nasus,farmed,0.0002000000000066393
farmed_coilia_nasus__00068,farmed_coilia_nasus,Coilia nasus,farmed,0.0002000000000066393
farmed_coilia_nasus__00069,farmed_coilia_nasus,Coilia nasus,farmed,0.0002000000000066393
farmed_coilia_nasus__00070,farmed_coilia_nasus,Coilia nasus,farmed,0.0002000000000066393
farmed_coilia_nasus__00071,farmed_coilia_nasus,Coilia nasus,farmed,0.0002000000000066393
farmed_coilia_nasus__00072,farmed_coilia_nasus,Coilia nasus,farmed,0.0002000000000066393
farmed_coilia_nasus__00073,farmed_coilia_nasus,Coilia nasus,farmed,0.0002000000000066393
farmed_coilia_nasus__00074,farmed_coilia_nasus,Coilia nasus,farmed,0.0002000000000066393
farmed_coilia_nasus__00075,farmed_coilia_nasus,Coilia nasus,farmed,0.0002000000000066393
farmed_coilia_nasus__00076,farmed_coilia_nasus,Coilia nasus,farmed,0.0002000000000066393
farmed_coilia_nasus__00077,farmed_coilia_nasus,Coilia nasus,farmed,0.0002000000000066393
farmed_coilia_nasus__00078,farmed_coilia_nasus,Coilia nasus,farmed,0.0002000000000066393
farmed_coilia_nasus__00079,farmed_coilia_nasus,Coilia nasus,farmed,0.0002000000000066393
farmed_coilia_nasus__00080,farmed_coilia_nasus,Coilia nasus,farmed,0.0002000000000066393
farmed_coilia_nasus__00081,farmed_coilia_nasus,Coilia nasus,farmed,0.0002000000000066393
farmed_coilia_nasus__00082,farmed_coilia_nasus,Coilia nasus,farmed,0.0002000000000066393
farmed_coilia_nasus__00083,farmed_coilia_nasus,Coilia nasus,farmed,0.0002000000000066393
farmed_coilia_nasus__00084,farmed_coilia_nasus,Coilia nasus,farmed,0.0002000000000066393
farmed_coilia_nasus__00085,farmed_coilia_nasus,Coilia nasus,farmed,0.0002000000000066393
farmed_coilia_nasus__00086,farmed_coilia_nasus,Coilia nasus,farmed,0.0002000000000066393
farmed_coilia_nasus__00087,farmed_coilia_nasus,Coilia nasus,farmed,0.0002000000000066393
farmed_coilia_nasus__00088,farmed_coilia_nasus,Coilia nasus,farmed,0.0002000000000066393
farmed_coilia_nasus__00089,farmed_coilia_nasus,Coilia nasus,farmed,0.0002000000000066393
farmed_coilia_nasus__00090,farmed_coilia_nasus,Coilia nasus,farmed,0.0002000000000066393
farmed_coilia_nasus__00091,farmed_coilia_nasus,Coilia nasus,farmed,0.0002000000000066393
farmed_coilia_nasus__00092,farmed_coilia_nasus,Coilia nasus,farmed,0.0002000000000066393
farmed_coilia_nasus__00093,farmed_coilia_nasus,Coilia nasus,farmed,0.0002000000000066393
farmed_coilia_nasus__00094,farmed_coilia_nasus,Coilia nasus,farmed,0.0002000000000066393
farmed_coilia_nasus__00095,farmed_coilia_nasus,Coilia nasus,farmed,0.0002000000000066393
farmed_coilia_nasus__00096,farmed_coilia_nasus,Coilia nasus,farmed,0.0002000000000066393
farmed_coilia_nasus__00097,farmed_coilia_nasus,Coilia nasus,farmed,0.0002000000000066393
farmed_coilia_nasus__00098,farmed_coilia_nasus,Coilia nasus,farmed,0.0002000000000066393
farmed_coilia_nasus__00099,farmed_coilia_nasus,Coilia nasus,farmed,0.0002000000000066393
farmed_coilia_nasus__00100,farmed_coilia_nasus,Coilia nasus,farmed,0.0002000000000066393
farmed_coilia_nasus__00101,farmed_coilia_nasus,Coilia nasus,farmed,0.0002000000000066393
farmed_coilia_nasus__00102,farmed_coilia_nasus,Coilia nasus,farmed,0.0002000000000066393
farmed_megalobrama_amblycephala__00001,farmed_megalobrama_amblycephala,Megalobrama amblycephala,farmed,0.0002000000000066393
farmed_megalobrama_amblycephala__00002,farmed_megalobrama_amblycephala,Megalobrama amblycephala,farmed,0.0002899999999783631
farmed_megalobrama_amblycephala__00003,farmed_megalobrama_amblycephala,Megalobrama amblycephala,farmed,0.00044007272119477134
farmed_megalobrama_amblycephala__00004,farmed_megalobrama_amblycephala,Megalobrama amblycephala,farmed,0.0002619999999637912
farmed_megalobrama_amblycephala__00005,farmed_megalobrama_amblycephala,Megalobrama amblycephala,farmed,0.00019999999999242846
farmed_megalobrama_amblycephala__00006,farmed_megalobrama_amblycephala,Megalobrama amblycephala,farmed,0.00015999999999394277
farmed_megalobrama_amblycephala__00007,farmed_megalobrama_amblycephala,Megalobrama amblycephala,farmed,0.0002000000000066393
farmed_megalobrama_amblycephala__00008,farmed_megalobrama_amblycephala,Megalobrama amblycephala,farmed,0.0002000000000066393
farmed_megalobrama_amblycephala__00009,farmed_megalobrama_amblycephala,Megalobrama amblycephala,farmed,0.0002000000000066393
farmed_megalobrama_amblycephala__00010,farmed_megalobrama_amblycephala,Megalobrama amblycephala,farmed,0.0002000000000066393
farmed_megalobrama_amblycephala__00011,farmed_megalobrama_amblycephala,Megalobrama amblycephala,farmed,0.0002000000000066393
farmed_megalobrama_amblycephala__00012,farmed_megalobrama_amblycephala,Megalobrama amblycephala,farmed,0.0002000000000066393
farmed_megalobrama_amblycephala__00013,farmed_megalobrama_amblycephala,Megalobrama amblycephala,farmed,0.0002000000000066393
farmed_megalobrama_amblycephala__00014,farmed_megalobrama_amblycephala,Megalobrama amblycephala,farmed,0.0002000000000066393
farmed_megalobrama_amblycephala__00015,farmed_megalobrama_amblycephala,Megalobrama amblycephala,farmed,0.0002000000000066393
farmed_megalobrama_amblycephala__00016,farmed_megalobrama_amblycephala,Megalobrama amblycephala,farmed,0.0002000000000066393
farmed_megalobrama_amblycephala__00017,farmed_megalobrama_amblycephala,Megalobrama amblycephala,farmed,0.0002000000000066393
farmed_megalobrama_amblycephala__00018,farmed_megalobrama_amblycephala,Megalobrama amblycephala,farmed,0.0002000000000066393
farmed_megalobrama_amblycephala__00019,farmed_megalobrama_amblycephala,Megalobrama amblycephala,farmed,0.0002000000000066393
farmed_megalobrama_amblycephala__00020,farmed_megalobrama_amblycephala,Megalobrama amblycephala,farmed,0.0002000000000066393
farmed_megalobrama_amblycephala__00021,farmed_megalobrama_amblycephala,Megalobrama amblycephala,farmed,0.0002000000000066393
farmed_megalobrama_amblycephala__00022,farmed_megalobrama_amblycephala,Megalobrama amblycephala,farmed,0.0002000000000066393
farmed_megalobrama_amblycephala__00023,farmed_megalobrama_amblycephala,Megalobrama amblycephala,farmed,0.0002000000000066393
farmed_megalobrama_amblycephala__00024,farmed_megalobrama_amblycephala,Megalobrama amblycephala,farmed,0.0002000000000066393
farmed_megalobrama_amblycephala__00025,farmed_megalobrama_amblycephala,Megalobrama amblycephala,farmed,0.0002000000000066393
farmed_megalobrama_amblycephala__00026,farmed_megalobrama_amblycephala,Megalobrama amblycephala,farmed,0.00019999999999242846
farmed_megalobrama_amblycephala__00027,farmed_megalobrama_amblycephala,Megalobrama amblycephala,farmed,0.0002000000000066393
farmed_megalobrama_amblycephala__00028,farmed_megalobrama_amblycephala,Megalobrama amblycephala,farmed,0.0002000000000066393
farmed_megalobrama_amblycephala__00029,farmed_megalobrama_amblycephala,Megalobrama amblycephala,farmed,0.0002000000000066393
farmed_megalobrama_amblycephala__00030,farmed_megalobrama_amblycephala,Megalobrama amblycephala,farmed,0.0002000000000066393
farmed_megalobrama_amblycephala__00031,farmed_megalobrama_amblycephala,Megalobrama amblycephala,farmed,0.0002000000000066393
farmed_megalobrama_amblycephala__00032,farmed_megalobrama_amblycephala,Megalobrama amblycephala,farmed,0.0002000000000066393
farmed_megalobrama_amblycephala__00033,farmed_megalobrama_amblycephala,Megalobrama amblycephala,farmed,0.0002000000000066393
farmed_megalobrama_amblycephala__00034,farmed_megalobrama_amblycephala,Megalobrama amblycephala,farmed,0.0002000000000066393
farmed_megalobrama_amblycephala__00035,farmed_megalobrama_amblycephala,Megalobrama amblycephala,farmed,0.0002000000000066393
farmed_megalobrama_amblycephala__00036,farmed_megalobrama_amblycephala,Megalobrama amblycephala,farmed,0.0002000000000066393
farmed_megalobrama_amblycephala__00037,farmed_megalobrama_amblycephala,Megalobrama amblycephala,farmed,0.0001999999999782176
farmed_megalobrama_amblycephala__00038,farmed_megalobrama_amblycephala,Megalobrama amblycephala,farmed,0.0002000000000066393
farmed_megalobrama_amblycephala__00039,farmed_megalobrama_amblycephala,Megalobrama amblycephala,farmed,0.0002000000000066393
farmed_megalobrama_amblycephala__00040,farmed_megalobrama_amblycephala,Megalobrama amblycephala,farmed,0.0002000000000066393
farmed_megalobrama_amblycephala__00041,farmed_megalobrama_amblycephala,Megalobrama amblycephala,farmed,0.0002000000000066393
farmed_megalobrama_amblycephala__00042,farmed_megalobrama_amblycephala,Megalobrama amblycephala,farmed,0.0002000000000066393
farmed_megalobrama_amblycephala__00043,farmed_megalobrama_amblycephala,Megalobrama amblycephala,farmed,0.0002000000000066393
farmed_megalobrama_amblycephala__00044,farmed_megalobrama_amblycephala,Megalobrama amblycephala,farmed,0.0002000000000066393
farmed_megalobrama_amblycephala__00045,farmed_megalobrama_amblycephala,Megalobrama amblycephala,farmed,0.00019999999999242846
farmed_megalobrama_amblycephala__00046,farmed_megalobrama_amblycephala,Megalobrama amblycephala,farmed,0.0002000000000066393
farmed_megalobrama_amblycephala__00047,farmed_megalobrama_amblycephala,Megalobrama amblycephala,farmed,0.0002000000000066393
farmed_megalobrama_amblycephala__00048,farmed_megalobrama_amblycephala,Megalobrama amblycephala,farmed,0.0002000000000066393
farmed_megalobrama_amblycephala__00049,farmed_megalobrama_amblycephala,Megalobrama amblycephala,farmed,0.0002000000000066393
farmed_megalobrama_amblycephala__00050,farmed_megalobrama_amblycephala,Megalobrama amblycephala,farmed,0.0002000000000066393
farmed_megalobrama_amblycephala__00051,farmed_megalobrama_amblycephala,Megalobrama amblycephala,farmed,0.0002000000000066393
farmed_megalobrama_amblycephala__00052,farmed_megalobrama_amblycephala,Megalobrama amblycephala,farmed,0.0002000000000066393
farmed_megalobrama_amblycephala__00053,farmed_megalobrama_amblycephala,Megalobrama amblycephala,farmed,0.00020000000003506102
farmed_megalobrama_amblycephala__00054,farmed_megalobrama_amblycephala,Megalobrama amblycephala,farmed,0.0002000000000066393
farmed_megalobrama_amblycephala__00055,farmed_megalobrama_amblycephala,Megalobrama amblycephala,farmed,0.00019999999999242846
farmed_megalobrama_amblycephala__00056,farmed_megalobrama_amblycephala,Megalobrama amblycephala,farmed,0.0002000000000066393
farmed_megalobrama_amblycephala__00057,farmed_megalobrama_amblycephala,Megalobrama amblycephala,farmed,0.0002000000000066393
farmed_megalobrama_amblycephala__00058,farmed_megalobrama_amblycephala,Megalobrama amblycephala,farmed,0.0002000000000066393
farmed_megalobrama_amblycephala__00059,farmed_megalobrama_amblycephala,Megalobrama amblycephala,farmed,0.0002000000000066393
farmed_megalobrama_amblycephala__00060,farmed_megalobrama_amblycephala,Megalobrama amblycephala,farmed,0.00020000000003506102
farmed_megalobrama_amblycephala__00061,farmed_megalobrama_amblycephala,Megalobrama amblycephala,farmed,0.0002000000000066393
farmed_megalobrama_amblycephala__00062,farmed_megalobrama_amblycephala,Megalobrama amblycephala,farmed,0.0002000000000066393
farmed_megalobrama_amblycephala__00063,farmed_megalobrama_amblycephala,Megalobrama amblycephala,farmed,0.00020000000003506102
farmed_megalobrama_amblycephala__00064,farmed_megalobrama_amblycephala,Megalobrama amblycephala,farmed,0.0002000000000066393
farmed_megalobrama_amblycephala__00065,farmed_megalobrama_amblycephala,Megalobrama amblycephala,farmed,0.0002000000000066393
farmed_megalobrama_amblycephala__00066,farmed_megalobrama_amblycephala,Megalobrama amblycephala,farmed,0.0002000000000066393
farmed_megalobrama_amblycephala__00067,farmed_megalobrama_amblycephala,Megalobrama amblycephala,farmed,0.0002000000000066393
farmed_megalobrama_amblycephala__00068,farmed_megalobrama_amblycephala,Megalobrama amblycephala,farmed,0.0002000000000066393
farmed_megalobrama_amblycephala__00069,farmed_megalobrama_amblycephala,Megalobrama amblycephala,farmed,0.0002000000000066393
farmed_megalobrama_amblycephala__00070,farmed_megalobrama_amblycephala,Megalobrama amblycephala,farmed,0.0002000000000066393
farmed_megalobrama_amblycephala__00071,farmed_megalobrama_amblycephala,Megalobrama amblycephala,farmed,0.00020000000003506102
farmed_megalobrama_amblycephala__00072,farmed_megalobrama_amblycephala,Megalobrama amblycephala,farmed,0.00020000000003506102
farmed_megalobrama_amblycephala__00073,farmed_megalobrama_amblycephala,Megalobrama amblycephala,farmed,0.0002000000000066393
farmed_megalobrama_amblycephala__00074,farmed_megalobrama_amblycephala,Megalobrama amblycephala,farmed,0.0002000000000066393
farmed_megalobrama_amblycephala__00075,farmed_megalobrama_amblycephala,Megalobrama amblycephala,farmed,0.00019999999999242846
farmed_megalobrama_amblycephala__00076,farmed_megalobrama_amblycephala,Megalobrama amblycephala,farmed,0.0002000000000066393
farmed_megalobrama_amblycephala__00077,farmed_megalobrama_amblycephala,Megalobrama amblycephala,farmed,0.0002000000000066393
farmed_megalobrama_amblycephala__00078,farmed_megalobrama_amblycephala,Megalobrama amblycephala,farmed,0.0002000000000066393
farmed_megalobrama_amblycephala__00079,farmed_megalobrama_amblycephala,Megalobrama amblycephala,farmed,0.0002000000000066393
farmed_megalobrama_amblycephala__00080,farmed_megalobrama_amblycephala,Megalobrama amblycephala,farmed,0.00015000000001919034
farmed_megalobrama_amblycephala__00081,farmed_megalobrama_amblycephala,Megalobrama amblycephala,farmed,0.0002000000000066393
farmed_megalobrama_amblycephala__00082,farmed_megalobrama_amblycephala,Megalobrama amblycephala,farmed,0.00020000000003506102
farmed_megalobrama_amblycephala__00083,farmed_megalobrama_amblycephala,Megalobrama amblycephala,farmed,0.00019999999999242846
farmed_megalobrama_amblycephala__00084,farmed_megalobrama_amblycephala,Megalobrama amblycephala,farmed,0.0002000000000066393
farmed_megalobrama_amblycephala__00085,farmed_megalobrama_amblycephala,Megalobrama amblycephala,farmed,0.00019999999999242846
farmed_megalobrama_amblycephala__00086,farmed_megalobrama_amblycephala,Megalobrama amblycephala,farmed,0.0002000000000066393
farmed_megalobrama_amblycephala__00087,farmed_megalobrama_amblycephala,Megalobrama amblycephala,farmed,0.00020000000003506102
farmed_megalobrama_amblycephala__00088,farmed_megalobrama_amblycephala,Megalobrama amblycephala,farmed,0.0002000000000066393
farmed_megalobrama_amblycephala__00089,farmed_megalobrama_amblycephala,Megalobrama amblycephala,farmed,0.00020000000003506102
farmed_megalobrama_amblycephala__00090,farmed_megalobrama_amblycephala,Megalobrama amblycephala,farmed,0.0002000000000066393
farmed_megalobrama_amblycephala__00091,farmed_megalobrama_amblycephala,Megalobrama amblycephala,farmed,0.0002000000000066393
farmed_megalobrama_amblycephala__00092,farmed_megalobrama_amblycephala,Megalobrama amblycephala,farmed,0.0002000000000066393
farmed_megalobrama_amblycephala__00093,farmed_megalobrama_amblycephala,Megalobrama amblycephala,farmed,0.0002000000000066393
farmed_megalobrama_amblycephala__00094,farmed_megalobrama_amblycephala,Megalobrama amblycephala,farmed,0.0002000000000066393
farmed_megalobrama_amblycephala__00095,farmed_megalobrama_amblycephala,Megalobrama amblycephala,farmed,0.0002000000000066393
farmed_megalobrama_amblycephala__00096,farmed_megalobrama_amblycephala,Megalobrama amblycephala,farmed,0.0002000000000066393
farmed_megalobrama_amblycephala__00097,farmed_megalobrama_amblycephala,Megalobrama amblycephala,farmed,0.0002000000000066393
farmed_megalobrama_amblycephala__00098,farmed_megalobrama_amblycephala,Megalobrama amblycephala,farmed,0.0002000000000066393
farmed_megalobrama_amblycephala__00099,farmed_megalobrama_amblycephala,Megalobrama amblycephala,farmed,0.0002000000000066393
farmed_megalobrama_amblycephala__00100,farmed_megalobrama_amblycephala,Megalobrama amblycephala,farmed,0.0002000000000066393
farmed_megalobrama_amblycephala__00101,farmed_megalobrama_amblycephala,Megalobrama amblycephala,farmed,0.0002000000000066393
farmed_megalobrama_amblycephala__00102,farmed_megalobrama_amblycephala,Megalobrama amblycephala,farmed,0.0002000000000066393
farmed_culter_alburnus__00001,farmed_culter_alburnus,Culter alburnus,farmed,0.0002000000000066393
farmed_culter_alburnus__00002,farmed_culter_alburnus,Culter alburnus,farmed,0.0002000000000066393
farmed_culter_alburnus__00003,farmed_culter_alburnus,Culter alburnus,farmed,0.0002000000000066393
farmed_culter_alburnus__00004,farmed_culter_alburnus,Culter alburnus,farmed,0.0002000000000066393
farmed_culter_alburnus__00005,farmed_culter_alburnus,Culter alburnus,farmed,0.0002000000000066393
farmed_culter_alburnus__00006,farmed_culter_alburnus,Culter alburnus,farmed,0.0002000000000066393
farmed_culter_alburnus__00007,farmed_culter_alburnus,Culter alburnus,farmed,0.0002000000000066393
farmed_culter_alburnus__00008,farmed_culter_alburnus,Culter alburnus,farmed,0.0002000000000066393
farmed_culter_alburnus__00009,farmed_culter_alburnus,Culter alburnus,farmed,0.0002000000000066393
farmed_culter_alburnus__00010,farmed_culter_alburnus,Culter alburnus,farmed,0.0002000000000066393
farmed_culter_alburnus__00011,farmed_culter_alburnus,Culter alburnus,farmed,0.0002000000000066393
farmed_culter_alburnus__00012,farmed_culter_alburnus,Culter alburnus,farmed,0.00020000000003506102
farmed_culter_alburnus__00013,farmed_culter_alburnus,Culter alburnus,farmed,0.0002000000000066393
farmed_culter_alburnus__00014,farmed_culter_alburnus,Culter alburnus,farmed,0.0002000000000066393
farmed_culter_alburnus__00015,farmed_culter_alburnus,Culter alburnus,farmed,0.0002000000000066393
farmed_culter_alburnus__00016,farmed_culter_alburnus,Culter alburnus,farmed,0.0002000000000066393
farmed_culter_alburnus__00017,farmed_culter_alburnus,Culter alburnus,farmed,0.0002000000000066393
farmed_culter_alburnus__00018,farmed_culter_alburnus,Culter alburnus,farmed,0.0002000000000066393
farmed_culter_alburnus__00019,farmed_culter_alburnus,Culter alburnus,farmed,0.0002000000000066393
farmed_culter_alburnus__00020,farmed_culter_alburnus,Culter alburnus,farmed,0.0002000000000066393
farmed_culter_alburnus__00021,farmed_culter_alburnus,Culter alburnus,farmed,0.0002000000000066393
farmed_culter_alburnus__00022,farmed_culter_alburnus,Culter alburnus,farmed,0.0002000000000066393
farmed_culter_alburnus__00023,farmed_culter_alburnus,Culter alburnus,farmed,0.0002000000000066393
farmed_culter_alburnus__00024,farmed_culter_alburnus,Culter alburnus,farmed,0.00020000000003506102
farmed_culter_alburnus__00025,farmed_culter_alburnus,Culter alburnus,farmed,0.0002000000000066393
farmed_culter_alburnus__00026,farmed_culter_alburnus,Culter alburnus,farmed,0.00020000000003506102
farmed_culter_alburnus__00027,farmed_culter_alburnus,Culter alburnus,farmed,0.0002000000000066393
farmed_culter_alburnus__00028,farmed_culter_alburnus,Culter alburnus,farmed,0.0002000000000066393
farmed_culter_alburnus__00029,farmed_culter_alburnus,Culter alburnus,farmed,0.0002000000000066393
farmed_culter_alburnus__00030,farmed_culter_alburnus,Culter alburnus,farmed,0.0002000000000066393
farmed_culter_alburnus__00031,farmed_culter_alburnus,Culter alburnus,farmed,0.0002000000000066393
farmed_culter_alburnus__00032,farmed_culter_alburnus,Culter alburnus,farmed,0.0002000000000066393
farmed_culter_alburnus__00033,farmed_culter_alburnus,Culter alburnus,farmed,0.0002000000000066393
farmed_culter_alburnus__00034,farmed_culter_alburnus,Culter alburnus,farmed,0.0002000000000066393
farmed_culter_alburnus__00035,farmed_culter_alburnus,Culter alburnus,farmed,0.0002000000000066393
farmed_culter_alburnus__00036,farmed_culter_alburnus,Culter alburnus,farmed,0.0002000000000066393
farmed_culter_alburnus__00037,farmed_culter_alburnus,Culter alburnus,farmed,0.0001999999999497959
farmed_culter_alburnus__00038,farmed_culter_alburnus,Culter alburnus,farmed,0.0002000000000066393
farmed_culter_alburnus__00039,farmed_culter_alburnus,Culter alburnus,farmed,0.0002000000000066393
farmed_culter_alburnus__00040,farmed_culter_alburnus,Culter alburnus,farmed,0.0002000000000066393
farmed_culter_alburnus__00041,farmed_culter_alburnus,Culter alburnus,farmed,0.0002000000000066393
farmed_culter_alburnus__00042,farmed_culter_alburnus,Culter alburnus,farmed,0.0002000000000066393
farmed_culter_alburnus__00043,farmed_culter_alburnus,Culter alburnus,farmed,0.0002000000000066393
farmed_culter_alburnus__00044,farmed_culter_alburnus,Culter alburnus,farmed,0.0002000000000066393
farmed_culter_alburnus__00045,farmed_culter_alburnus,Culter alburnus,farmed,0.0002000000000066393
farmed_culter_alburnus__00046,farmed_culter_alburnus,Culter alburnus,farmed,0.0002000000000066393
farmed_culter_alburnus__00047,farmed_culter_alburnus,Culter alburnus,farmed,0.0002000000000066393
farmed_culter_alburnus__00048,farmed_culter_alburnus,Culter alburnus,farmed,0.0002000000000066393
farmed_culter_alburnus__00049,farmed_culter_alburnus,Culter alburnus,farmed,0.0002000000000066393
farmed_culter_alburnus__00050,farmed_culter_alburnus,Culter alburnus,farmed,0.0002000000000066393
farmed_culter_alburnus__00051,farmed_culter_alburnus,Culter alburnus,farmed,0.0002000000000066393
farmed_culter_alburnus__00052,farmed_culter_alburnus,Culter alburnus,farmed,0.0002000000000066393
farmed_culter_alburnus__00053,farmed_culter_alburnus,Culter alburnus,farmed,0.0002000000000066393
farmed_culter_alburnus__00054,farmed_culter_alburnus,Culter alburnus,farmed,0.0002000000000066393
farmed_culter_alburnus__00055,farmed_culter_alburnus,Culter alburnus,farmed,0.0002000000000066393
farmed_culter_alburnus__00056,farmed_culter_alburnus,Culter alburnus,farmed,0.0002000000000066393
farmed_culter_alburnus__00057,farmed_culter_alburnus,Culter alburnus,farmed,0.0002000000000066393
farmed_culter_alburnus__00058,farmed_culter_alburnus,Culter alburnus,farmed,0.0002000000000066393
farmed_culter_alburnus__00059,farmed_culter_alburnus,Culter alburnus,farmed,0.0002000000000066393
farmed_culter_alburnus__00060,farmed_culter_alburnus,Culter alburnus,farmed,0.0002000000000066393
farmed_culter_alburnus__00061,farmed_culter_alburnus,Culter alburnus,farmed,0.0002000000000066393
farmed_culter_alburnus__00062,farmed_culter_alburnus,Culter alburnus,farmed,0.0002000000000066393
farmed_culter_alburnus__00063,farmed_culter_alburnus,Culter alburnus,farmed,0.0002000000000066393
farmed_culter_alburnus__00064,farmed_culter_alburnus,Culter alburnus,farmed,0.0002000000000066393
farmed_culter_alburnus__00065,farmed_culter_alburnus,Culter alburnus,farmed,0.0002000000000066393
farmed_culter_alburnus__00066,farmed_culter_alburnus,Culter alburnus,farmed,0.0002000000000066393
farmed_culter_alburnus__00067,farmed_culter_alburnus,Culter alburnus,farmed,0.0002000000000066393
farmed_culter_alburnus__00068,farmed_culter_alburnus,Culter alburnus,farmed,0.0002000000000066393
farmed_culter_alburnus__00069,farmed_culter_alburnus,Culter alburnus,farmed,0.0002000000000066393
farmed_culter_alburnus__00070,farmed_culter_alburnus,Culter alburnus,farmed,0.0002000000000066393
farmed_culter_alburnus__00071,farmed_culter_alburnus,Culter alburnus,farmed,0.0002000000000066393
farmed_culter_alburnus__00072,farmed_culter_alburnus,Culter alburnus,farmed,0.0002000000000066393
farmed_culter_alburnus__00073,farmed_culter_alburnus,Culter alburnus,farmed,0.0002000000000066393
farmed_culter_alburnus__00074,farmed_culter_alburnus,Culter alburnus,farmed,0.0002000000000066393
farmed_culter_alburnus__00075,farmed_culter_alburnus,Culter alburnus,farmed,0.0002000000000066393
farmed_culter_alburnus__00076,farmed_culter_alburnus,Culter alburnus,farmed,0.0002000000000066393
farmed_culter_alburnus__00077,farmed_culter_alburnus,Culter alburnus,farmed,0.0002000000000066393
farmed_culter_alburnus__00078,farmed_culter_alburnus,Culter alburnus,farmed,0.0002000000000066393
farmed_culter_alburnus__00079,farmed_culter_alburnus,Culter alburnus,farmed,0.0002000000000066393
farmed_culter_alburnus__00080,farmed_culter_alburnus,Culter alburnus,farmed,0.0002000000000066393
farmed_culter_alburnus__00081,farmed_culter_alburnus,Culter alburnus,farmed,0.0002000000000066393
farmed_culter_alburnus__00082,farmed_culter_alburnus,Culter alburnus,farmed,0.0002000000000066393
farmed_culter_alburnus__00083,farmed_culter_alburnus,Culter alburnus,farmed,0.0002000000000066393
farmed_culter_alburnus__00084,farmed_culter_alburnus,Culter alburnus,farmed,0.0002000000000066393
farmed_culter_alburnus__00085,farmed_culter_alburnus,Culter alburnus,farmed,0.0002000000000066393
farmed_culter_alburnus__00086,farmed_culter_alburnus,Culter alburnus,farmed,0.0002000000000066393
farmed_culter_alburnus__00087,farmed_culter_alburnus,Culter alburnus,farmed,0.0002000000000066393
farmed_culter_alburnus__00088,farmed_culter_alburnus,Culter alburnus,farmed,0.0002000000000066393
farmed_culter_alburnus__00089,farmed_culter_alburnus,Culter alburnus,farmed,0.0002000000000066393
farmed_culter_alburnus__00090,farmed_culter_alburnus,Culter alburnus,farmed,0.0002000000000066393
farmed_culter_alburnus__00091,farmed_culter_alburnus,Culter alburnus,farmed,0.0002000000000066393
farmed_culter_alburnus__00092,farmed_culter_alburnus,Culter alburnus,farmed,0.0002000000000066393
farmed_culter_alburnus__00093,farmed_culter_alburnus,Culter alburnus,farmed,0.0002000000000066393
farmed_culter_alburnus__00094,farmed_culter_alburnus,Culter alburnus,farmed,0.0002000000000066393
farmed_culter_alburnus__00095,farmed_culter_alburnus,Culter alburnus,farmed,0.0002000000000066393
farmed_culter_alburnus__00096,farmed_culter_alburnus,Culter alburnus,farmed,0.0002000000000066393
farmed_culter_alburnus__00097,farmed_culter_alburnus,Culter alburnus,farmed,0.0002000000000066393
farmed_culter_alburnus__00098,farmed_culter_alburnus,Culter alburnus,farmed,0.0002000000000066393
farmed_culter_alburnus__00099,farmed_culter_alburnus,Culter alburnus,farmed,0.0002000000000066393
farmed_culter_alburnus__00100,farmed_culter_alburnus,Culter alburnus,farmed,0.0002000000000066393
farmed_culter_alburnus__00101,farmed_culter_alburnus,Culter alburnus,farmed,0.0002000000000066393
farmed_culter_alburnus__00102,farmed_culter_alburnus,Culter alburnus,farmed,0.0002000000000066393
farmed_ctenopharyngodon_idella__00001,farmed_ctenopharyngodon_idella,Ctenopharyngodon idella,farmed,0.00020000000003506102
farmed_ctenopharyngodon_idella__00002,farmed_ctenopharyngodon_idella,Ctenopharyngodon idella,farmed,0.0002000000000066393
farmed_ctenopharyngodon_idella__00003,farmed_ctenopharyngodon_idella,Ctenopharyngodon idella,farmed,0.0002000000000066393
farmed_ctenopharyngodon_idella__00004,farmed_ctenopharyngodon_idella,Ctenopharyngodon idella,farmed,0.00019999999999242846
farmed_ctenopharyngodon_idella__00005,farmed_ctenopharyngodon_idella,Ctenopharyngodon idella,farmed,0.0002000000000066393
farmed_ctenopharyngodon_idella__00006,farmed_ctenopharyngodon_idella,Ctenopharyngodon idella,farmed,0.0002000000000066393
farmed_ctenopharyngodon_idella__00007,farmed_ctenopharyngodon_idella,Ctenopharyngodon idella,farmed,0.0002000000000066393
farmed_ctenopharyngodon_idella__00008,farmed_ctenopharyngodon_idella,Ctenopharyngodon idella,farmed,0.0002000000000066393
farmed_ctenopharyngodon_idella__00009,farmed_ctenopharyngodon_idella,Ctenopharyngodon idella,farmed,0.0002000000000066393
farmed_ctenopharyngodon_idella__00010,farmed_ctenopharyngodon_idella,Ctenopharyngodon idella,farmed,0.0002000000000066393
farmed_ctenopharyngodon_idella__00011,farmed_ctenopharyngodon_idella,Ctenopharyngodon idella,farmed,0.0002000000000066393
farmed_ctenopharyngodon_idella__00012,farmed_ctenopharyngodon_idella,Ctenopharyngodon idella,farmed,0.0002000000000066393
farmed_ctenopharyngodon_idella__00013,farmed_ctenopharyngodon_idella,Ctenopharyngodon idella,farmed,0.0002000000000066393
farmed_ctenopharyngodon_idella__00014,farmed_ctenopharyngodon_idella,Ctenopharyngodon idella,farmed,0.0002000000000066393
farmed_ctenopharyngodon_idella__00015,farmed_ctenopharyngodon_idella,Ctenopharyngodon idella,farmed,0.0002000000000066393
farmed_ctenopharyngodon_idella__00016,farmed_ctenopharyngodon_idella,Ctenopharyngodon idella,farmed,0.0002000000000066393
farmed_ctenopharyngodon_idella__00017,farmed_ctenopharyngodon_idella,Ctenopharyngodon idella,farmed,0.0002000000000066393
farmed_ctenopharyngodon_idella__00018,farmed_ctenopharyngodon_idella,Ctenopharyngodon idella,farmed,0.0002000000000066393
farmed_ctenopharyngodon_idella__00019,farmed_ctenopharyngodon_idella,Ctenopharyngodon idella,farmed,0.0002000000000066393
farmed_ctenopharyngodon_idella__00020,farmed_ctenopharyngodon_idella,Ctenopharyngodon idella,farmed,0.0002000000000066393
farmed_ctenopharyngodon_idella__00021,farmed_ctenopharyngodon_idella,Ctenopharyngodon idella,farmed,0.0002000000000066393
farmed_ctenopharyngodon_idella__00022,farmed_ctenopharyngodon_idella,Ctenopharyngodon idella,farmed,0.0002000000000066393
farmed_ctenopharyngodon_idella__00023,farmed_ctenopharyngodon_idella,Ctenopharyngodon idella,farmed,0.0002000000000066393
farmed_ctenopharyngodon_idella__00024,farmed_ctenopharyngodon_idella,Ctenopharyngodon idella,farmed,0.0002000000000066393
farmed_ctenopharyngodon_idella__00025,farmed_ctenopharyngodon_idella,Ctenopharyngodon idella,farmed,0.0001999999999782176
farmed_ctenopharyngodon_idella__00026,farmed_ctenopharyngodon_idella,Ctenopharyngodon idella,farmed,0.0002000000000066393
farmed_ctenopharyngodon_idella__00027,farmed_ctenopharyngodon_idella,Ctenopharyngodon idella,farmed,0.0002000000000066393
farmed_ctenopharyngodon_idella__00028,farmed_ctenopharyngodon_idella,Ctenopharyngodon idella,farmed,0.0002000000000066393
farmed_ctenopharyngodon_idella__00029,farmed_ctenopharyngodon_idella,Ctenopharyngodon idella,farmed,0.0002000000000066393
farmed_ctenopharyngodon_idella__00030,farmed_ctenopharyngodon_idella,Ctenopharyngodon idella,farmed,0.0002000000000066393
farmed_ctenopharyngodon_idella__00031,farmed_ctenopharyngodon_idella,Ctenopharyngodon idella,farmed,0.0002000000000066393
farmed_ctenopharyngodon_idella__00032,farmed_ctenopharyngodon_idella,Ctenopharyngodon idella,farmed,0.0002000000000066393
farmed_ctenopharyngodon_idella__00033,farmed_ctenopharyngodon_idella,Ctenopharyngodon idella,farmed,0.0002000000000066393
farmed_ctenopharyngodon_idella__00034,farmed_ctenopharyngodon_idella,Ctenopharyngodon idella,farmed,0.0002000000000066393
farmed_ctenopharyngodon_idella__00035,farmed_ctenopharyngodon_idella,Ctenopharyngodon idella,farmed,0.00020000000003506102
farmed_ctenopharyngodon_idella__00036,farmed_ctenopharyngodon_idella,Ctenopharyngodon idella,farmed,0.0002000000000066393
farmed_ctenopharyngodon_idella__00037,farmed_ctenopharyngodon_idella,Ctenopharyngodon idella,farmed,0.0002000000000066393
farmed_ctenopharyngodon_idella__00038,farmed_ctenopharyngodon_idella,Ctenopharyngodon idella,farmed,0.0002000000000066393
farmed_ctenopharyngodon_idella__00039,farmed_ctenopharyngodon_idella,Ctenopharyngodon idella,farmed,0.0002000000000066393
farmed_ctenopharyngodon_idella__00040,farmed_ctenopharyngodon_idella,Ctenopharyngodon idella,farmed,0.0002000000000066393
farmed_ctenopharyngodon_idella__00041,farmed_ctenopharyngodon_idella,Ctenopharyngodon idella,farmed,0.0002000000000066393
farmed_ctenopharyngodon_idella__00042,farmed_ctenopharyngodon_idella,Ctenopharyngodon idella,farmed,0.0002000000000066393
farmed_ctenopharyngodon_idella__00043,farmed_ctenopharyngodon_idella,Ctenopharyngodon idella,farmed,0.0002000000000066393
farmed_ctenopharyngodon_idella__00044,farmed_ctenopharyngodon_idella,Ctenopharyngodon idella,farmed,0.0002000000000066393
farmed_ctenopharyngodon_idella__00045,farmed_ctenopharyngodon_idella,Ctenopharyngodon idella,farmed,0.0002000000000066393
farmed_ctenopharyngodon_idella__00046,farmed_ctenopharyngodon_idella,Ctenopharyngodon idella,farmed,0.0002000000000066393
farmed_ctenopharyngodon_idella__00047,farmed_ctenopharyngodon_idella,Ctenopharyngodon idella,farmed,0.0002000000000066393
farmed_ctenopharyngodon_idella__00048,farmed_ctenopharyngodon_idella,Ctenopharyngodon idella,farmed,0.00020000000003506102
farmed_ctenopharyngodon_idella__00049,farmed_ctenopharyngodon_idella,Ctenopharyngodon idella,farmed,0.0002000000000066393
farmed_ctenopharyngodon_idella__00050,farmed_ctenopharyngodon_idella,Ctenopharyngodon idella,farmed,0.0002000000000066393
farmed_ctenopharyngodon_idella__00051,farmed_ctenopharyngodon_idella,Ctenopharyngodon idella,farmed,0.00020000000003506102
farmed_ctenopharyngodon_idella__00052,farmed_ctenopharyngodon_idella,Ctenopharyngodon idella,farmed,0.0002000000000066393
farmed_ctenopharyngodon_idella__00053,farmed_ctenopharyngodon_idella,Ctenopharyngodon idella,farmed,0.0002000000000066393
farmed_ctenopharyngodon_idella__00054,farmed_ctenopharyngodon_idella,Ctenopharyngodon idella,farmed,0.00020000000003506102
farmed_ctenopharyngodon_idella__00055,farmed_ctenopharyngodon_idella,Ctenopharyngodon idella,farmed,0.0002000000000066393
farmed_ctenopharyngodon_idella__00056,farmed_ctenopharyngodon_idella,Ctenopharyngodon idella,farmed,0.0002000000000066393
farmed_ctenopharyngodon_idella__00057,farmed_ctenopharyngodon_idella,Ctenopharyngodon idella,farmed,0.00015000000001919034
farmed_ctenopharyngodon_idella__00058,farmed_ctenopharyngodon_idella,Ctenopharyngodon idella,farmed,0.0002000000000066393
farmed_ctenopharyngodon_idella__00059,farmed_ctenopharyngodon_idella,Ctenopharyngodon idella,farmed,0.0002000000000066393
farmed_ctenopharyngodon_idella__00060,farmed_ctenopharyngodon_idella,Ctenopharyngodon idella,farmed,0.0002000000000066393
farmed_ctenopharyngodon_idella__00061,farmed_ctenopharyngodon_idella,Ctenopharyngodon idella,farmed,0.0002000000000066393
farmed_ctenopharyngodon_idella__00062,farmed_ctenopharyngodon_idella,Ctenopharyngodon idella,farmed,0.0002000000000066393
farmed_ctenopharyngodon_idella__00063,farmed_ctenopharyngodon_idella,Ctenopharyngodon idella,farmed,0.0002000000000066393
farmed_ctenopharyngodon_idella__00064,farmed_ctenopharyngodon_idella,Ctenopharyngodon idella,farmed,0.0002000000000066393
farmed_ctenopharyngodon_idella__00065,farmed_ctenopharyngodon_idella,Ctenopharyngodon idella,farmed,0.0002000000000066393
farmed_ctenopharyngodon_idella__00066,farmed_ctenopharyngodon_idella,Ctenopharyngodon idella,farmed,0.0002000000000066393
farmed_ctenopharyngodon_idella__00067,farmed_ctenopharyngodon_idella,Ctenopharyngodon idella,farmed,0.00020000000003506102
farmed_ctenopharyngodon_idella__00068,farmed_ctenopharyngodon_idella,Ctenopharyngodon idella,farmed,0.0002000000000066393
farmed_ctenopharyngodon_idella__00069,farmed_ctenopharyngodon_idella,Ctenopharyngodon idella,farmed,0.0002000000000066393
farmed_ctenopharyngodon_idella__00070,farmed_ctenopharyngodon_idella,Ctenopharyngodon idella,farmed,0.0002000000000066393
farmed_ctenopharyngodon_idella__00071,farmed_ctenopharyngodon_idella,Ctenopharyngodon idella,farmed,0.0002000000000066393
farmed_ctenopharyngodon_idella__00072,farmed_ctenopharyngodon_idella,Ctenopharyngodon idella,farmed,0.0002000000000066393
farmed_ctenopharyngodon_idella__00073,farmed_ctenopharyngodon_idella,Ctenopharyngodon idella,farmed,0.0002000000000066393
farmed_ctenopharyngodon_idella__00074,farmed_ctenopharyngodon_idella,Ctenopharyngodon idella,farmed,0.0002000000000066393
farmed_ctenopharyngodon_idella__00075,farmed_ctenopharyngodon_idella,Ctenopharyngodon idella,farmed,0.0002000000000066393
farmed_ctenopharyngodon_idella__00076,farmed_ctenopharyngodon_idella,Ctenopharyngodon idella,farmed,0.0002000000000066393
farmed_ctenopharyngodon_idella__00077,farmed_ctenopharyngodon_idella,Ctenopharyngodon idella,farmed,0.0002000000000066393
farmed_ctenopharyngodon_idella__00078,farmed_ctenopharyngodon_idella,Ctenopharyngodon idella,farmed,0.00020000000003506102
farmed_ctenopharyngodon_idella__00079,farmed_ctenopharyngodon_idella,Ctenopharyngodon idella,farmed,0.0002000000000066393
farmed_ctenopharyngodon_idella__00080,farmed_ctenopharyngodon_idella,Ctenopharyngodon idella,farmed,0.0002000000000066393
farmed_ctenopharyngodon_idella__00081,farmed_ctenopharyngodon_idella,Ctenopharyngodon idella,farmed,0.0002000000000066393
farmed_ctenopharyngodon_idella__00082,farmed_ctenopharyngodon_idella,Ctenopharyngodon idella,farmed,0.0002000000000066393
farmed_ctenopharyngodon_idella__00083,farmed_ctenopharyngodon_idella,Ctenopharyngodon idella,farmed,0.0002000000000066393
farmed_ctenopharyngodon_idella__00084,farmed_ctenopharyngodon_idella,Ctenopharyngodon idella,farmed,0.0002000000000066393
farmed_ctenopharyngodon_idella__00085,farmed_ctenopharyngodon_idella,Ctenopharyngodon idella,farmed,0.0002000000000066393
farmed_ctenopharyngodon_idella__00086,farmed_ctenopharyngodon_idella,Ctenopharyngodon idella,farmed,0.0002000000000066393
farmed_ctenopharyngodon_idella__00087,farmed_ctenopharyngodon_idella,Ctenopharyngodon idella,farmed,0.0002000000000066393
farmed_ctenopharyngodon_idella__00088,farmed_ctenopharyngodon_idella,Ctenopharyngodon idella,farmed,0.0002000000000066393
farmed_ctenopharyngodon_idella__00089,farmed_ctenopharyngodon_idella,Ctenopharyngodon idella,farmed,0.0002000000000066393
farmed_ctenopharyngodon_idella__00090,farmed_ctenopharyngodon_idella,Ctenopharyngodon idella,farmed,0.0002000000000066393
farmed_ctenopharyngodon_idella__00091,farmed_ctenopharyngodon_idella,Ctenopharyngodon idella,farmed,0.0002000000000066393
farmed_ctenopharyngodon_idella__00092,farmed_ctenopharyngodon_idella,Ctenopharyngodon idella,farmed,0.0002000000000066393
farmed_ctenopharyngodon_idella__00093,farmed_ctenopharyngodon_idella,Ctenopharyngodon idella,farmed,0.0002000000000066393
farmed_ctenopharyngodon_idella__00094,farmed_ctenopharyngodon_idella,Ctenopharyngodon idella,farmed,0.0002000000000066393
farmed_ctenopharyngodon_idella__00095,farmed_ctenopharyngodon_idella,Ctenopharyngodon idella,farmed,0.0002000000000066393
farmed_ctenopharyngodon_idella__00096,farmed_ctenopharyngodon_idella,Ctenopharyngodon idella,farmed,0.0002000000000066393
farmed_ctenopharyngodon_idella__00097,farmed_ctenopharyngodon_idella,Ctenopharyngodon idella,farmed,0.00016000000002236447
farmed_ctenopharyngodon_idella__00098,farmed_ctenopharyngodon_idella,Ctenopharyngodon idella,farmed,0.0002000000000066393
farmed_ctenopharyngodon_idella__00099,farmed_ctenopharyngodon_idella,Ctenopharyngodon idella,farmed,0.0002000000000066393
farmed_ctenopharyngodon_idella__00100,farmed_ctenopharyngodon_idella,Ctenopharyngodon idella,farmed,0.0002000000000066393
farmed_ctenopharyngodon_idella__00101,farmed_ctenopharyngodon_idella,Ctenopharyngodon idella,farmed,0.0002000000000066393
farmed_ctenopharyngodon_idella__00102,farmed_ctenopharyngodon_idella,Ctenopharyngodon idella,farmed,0.00016000000000815362
farmed_ctenopharyngodon_idella__00103,farmed_ctenopharyngodon_idella,Ctenopharyngodon idella,farmed,0.00029799999998658677
farmed_ctenopharyngodon_idella__00104,farmed_ctenopharyngodon_idella,Ctenopharyngodon idella,farmed,0.0002290000000471082
farmed_ctenopharyngodon_idella__00105,farmed_ctenopharyngodon_idella,Ctenopharyngodon idella,farmed,0.0002819999999985612
farmed_ctenopharyngodon_idella__00106,farmed_ctenopharyngodon_idella,Ctenopharyngodon idella,farmed,0.00029799999998658677
farmed_ctenopharyngodon_idella__00107,farmed_ctenopharyngodon_idella,Ctenopharyngodon idella,farmed,0.00020799999998644125
wild_coilia_nasus__00001,wild_coilia_nasus,Coilia nasus,wild,0.0002000000000066393
wild_coilia_nasus__00002,wild_coilia_nasus,Coilia nasus,wild,0.0002000000000066393
wild_coilia_nasus__00003,wild_coilia_nasus,Coilia nasus,wild,0.0002000000000066393
wild_coilia_nasus__00004,wild_coilia_nasus,Coilia nasus,wild,0.0002000000000066393
wild_coilia_nasus__00005,wild_coilia_nasus,Coilia nasus,wild,0.0002000000000066393
wild_coilia_nasus__00006,wild_coilia_nasus,Coilia nasus,wild,0.0002000000000066393
wild_coilia_nasus__00007,wild_coilia_nasus,Coilia nasus,wild,0.0002000000000066393
wild_coilia_nasus__00008,wild_coilia_nasus,Coilia nasus,wild,0.0002000000000066393
wild_coilia_nasus__00009,wild_coilia_nasus,Coilia nasus,wild,0.0002000000000066393
wild_coilia_nasus__00010,wild_coilia_nasus,Coilia nasus,wild,0.0002000000000066393
wild_coilia_nasus__00011,wild_coilia_nasus,Coilia nasus,wild,0.0002000000000066393
wild_coilia_nasus__00012,wild_coilia_nasus,Coilia nasus,wild,0.0002000000000066393
wild_coilia_nasus__00013,wild_coilia_nasus,Coilia nasus,wild,0.0002000000000066393
wild_coilia_nasus__00014,wild_coilia_nasus,Coilia nasus,wild,0.0002000000000066393
wild_coilia_nasus__00015,wild_coilia_nasus,Coilia nasus,wild,0.0002000000000066393
wild_coilia_nasus__00016,wild_coilia_nasus,Coilia nasus,wild,0.0002000000000066393
wild_coilia_nasus__00017,wild_coilia_nasus,Coilia nasus,wild,0.0002000000000066393
wild_coilia_nasus__00018,wild_coilia_nasus,Coilia nasus,wild,0.0002000000000066393
wild_coilia_nasus__00019,wild_coilia_nasus,Coilia nasus,wild,0.0002000000000066393
wild_coilia_nasus__00020,wild_coilia_nasus,Coilia nasus,wild,0.0002000000000066393
wild_coilia_nasus__00021,wild_coilia_nasus,Coilia nasus,wild,0.0002000000000066393
wild_coilia_nasus__00022,wild_coilia_nasus,Coilia nasus,wild,0.0002000000000066393
wild_coilia_nasus__00023,wild_coilia_nasus,Coilia nasus,wild,0.0002000000000066393
wild_coilia_nasus__00024,wild_coilia_nasus,Coilia nasus,wild,0.0002000000000066393
wild_coilia_nasus__00025,wild_coilia_nasus,Coilia nasus,wild,0.0002000000000066393
wild_coilia_nasus__00026,wild_coilia_nasus,Coilia nasus,wild,0.0002000000000066393
wild_coilia_nasus__00027,wild_coilia_nasus,Coilia nasus,wild,0.0002000000000066393
wild_coilia_nasus__00028,wild_coilia_nasus,Coilia nasus,wild,0.0002000000000066393
wild_coilia_nasus__00029,wild_coilia_nasus,Coilia nasus,wild,0.0002000000000066393
wild_coilia_nasus__00030,wild_coilia_nasus,Coilia nasus,wild,0.0002000000000066393
wild_coilia_nasus__00031,wild_coilia_nasus,Coilia nasus,wild,0.0002000000000066393
wild_coilia_nasus__00032,wild_coilia_nasus,Coilia nasus,wild,0.0002000000000066393
wild_coilia_nasus__00033,wild_coilia_nasus,Coilia nasus,wild,0.0002000000000066393
wild_coilia_nasus__00034,wild_coilia_nasus,Coilia nasus,wild,0.0002000000000066393
wild_coilia_nasus__00035,wild_coilia_nasus,Coilia nasus,wild,0.0002000000000066393
wild_coilia_nasus__00036,wild_coilia_nasus,Coilia nasus,wild,0.0002000000000066393
wild_coilia_nasus__00037,wild_coilia_nasus,Coilia nasus,wild,0.0002000000000066393
wild_coilia_nasus__00038,wild_coilia_nasus,Coilia nasus,wild,0.0002000000000066393
wild_coilia_nasus__00039,wild_coilia_nasus,Coilia nasus,wild,0.0002000000000066393
wild_coilia_nasus__00040,wild_coilia_nasus,Coilia nasus,wild,0.0002000000000066393
wild_coilia_nasus__00041,wild_coilia_nasus,Coilia nasus,wild,0.0002000000000066393
wild_coilia_nasus__00042,wild_coilia_nasus,Coilia nasus,wild,0.0002000000000066393
wild_coilia_nasus__00043,wild_coilia_nasus,Coilia nasus,wild,0.0002000000000066393
wild_coilia_nasus__00044,wild_coilia_nasus,Coilia nasus,wild,0.0002000000000066393
wild_coilia_nasus__00045,wild_coilia_nasus,Coilia nasus,wild,0.0002000000000066393
wild_coilia_nasus__00046,wild_coilia_nasus,Coilia nasus,wild,0.0002000000000066393
wild_coilia_nasus__00047,wild_coilia_nasus,Coilia nasus,wild,0.0002000000000066393
wild_coilia_nasus__00048,wild_coilia_nasus,Coilia nasus,wild,0.0002000000000066393
wild_coilia_nasus__00049,wild_coilia_nasus,Coilia nasus,wild,0.0002000000000066393
wild_coilia_nasus__00050,wild_coilia_nasus,Coilia nasus,wild,0.0002000000000066393
wild_coilia_nasus__00051,wild_coilia_nasus,Coilia nasus,wild,0.0002000000000066393
wild_coilia_nasus__00052,wild_coilia_nasus,Coilia nasus,wild,0.0002000000000066393
wild_coilia_nasus__00053,wild_coilia_nasus,Coilia nasus,wild,0.0002000000000066393
wild_coilia_nasus__00054,wild_coilia_nasus,Coilia nasus,wild,0.0002000000000066393
wild_coilia_nasus__00055,wild_coilia_nasus,Coilia nasus,wild,0.0002000000000066393
wild_coilia_nasus__00056,wild_coilia_nasus,Coilia nasus,wild,0.0002000000000066393
wild_coilia_nasus__00057,wild_coilia_nasus,Coilia nasus,wild,0.0002000000000066393
wild_coilia_nasus__00058,wild_coilia_nasus,Coilia nasus,wild,0.0002000000000066393
wild_coilia_nasus__00059,wild_coilia_nasus,Coilia nasus,wild,0.0002000000000066393
wild_coilia_nasus__00060,wild_coilia_nasus,Coilia nasus,wild,0.0002000000000066393
wild_coilia_nasus__00061,wild_coilia_nasus,Coilia nasus,wild,0.0002000000000066393
wild_coilia_nasus__00062,wild_coilia_nasus,Coilia nasus,wild,0.0002000000000066393
wild_coilia_nasus__00063,wild_coilia_nasus,Coilia nasus,wild,0.0002000000000066393
wild_coilia_nasus__00064,wild_coilia_nasus,Coilia nasus,wild,0.0002000000000066393
wild_coilia_nasus__00065,wild_coilia_nasus,Coilia nasus,wild,0.0002000000000066393
wild_coilia_nasus__00066,wild_coilia_nasus,Coilia nasus,wild,0.0002000000000066393
wild_coilia_nasus__00067,wild_coilia_nasus,Coilia nasus,wild,0.0002000000000066393
wild_coilia_nasus__00068,wild_coilia_nasus,Coilia nasus,wild,0.0002000000000066393
wild_coilia_nasus__00069,wild_coilia_nasus,Coilia nasus,wild,0.0002000000000066393
wild_coilia_nasus__00070,wild_coilia_nasus,Coilia nasus,wild,0.0002000000000066393
wild_coilia_nasus__00071,wild_coilia_nasus,Coilia nasus,wild,0.0002000000000066393
wild_coilia_nasus__00072,wild_coilia_nasus,Coilia nasus,wild,0.0002000000000066393
wild_coilia_nasus__00073,wild_coilia_nasus,Coilia nasus,wild,0.0002000000000066393
wild_coilia_nasus__00074,wild_coilia_nasus,Coilia nasus,wild,0.0002000000000066393
wild_coilia_nasus__00075,wild_coilia_nasus,Coilia nasus,wild,0.0002000000000066393
wild_coilia_nasus__00076,wild_coilia_nasus,Coilia nasus,wild,0.0002000000000066393
wild_coilia_nasus__00077,wild_coilia_nasus,Coilia nasus,wild,0.0002000000000066393
wild_coilia_nasus__00078,wild_coilia_nasus,Coilia nasus,wild,0.0002000000000066393
wild_coilia_nasus__00079,wild_coilia_nasus,Coilia nasus,wild,0.0002000000000066393
wild_coilia_nasus__00080,wild_coilia_nasus,Coilia nasus,wild,0.0002000000000066393
wild_coilia_nasus__00081,wild_coilia_nasus,Coilia nasus,wild,0.0002000000000066393
wild_coilia_nasus__00082,wild_coilia_nasus,Coilia nasus,wild,0.0002000000000066393
wild_coilia_nasus__00083,wild_coilia_nasus,Coilia nasus,wild,0.0002000000000066393
wild_coilia_nasus__00084,wild_coilia_nasus,Coilia nasus,wild,0.0002000000000066393
wild_coilia_nasus__00085,wild_coilia_nasus,Coilia nasus,wild,0.0002000000000066393
wild_coilia_nasus__00086,wild_coilia_nasus,Coilia nasus,wild,0.0002000000000066393
wild_coilia_nasus__00087,wild_coilia_nasus,Coilia nasus,wild,0.0002000000000066393
wild_coilia_nasus__00088,wild_coilia_nasus,Coilia nasus,wild,0.0002000000000066393
wild_coilia_nasus__00089,wild_coilia_nasus,Coilia nasus,wild,0.0002000000000066393
wild_coilia_nasus__00090,wild_coilia_nasus,Coilia nasus,wild,0.0002000000000066393
wild_coilia_nasus__00091,wild_coilia_nasus,Coilia nasus,wild,0.0002000000000066393
wild_coilia_nasus__00092,wild_coilia_nasus,Coilia nasus,wild,0.0002000000000066393
wild_coilia_nasus__00093,wild_coilia_nasus,Coilia nasus,wild,0.0002000000000066393
wild_coilia_nasus__00094,wild_coilia_nasus,Coilia nasus,wild,0.0002000000000066393
wild_coilia_nasus__00095,wild_coilia_nasus,Coilia nasus,wild,0.0002000000000066393
wild_coilia_nasus__00096,wild_coilia_nasus,Coilia nasus,wild,0.0002000000000066393
wild_coilia_nasus__00097,wild_coilia_nasus,Coilia nasus,wild,0.0002000000000066393
wild_coilia_nasus__00098,wild_coilia_nasus,Coilia nasus,wild,0.0002000000000066393
wild_coilia_nasus__00099,wild_coilia_nasus,Coilia nasus,wild,0.0002000000000066393
wild_coilia_nasus__00100,wild_coilia_nasus,Coilia nasus,wild,0.0002000000000066393
wild_coilia_nasus__00101,wild_coilia_nasus,Coilia nasus,wild,0.0002000000000066393
wild_coilia_nasus__00102,wild_coilia_nasus,Coilia nasus,wild,0.0002000000000066393
wild_coilia_nasus__00103,wild_coilia_nasus,Coilia nasus,wild,0.0002000000000066393
wild_coilia_nasus__00104,wild_coilia_nasus,Coilia nasus,wild,0.0002000000000066393
wild_coilia_nasus__00105,wild_coilia_nasus,Coilia nasus,wild,0.0002000000000066393
wild_coilia_nasus__00106,wild_coilia_nasus,Coilia nasus,wild,0.0002000000000066393
wild_coilia_nasus__00107,wild_coilia_nasus,Coilia nasus,wild,0.0002000000000066393
wild_coilia_nasus__00108,wild_coilia_nasus,Coilia nasus,wild,0.0002000000000066393
wild_coilia_nasus__00109,wild_coilia_nasus,Coilia nasus,wild,0.0002000000000066393
wild_coilia_nasus__00110,wild_coilia_nasus,Coilia nasus,wild,0.0002000000000066393
wild_coilia_nasus__00111,wild_coilia_nasus,Coilia nasus,wild,0.0002000000000066393
wild_coilia_nasus__00112,wild_coilia_nasus,Coilia nasus,wild,0.0002000000000066393
wild_coilia_nasus__00113,wild_coilia_nasus,Coilia nasus,wild,0.0002000000000066393
wild_coilia_nasus__00114,wild_coilia_nasus,Coilia nasus,wild,0.0002000000000066393
wild_coilia_nasus__00115,wild_coilia_nasus,Coilia nasus,wild,0.0002000000000066393
wild_coilia_nasus__00116,wild_coilia_nasus,Coilia nasus,wild,0.0002000000000066393
wild_coilia_nasus__00117,wild_coilia_nasus,Coilia nasus,wild,0.0002000000000066393
wild_coilia_nasus__00118,wild_coilia_nasus,Coilia nasus,wild,0.0002000000000066393
wild_coilia_nasus__00119,wild_coilia_nasus,Coilia nasus,wild,0.0002000000000066393
wild_coilia_nasus__00120,wild_coilia_nasus,Coilia nasus,wild,0.0002000000000066393
wild_coilia_nasus__00121,wild_coilia_nasus,Coilia nasus,wild,0.0002000000000066393
wild_coilia_nasus__00122,wild_coilia_nasus,Coilia nasus,wild,0.0002000000000066393
wild_coilia_nasus__00123,wild_coilia_nasus,Coilia nasus,wild,0.0002000000000066393
wild_coilia_nasus__00124,wild_coilia_nasus,Coilia nasus,wild,0.0002000000000066393
wild_coilia_nasus__00125,wild_coilia_nasus,Coilia nasus,wild,0.0002000000000066393
wild_coilia_nasus__00126,wild_coilia_nasus,Coilia nasus,wild,0.0002000000000066393
wild_coilia_nasus__00127,wild_coilia_nasus,Coilia nasus,wild,0.0002000000000066393
wild_coilia_nasus__00128,wild_coilia_nasus,Coilia nasus,wild,0.0002000000000066393
wild_coilia_nasus__00129,wild_coilia_nasus,Coilia nasus,wild,0.0002000000000066393
wild_coilia_nasus__00130,wild_coilia_nasus,Coilia nasus,wild,0.0002000000000066393
wild_coilia_nasus__00131,wild_coilia_nasus,Coilia nasus,wild,0.0002000000000066393
wild_coilia_nasus__00132,wild_coilia_nasus,Coilia nasus,wild,0.0002000000000066393
wild_coilia_nasus__00133,wild_coilia_nasus,Coilia nasus,wild,0.0002000000000066393
wild_coilia_nasus__00134,wild_coilia_nasus,Coilia nasus,wild,0.0002000000000066393
wild_coilia_nasus__00135,wild_coilia_nasus,Coilia nasus,wild,0.0002000000000066393
wild_coilia_nasus__00136,wild_coilia_nasus,Coilia nasus,wild,0.0002000000000066393
wild_coilia_nasus__00137,wild_coilia_nasus,Coilia nasus,wild,0.0002000000000066393
wild_coilia_nasus__00138,wild_coilia_nasus,Coilia nasus,wild,0.0002000000000066393
wild_coilia_nasus__00139,wild_coilia_nasus,Coilia nasus,wild,0.0002000000000066393
wild_coilia_nasus__00140,wild_coilia_nasus,Coilia nasus,wild,0.0002000000000066393
wild_coilia_nasus__00141,wild_coilia_nasus,Coilia nasus,wild,0.0002000000000066393
wild_coilia_nasus__00142,wild_coilia_nasus,Coilia nasus,wild,0.0002000000000066393
wild_coilia_nasus__00143,wild_coilia_nasus,Coilia nasus,wild,0.0002000000000066393
wild_coilia_nasus__00144,wild_coilia_nasus,Coilia nasus,wild,0.0002000000000066393
wild_coilia_nasus__00145,wild_coilia_nasus,Coilia nasus,wild,0.0002000000000066393
wild_coilia_nasus__00146,wild_coilia_nasus,Coilia nasus,wild,0.0002000000000066393
wild_coilia_nasus__00147,wild_coilia_nasus,Coilia nasus,wild,0.0002000000000066393
wild_coilia_nasus__00148,wild_coilia_nasus,Coilia nasus,wild,0.0002000000000066393
wild_coilia_nasus__00149,wild_coilia_nasus,Coilia nasus,wild,0.0002000000000066393
wild_coilia_nasus__00150,wild_coilia_nasus,Coilia nasus,wild,0.0002000000000066393
wild_coilia_nasus__00151,wild_coilia_nasus,Coilia nasus,wild,0.0002000000000066393
wild_coilia_nasus__00152,wild_coilia_nasus,Coilia nasus,wild,0.0002000000000066393
wild_coilia_nasus__00153,wild_coilia_nasus,Coilia nasus,wild,0.0002000000000066393
wild_coilia_nasus__00154,wild_coilia_nasus,Coilia nasus,wild,0.0002000000000066393
wild_coilia_nasus__00155,wild_coilia_nasus,Coilia nasus,wild,0.0002000000000066393
wild_coilia_nasus__00156,wild_coilia_nasus,Coilia nasus,wild,0.0002000000000066393
wild_coilia_nasus__00157,wild_coilia_nasus,Coilia nasus,wild,0.0002000000000066393
wild_coilia_nasus__00158,wild_coilia_nasus,Coilia nasus,wild,0.0002000000000066393
wild_coilia_nasus__00159,wild_coilia_nasus,Coilia nasus,wild,0.0002000000000066393
wild_coilia_nasus__00160,wild_coilia_nasus,Coilia nasus,wild,0.0002000000000066393
wild_coilia_nasus__00161,wild_coilia_nasus,Coilia nasus,wild,0.0002000000000066393
wild_coilia_nasus__00162,wild_coilia_nasus,Coilia nasus,wild,0.0002000000000066393
wild_coilia_nasus__00163,wild_coilia_nasus,Coilia nasus,wild,0.0002000000000066393
wild_coilia_nasus__00164,wild_coilia_nasus,Coilia nasus,wild,0.0002000000000066393
wild_coilia_nasus__00165,wild_coilia_nasus,Coilia nasus,wild,0.0002000000000066393
wild_coilia_nasus__00166,wild_coilia_nasus,Coilia nasus,wild,0.0002000000000066393
wild_coilia_nasus__00167,wild_coilia_nasus,Coilia nasus,wild,0.0002000000000066393
wild_coilia_nasus__00168,wild_coilia_nasus,Coilia nasus,wild,0.0002000000000066393
wild_coilia_nasus__00169,wild_coilia_nasus,Coilia nasus,wild,0.0002000000000066393
wild_coilia_nasus__00170,wild_coilia_nasus,Coilia nasus,wild,0.0002000000000066393
wild_coilia_nasus__00171,wild_coilia_nasus,Coilia nasus,wild,0.0002000000000066393
wild_coilia_nasus__00172,wild_coilia_nasus,Coilia nasus,wild,0.0002000000000066393
wild_coilia_nasus__00173,wild_coilia_nasus,Coilia nasus,wild,0.0002000000000066393
wild_coilia_nasus__00174,wild_coilia_nasus,Coilia nasus,wild,0.0002000000000066393
wild_coilia_nasus__00175,wild_coilia_nasus,Coilia nasus,wild,0.0002000000000066393
wild_coilia_nasus__00176,wild_coilia_nasus,Coilia nasus,wild,0.0002000000000066393
wild_coilia_nasus__00177,wild_coilia_nasus,Coilia nasus,wild,0.0002000000000066393
wild_coilia_nasus__00178,wild_coilia_nasus,Coilia nasus,wild,0.0002000000000066393
wild_coilia_nasus__00179,wild_coilia_nasus,Coilia nasus,wild,0.0002000000000066393
wild_coilia_nasus__00180,wild_coilia_nasus,Coilia nasus,wild,0.0002000000000066393
wild_coilia_nasus__00181,wild_coilia_nasus,Coilia nasus,wild,0.0002000000000066393
wild_coilia_nasus__00182,wild_coilia_nasus,Coilia nasus,wild,0.0002000000000066393
wild_coilia_nasus__00183,wild_coilia_nasus,Coilia nasus,wild,0.0002000000000066393
wild_coilia_nasus__00184,wild_coilia_nasus,Coilia nasus,wild,0.0002000000000066393
wild_coilia_nasus__00185,wild_coilia_nasus,Coilia nasus,wild,0.0002000000000066393
wild_coilia_nasus__00186,wild_coilia_nasus,Coilia nasus,wild,0.0002000000000066393
wild_coilia_nasus__00187,wild_coilia_nasus,Coilia nasus,wild,0.0002000000000066393
wild_coilia_nasus__00188,wild_coilia_nasus,Coilia nasus,wild,0.0002000000000066393
wild_coilia_nasus__00189,wild_coilia_nasus,Coilia nasus,wild,0.0002000000000066393
wild_coilia_nasus__00190,wild_coilia_nasus,Coilia nasus,wild,0.0002000000000066393
wild_coilia_nasus__00191,wild_coilia_nasus,Coilia nasus,wild,0.0002000000000066393
wild_coilia_nasus__00192,wild_coilia_nasus,Coilia nasus,wild,0.0002000000000066393
wild_coilia_nasus__00193,wild_coilia_nasus,Coilia nasus,wild,0.0002000000000066393
wild_coilia_nasus__00194,wild_coilia_nasus,Coilia nasus,wild,0.0002000000000066393
wild_coilia_nasus__00195,wild_coilia_nasus,Coilia nasus,wild,0.0002000000000066393
wild_coilia_nasus__00196,wild_coilia_nasus,Coilia nasus,wild,0.0002000000000066393
wild_coilia_nasus__00197,wild_coilia_nasus,Coilia nasus,wild,0.0002000000000066393
wild_coilia_nasus__00198,wild_coilia_nasus,Coilia nasus,wild,0.0002000000000066393
wild_coilia_nasus__00199,wild_coilia_nasus,Coilia nasus,wild,0.0002000000000066393
wild_coilia_nasus__00200,wild_coilia_nasus,Coilia nasus,wild,0.0002000000000066393
wild_coilia_nasus__00201,wild_coilia_nasus,Coilia nasus,wild,0.0002000000000066393
wild_coilia_nasus__00202,wild_coilia_nasus,Coilia nasus,wild,0.0002000000000066393
wild_coilia_nasus__00203,wild_coilia_nasus,Coilia nasus,wild,0.0002000000000066393
wild_coilia_nasus__00204,wild_coilia_nasus,Coilia nasus,wild,0.0002000000000066393
wild_coilia_nasus__00205,wild_coilia_nasus,Coilia nasus,wild,0.0002000000000066393
wild_coilia_nasus__00206,wild_coilia_nasus,Coilia nasus,wild,0.0002000000000066393
wild_coilia_nasus__00207,wild_coilia_nasus,Coilia nasus,wild,0.0002000000000066393
wild_coilia_nasus__00208,wild_coilia_nasus,Coilia nasus,wild,0.0002000000000066393
wild_coilia_nasus__00209,wild_coilia_nasus,Coilia nasus,wild,0.0002000000000066393
wild_coilia_nasus__00210,wild_coilia_nasus,Coilia nasus,wild,0.0002000000000066393
wild_coilia_nasus__00211,wild_coilia_nasus,Coilia nasus,wild,0.0002000000000066393
wild_coilia_nasus__00212,wild_coilia_nasus,Coilia nasus,wild,0.0002000000000066393
wild_coilia_nasus__00213,wild_coilia_nasus,Coilia nasus,wild,0.0002000000000066393
wild_coilia_nasus__00214,wild_coilia_nasus,Coilia nasus,wild,0.0002000000000066393
wild_coilia_nasus__00215,wild_coilia_nasus,Coilia nasus,wild,0.0002000000000066393
wild_coilia_nasus__00216,wild_coilia_nasus,Coilia nasus,wild,0.0002000000000066393
wild_coilia_nasus__00217,wild_coilia_nasus,Coilia nasus,wild,0.0002000000000066393
wild_coilia_nasus__00218,wild_coilia_nasus,Coilia nasus,wild,0.0002000000000066393
wild_coilia_nasus__00219,wild_coilia_nasus,Coilia nasus,wild,0.0002000000000066393
wild_coilia_nasus__00220,wild_coilia_nasus,Coilia nasus,wild,0.0002000000000066393
wild_coilia_nasus__00221,wild_coilia_nasus,Coilia nasus,wild,0.0002000000000066393
wild_coilia_nasus__00222,wild_coilia_nasus,Coilia nasus,wild,0.0002000000000066393
wild_coilia_nasus__00223,wild_coilia_nasus,Coilia nasus,wild,0.0002000000000066393
wild_coilia_nasus__00224,wild_coilia_nasus,Coilia nasus,wild,0.0002000000000066393
wild_coilia_nasus__00225,wild_coilia_nasus,Coilia nasus,wild,0.0002000000000066393
wild_coilia_nasus__00226,wild_coilia_nasus,Coilia nasus,wild,0.0002000000000066393
wild_coilia_nasus__00227,wild_coilia_nasus,Coilia nasus,wild,0.0002000000000066393
wild_coilia_nasus__00228,wild_coilia_nasus,Coilia nasus,wild,0.0002000000000066393
wild_coilia_nasus__00229,wild_coilia_nasus,Coilia nasus,wild,0.0002000000000066393
wild_coilia_nasus__00230,wild_coilia_nasus,Coilia nasus,wild,0.0002000000000066393
wild_coilia_nasus__00231,wild_coilia_nasus,Coilia nasus,wild,0.0002000000000066393
wild_coilia_nasus__00232,wild_coilia_nasus,Coilia nasus,wild,0.0002000000000066393
wild_coilia_nasus__00233,wild_coilia_nasus,Coilia nasus,wild,0.0002000000000066393
wild_coilia_nasus__00234,wild_coilia_nasus,Coilia nasus,wild,0.0002000000000066393
wild_coilia_nasus__00235,wild_coilia_nasus,Coilia nasus,wild,0.0002000000000066393
wild_coilia_nasus__00236,wild_coilia_nasus,Coilia nasus,wild,0.0002000000000066393
wild_coilia_nasus__00237,wild_coilia_nasus,Coilia nasus,wild,0.0002000000000066393
wild_coilia_nasus__00238,wild_coilia_nasus,Coilia nasus,wild,0.0002000000000066393
wild_coilia_nasus__00239,wild_coilia_nasus,Coilia nasus,wild,0.0002000000000066393
wild_coilia_nasus__00240,wild_coilia_nasus,Coilia nasus,wild,0.0002000000000066393
wild_coilia_nasus__00241,wild_coilia_nasus,Coilia nasus,wild,0.0002000000000066393
wild_coilia_nasus__00242,wild_coilia_nasus,Coilia nasus,wild,0.0002000000000066393
wild_coilia_nasus__00243,wild_coilia_nasus,Coilia nasus,wild,0.0002000000000066393
wild_coilia_nasus__00244,wild_coilia_nasus,Coilia nasus,wild,0.0002000000000066393
wild_coilia_nasus__00245,wild_coilia_nasus,Coilia nasus,wild,0.0002000000000066393
wild_coilia_nasus__00246,wild_coilia_nasus,Coilia nasus,wild,0.0002000000000066393
wild_coilia_nasus__00247,wild_coilia_nasus,Coilia nasus,wild,0.0002000000000066393
wild_coilia_nasus__00248,wild_coilia_nasus,Coilia nasus,wild,0.0002000000000066393
wild_coilia_nasus__00249,wild_coilia_nasus,Coilia nasus,wild,0.0002000000000066393
wild_coilia_nasus__00250,wild_coilia_nasus,Coilia nasus,wild,0.0002000000000066393
wild_coilia_nasus__00251,wild_coilia_nasus,Coilia nasus,wild,0.0002000000000066393
wild_coilia_nasus__00252,wild_coilia_nasus,Coilia nasus,wild,0.0002000000000066393
wild_coilia_nasus__00253,wild_coilia_nasus,Coilia nasus,wild,0.0002000000000066393
wild_coilia_nasus__00254,wild_coilia_nasus,Coilia nasus,wild,0.0002000000000066393
wild_coilia_nasus__00255,wild_coilia_nasus,Coilia nasus,wild,0.0002000000000066393
wild_coilia_nasus__00256,wild_coilia_nasus,Coilia nasus,wild,0.0002000000000066393
wild_coilia_nasus__00257,wild_coilia_nasus,Coilia nasus,wild,0.0002000000000066393
wild_coilia_nasus__00258,wild_coilia_nasus,Coilia nasus,wild,0.0002000000000066393
wild_coilia_nasus__00259,wild_coilia_nasus,Coilia nasus,wild,0.0002000000000066393
wild_coilia_nasus__00260,wild_coilia_nasus,Coilia nasus,wild,0.0002000000000066393
wild_coilia_nasus__00261,wild_coilia_nasus,Coilia nasus,wild,0.0002000000000066393
wild_coilia_nasus__00262,wild_coilia_nasus,Coilia nasus,wild,0.0002000000000066393
wild_coilia_nasus__00263,wild_coilia_nasus,Coilia nasus,wild,0.0002000000000066393
wild_coilia_nasus__00264,wild_coilia_nasus,Coilia nasus,wild,0.0002000000000066393
wild_coilia_nasus__00265,wild_coilia_nasus,Coilia nasus,wild,0.0002000000000066393
wild_coilia_nasus__00266,wild_coilia_nasus,Coilia nasus,wild,0.0002000000000066393
wild_coilia_nasus__00267,wild_coilia_nasus,Coilia nasus,wild,0.0002000000000066393
wild_coilia_nasus__00268,wild_coilia_nasus,Coilia nasus,wild,0.0002000000000066393
wild_coilia_nasus__00269,wild_coilia_nasus,Coilia nasus,wild,0.0002000000000066393
wild_coilia_nasus__00270,wild_coilia_nasus,Coilia nasus,wild,0.0002000000000066393
wild_coilia_nasus__00271,wild_coilia_nasus,Coilia nasus,wild,0.0002000000000066393
wild_coilia_nasus__00272,wild_coilia_nasus,Coilia nasus,wild,0.0002000000000066393
wild_coilia_nasus__00273,wild_coilia_nasus,Coilia nasus,wild,0.0002000000000066393
wild_coilia_nasus__00274,wild_coilia_nasus,Coilia nasus,wild,0.0002000000000066393
wild_coilia_nasus__00275,wild_coilia_nasus,Coilia nasus,wild,0.0002000000000066393
wild_coilia_nasus__00276,wild_coilia_nasus,Coilia nasus,wild,0.0002000000000066393
wild_coilia_nasus__00277,wild_coilia_nasus,Coilia nasus,wild,0.0002000000000066393
wild_coilia_nasus__00278,wild_coilia_nasus,Coilia nasus,wild,0.0002000000000066393
wild_coilia_nasus__00279,wild_coilia_nasus,Coilia nasus,wild,0.0002000000000066393
wild_coilia_nasus__00280,wild_coilia_nasus,Coilia nasus,wild,0.0002000000000066393
wild_coilia_nasus__00281,wild_coilia_nasus,Coilia nasus,wild,0.0002000000000066393
wild_coilia_nasus__00282,wild_coilia_nasus,Coilia nasus,wild,0.0002000000000066393
wild_coilia_nasus__00283,wild_coilia_nasus,Coilia nasus,wild,0.0002000000000066393
wild_coilia_nasus__00284,wild_coilia_nasus,Coilia nasus,wild,0.0002000000000066393
wild_coilia_nasus__00285,wild_coilia_nasus,Coilia nasus,wild,0.0002000000000066393
wild_coilia_nasus__00286,wild_coilia_nasus,Coilia nasus,wild,0.0002000000000066393
wild_coilia_nasus__00287,wild_coilia_nasus,Coilia nasus,wild,0.0002000000000066393
wild_coilia_nasus__00289,wild_coilia_nasus,Coilia nasus,wild,0.0002000000000066393
wild_coilia_nasus__00290,wild_coilia_nasus,Coilia nasus,wild,0.0002000000000066393
wild_coilia_nasus__00291,wild_coilia_nasus,Coilia nasus,wild,0.0002000000000066393
wild_coilia_nasus__00292,wild_coilia_nasus,Coilia nasus,wild,0.0002000000000066393
wild_coilia_nasus__00293,wild_coilia_nasus,Coilia nasus,wild,0.0002000000000066393
wild_coilia_nasus__00294,wild_coilia_nasus,Coilia nasus,wild,0.0002000000000066393
wild_coilia_nasus__00295,wild_coilia_nasus,Coilia nasus,wild,0.0002000000000066393
wild_coilia_nasus__00296,wild_coilia_nasus,Coilia nasus,wild,0.0002000000000066393
wild_coilia_nasus__00297,wild_coilia_nasus,Coilia nasus,wild,0.0002000000000066393
wild_coilia_nasus__00298,wild_coilia_nasus,Coilia nasus,wild,0.0002000000000066393
wild_coilia_nasus__00299,wild_coilia_nasus,Coilia nasus,wild,0.0002000000000066393
wild_coilia_nasus__00300,wild_coilia_nasus,Coilia nasus,wild,0.0002000000000066393
wild_coilia_nasus__00301,wild_coilia_nasus,Coilia nasus,wild,0.0002000000000066393
wild_coilia_nasus__00302,wild_coilia_nasus,Coilia nasus,wild,0.0002000000000066393
wild_coilia_nasus__00303,wild_coilia_nasus,Coilia nasus,wild,0.0002000000000066393
wild_coilia_nasus__00304,wild_coilia_nasus,Coilia nasus,wild,0.0002000000000066393
wild_coilia_nasus__00305,wild_coilia_nasus,Coilia nasus,wild,0.0002000000000066393
wild_coilia_nasus__00306,wild_coilia_nasus,Coilia nasus,wild,0.0002000000000066393
wild_coilia_nasus__00307,wild_coilia_nasus,Coilia nasus,wild,0.0002000000000066393
wild_coilia_nasus__00308,wild_coilia_nasus,Coilia nasus,wild,0.0002000000000066393
wild_coilia_nasus__00309,wild_coilia_nasus,Coilia nasus,wild,0.0002000000000066393
wild_coilia_nasus__00310,wild_coilia_nasus,Coilia nasus,wild,0.0002000000000066393
wild_coilia_nasus__00311,wild_coilia_nasus,Coilia nasus,wild,0.0002000000000066393
wild_coilia_nasus__00312,wild_coilia_nasus,Coilia nasus,wild,0.0002000000000066393
wild_coilia_nasus__00313,wild_coilia_nasus,Coilia nasus,wild,0.0002000000000066393
wild_coilia_nasus__00314,wild_coilia_nasus,Coilia nasus,wild,0.0002000000000066393
wild_coilia_nasus__00315,wild_coilia_nasus,Coilia nasus,wild,0.0002000000000066393
wild_coilia_nasus__00316,wild_coilia_nasus,Coilia nasus,wild,0.0002000000000066393
wild_coilia_nasus__00317,wild_coilia_nasus,Coilia nasus,wild,0.0002000000000066393
wild_coilia_nasus__00318,wild_coilia_nasus,Coilia nasus,wild,0.0002000000000066393
wild_coilia_nasus__00319,wild_coilia_nasus,Coilia nasus,wild,0.0002000000000066393
wild_coilia_nasus__00320,wild_coilia_nasus,Coilia nasus,wild,0.0002000000000066393
wild_coilia_nasus__00321,wild_coilia_nasus,Coilia nasus,wild,0.0002000000000066393
wild_coilia_nasus__00322,wild_coilia_nasus,Coilia nasus,wild,0.0002000000000066393
wild_coilia_nasus__00323,wild_coilia_nasus,Coilia nasus,wild,0.0002000000000066393
wild_coilia_nasus__00324,wild_coilia_nasus,Coilia nasus,wild,0.0002000000000066393
wild_coilia_nasus__00325,wild_coilia_nasus,Coilia nasus,wild,0.0002000000000066393
wild_coilia_nasus__00326,wild_coilia_nasus,Coilia nasus,wild,0.0002000000000066393
wild_coilia_nasus__00327,wild_coilia_nasus,Coilia nasus,wild,0.0002000000000066393
wild_coilia_nasus__00328,wild_coilia_nasus,Coilia nasus,wild,0.0002000000000066393
wild_coilia_nasus__00329,wild_coilia_nasus,Coilia nasus,wild,0.0002000000000066393
wild_coilia_nasus__00330,wild_coilia_nasus,Coilia nasus,wild,0.0002000000000066393
wild_coilia_nasus__00331,wild_coilia_nasus,Coilia nasus,wild,0.0002000000000066393
wild_coilia_nasus__00332,wild_coilia_nasus,Coilia nasus,wild,0.0002000000000066393
wild_coilia_nasus__00333,wild_coilia_nasus,Coilia nasus,wild,0.0002000000000066393
wild_coilia_nasus__00334,wild_coilia_nasus,Coilia nasus,wild,0.0002000000000066393
wild_coilia_nasus__00335,wild_coilia_nasus,Coilia nasus,wild,0.0002000000000066393
wild_coilia_nasus__00336,wild_coilia_nasus,Coilia nasus,wild,0.0002000000000066393
wild_coilia_nasus__00337,wild_coilia_nasus,Coilia nasus,wild,0.0002000000000066393
wild_coilia_nasus__00338,wild_coilia_nasus,Coilia nasus,wild,0.0002000000000066393
wild_coilia_nasus__00339,wild_coilia_nasus,Coilia nasus,wild,0.0002000000000066393
wild_coilia_nasus__00340,wild_coilia_nasus,Coilia nasus,wild,0.0002000000000066393
wild_coilia_nasus__00341,wild_coilia_nasus,Coilia nasus,wild,0.0002000000000066393
wild_coilia_nasus__00342,wild_coilia_nasus,Coilia nasus,wild,0.0002000000000066393
wild_coilia_nasus__00343,wild_coilia_nasus,Coilia nasus,wild,0.0002000000000066393
wild_coilia_nasus__00344,wild_coilia_nasus,Coilia nasus,wild,0.0002000000000066393
wild_coilia_nasus__00345,wild_coilia_nasus,Coilia nasus,wild,0.0002000000000066393
wild_coilia_nasus__00346,wild_coilia_nasus,Coilia nasus,wild,0.0002000000000066393
wild_coilia_nasus__00347,wild_coilia_nasus,Coilia nasus,wild,0.0002000000000066393
wild_coilia_nasus__00348,wild_coilia_nasus,Coilia nasus,wild,0.0002000000000066393
wild_coilia_nasus__00349,wild_coilia_nasus,Coilia nasus,wild,0.0002000000000066393
wild_coilia_nasus__00350,wild_coilia_nasus,Coilia nasus,wild,0.0002000000000066393
wild_coilia_nasus__00351,wild_coilia_nasus,Coilia nasus,wild,0.0002000000000066393
wild_coilia_nasus__00352,wild_coilia_nasus,Coilia nasus,wild,0.0002000000000066393
wild_coilia_nasus__00353,wild_coilia_nasus,Coilia nasus,wild,0.0002000000000066393
wild_coilia_nasus__00354,wild_coilia_nasus,Coilia nasus,wild,0.0002000000000066393
wild_coilia_nasus__00355,wild_coilia_nasus,Coilia nasus,wild,0.0002000000000066393
wild_coilia_nasus__00356,wild_coilia_nasus,Coilia nasus,wild,0.0002000000000066393
wild_coilia_nasus__00357,wild_coilia_nasus,Coilia nasus,wild,0.0002000000000066393
wild_coilia_nasus__00358,wild_coilia_nasus,Coilia nasus,wild,0.0002000000000066393
wild_coilia_nasus__00359,wild_coilia_nasus,Coilia nasus,wild,0.0002000000000066393
wild_coilia_nasus__00360,wild_coilia_nasus,Coilia nasus,wild,0.0002000000000066393
wild_coilia_nasus__00361,wild_coilia_nasus,Coilia nasus,wild,0.0002000000000066393
wild_coilia_nasus__00362,wild_coilia_nasus,Coilia nasus,wild,0.0002000000000066393
wild_coilia_nasus__00363,wild_coilia_nasus,Coilia nasus,wild,0.0002000000000066393
wild_coilia_nasus__00364,wild_coilia_nasus,Coilia nasus,wild,0.0002000000000066393
wild_coilia_nasus__00365,wild_coilia_nasus,Coilia nasus,wild,0.0002000000000066393
wild_coilia_nasus__00366,wild_coilia_nasus,Coilia nasus,wild,0.0002000000000066393
wild_coilia_nasus__00367,wild_coilia_nasus,Coilia nasus,wild,0.0002000000000066393
wild_coilia_nasus__00368,wild_coilia_nasus,Coilia nasus,wild,0.0002000000000066393
wild_coilia_nasus__00369,wild_coilia_nasus,Coilia nasus,wild,0.0002000000000066393
wild_coilia_nasus__00370,wild_coilia_nasus,Coilia nasus,wild,0.0002000000000066393
wild_coilia_nasus__00371,wild_coilia_nasus,Coilia nasus,wild,0.0002000000000066393
wild_coilia_nasus__00372,wild_coilia_nasus,Coilia nasus,wild,0.0002000000000066393
wild_coilia_nasus__00373,wild_coilia_nasus,Coilia nasus,wild,0.0002000000000066393
wild_coilia_nasus__00374,wild_coilia_nasus,Coilia nasus,wild,0.0002000000000066393
wild_coilia_nasus__00375,wild_coilia_nasus,Coilia nasus,wild,0.0002000000000066393
wild_coilia_nasus__00376,wild_coilia_nasus,Coilia nasus,wild,0.0002000000000066393
wild_coilia_nasus__00377,wild_coilia_nasus,Coilia nasus,wild,0.0002000000000066393
wild_coilia_nasus__00378,wild_coilia_nasus,Coilia nasus,wild,0.0002000000000066393
wild_coilia_nasus__00379,wild_coilia_nasus,Coilia nasus,wild,0.0002000000000066393
wild_coilia_nasus__00380,wild_coilia_nasus,Coilia nasus,wild,0.0002000000000066393
wild_coilia_nasus__00381,wild_coilia_nasus,Coilia nasus,wild,0.0002000000000066393
wild_coilia_nasus__00382,wild_coilia_nasus,Coilia nasus,wild,0.0002000000000066393
wild_coilia_nasus__00383,wild_coilia_nasus,Coilia nasus,wild,0.0002000000000066393
wild_coilia_nasus__00384,wild_coilia_nasus,Coilia nasus,wild,0.0002000000000066393
wild_coilia_nasus__00385,wild_coilia_nasus,Coilia nasus,wild,0.0002000000000066393
wild_coilia_nasus__00386,wild_coilia_nasus,Coilia nasus,wild,0.0002000000000066393
wild_coilia_nasus__00387,wild_coilia_nasus,Coilia nasus,wild,0.0002000000000066393
wild_coilia_nasus__00388,wild_coilia_nasus,Coilia nasus,wild,0.0002000000000066393
wild_coilia_nasus__00389,wild_coilia_nasus,Coilia nasus,wild,0.0002000000000066393
wild_coilia_nasus__00390,wild_coilia_nasus,Coilia nasus,wild,0.0002000000000066393
wild_coilia_nasus__00391,wild_coilia_nasus,Coilia nasus,wild,0.0002000000000066393
wild_coilia_nasus__00392,wild_coilia_nasus,Coilia nasus,wild,0.0002000000000066393
wild_coilia_nasus__00393,wild_coilia_nasus,Coilia nasus,wild,0.0002000000000066393
wild_coilia_nasus__00394,wild_coilia_nasus,Coilia nasus,wild,0.0002000000000066393
wild_coilia_nasus__00395,wild_coilia_nasus,Coilia nasus,wild,0.0002000000000066393
wild_coilia_nasus__00396,wild_coilia_nasus,Coilia nasus,wild,0.0002000000000066393
wild_coilia_nasus__00397,wild_coilia_nasus,Coilia nasus,wild,0.0002000000000066393
wild_coilia_nasus__00398,wild_coilia_nasus,Coilia nasus,wild,0.0002000000000066393
wild_coilia_nasus__00399,wild_coilia_nasus,Coilia nasus,wild,0.0002000000000066393
wild_coilia_nasus__00400,wild_coilia_nasus,Coilia nasus,wild,0.0002000000000066393
wild_coilia_nasus__00401,wild_coilia_nasus,Coilia nasus,wild,0.0002000000000066393
wild_coilia_nasus__00402,wild_coilia_nasus,Coilia nasus,wild,0.0002000000000066393
wild_coilia_nasus__00403,wild_coilia_nasus,Coilia nasus,wild,0.0002000000000066393
wild_coilia_nasus__00404,wild_coilia_nasus,Coilia nasus,wild,0.0002000000000066393
wild_coilia_nasus__00405,wild_coilia_nasus,Coilia nasus,wild,0.0002000000000066393
wild_coilia_nasus__00406,wild_coilia_nasus,Coilia nasus,wild,0.0002000000000066393
wild_coilia_nasus__00407,wild_coilia_nasus,Coilia nasus,wild,0.0002000000000066393
wild_coilia_nasus__00408,wild_coilia_nasus,Coilia nasus,wild,0.0002000000000066393
wild_coilia_nasus__00409,wild_coilia_nasus,Coilia nasus,wild,0.0002000000000066393
wild_coilia_nasus__00410,wild_coilia_nasus,Coilia nasus,wild,0.0002000000000066393
wild_coilia_nasus__00411,wild_coilia_nasus,Coilia nasus,wild,0.0002000000000066393
wild_coilia_nasus__00412,wild_coilia_nasus,Coilia nasus,wild,0.0002000000000066393
wild_coilia_nasus__00413,wild_coilia_nasus,Coilia nasus,wild,0.0002000000000066393
wild_coilia_nasus__00414,wild_coilia_nasus,Coilia nasus,wild,0.0002000000000066393
wild_coilia_nasus__00415,wild_coilia_nasus,Coilia nasus,wild,0.0002000000000066393
wild_coilia_nasus__00416,wild_coilia_nasus,Coilia nasus,wild,0.0002000000000066393
wild_coilia_nasus__00417,wild_coilia_nasus,Coilia nasus,wild,0.0002000000000066393
wild_coilia_nasus__00418,wild_coilia_nasus,Coilia nasus,wild,0.0002000000000066393
wild_coilia_nasus__00419,wild_coilia_nasus,Coilia nasus,wild,0.0002000000000066393
wild_coilia_nasus__00420,wild_coilia_nasus,Coilia nasus,wild,0.0002000000000066393
wild_coilia_nasus__00421,wild_coilia_nasus,Coilia nasus,wild,0.0002000000000066393
wild_coilia_nasus__00422,wild_coilia_nasus,Coilia nasus,wild,0.0002000000000066393
wild_coilia_nasus__00423,wild_coilia_nasus,Coilia nasus,wild,0.0002000000000066393
wild_coilia_nasus__00424,wild_coilia_nasus,Coilia nasus,wild,0.0002000000000066393
wild_coilia_nasus__00425,wild_coilia_nasus,Coilia nasus,wild,0.0002000000000066393
wild_coilia_nasus__00426,wild_coilia_nasus,Coilia nasus,wild,0.0002000000000066393
wild_coilia_nasus__00427,wild_coilia_nasus,Coilia nasus,wild,0.0002000000000066393
wild_coilia_nasus__00428,wild_coilia_nasus,Coilia nasus,wild,0.0002000000000066393
wild_coilia_nasus__00429,wild_coilia_nasus,Coilia nasus,wild,0.0002000000000066393
wild_coilia_nasus__00430,wild_coilia_nasus,Coilia nasus,wild,0.0002000000000066393
wild_coilia_nasus__00431,wild_coilia_nasus,Coilia nasus,wild,0.0002000000000066393
wild_coilia_nasus__00432,wild_coilia_nasus,Coilia nasus,wild,0.0002000000000066393
wild_coilia_nasus__00433,wild_coilia_nasus,Coilia nasus,wild,0.0002000000000066393
wild_coilia_nasus__00434,wild_coilia_nasus,Coilia nasus,wild,0.0002000000000066393
wild_coilia_nasus__00435,wild_coilia_nasus,Coilia nasus,wild,0.0002000000000066393
wild_coilia_nasus__00436,wild_coilia_nasus,Coilia nasus,wild,0.0002000000000066393
wild_coilia_nasus__00437,wild_coilia_nasus,Coilia nasus,wild,0.0002000000000066393
wild_coilia_nasus__00438,wild_coilia_nasus,Coilia nasus,wild,0.0002000000000066393
wild_coilia_nasus__00439,wild_coilia_nasus,Coilia nasus,wild,0.0002000000000066393
wild_coilia_nasus__00440,wild_coilia_nasus,Coilia nasus,wild,0.0002000000000066393
wild_coilia_nasus__00441,wild_coilia_nasus,Coilia nasus,wild,0.0002000000000066393
wild_coilia_nasus__00442,wild_coilia_nasus,Coilia nasus,wild,0.0002000000000066393
wild_coilia_nasus__00443,wild_coilia_nasus,Coilia nasus,wild,0.0002000000000066393
wild_coilia_nasus__00444,wild_coilia_nasus,Coilia nasus,wild,0.0002000000000066393
wild_coilia_nasus__00445,wild_coilia_nasus,Coilia nasus,wild,0.0002000000000066393
wild_coilia_nasus__00446,wild_coilia_nasus,Coilia nasus,wild,0.0002000000000066393
wild_coilia_nasus__00447,wild_coilia_nasus,Coilia nasus,wild,0.0002000000000066393
wild_coilia_nasus__00448,wild_coilia_nasus,Coilia nasus,wild,0.0002000000000066393
wild_coilia_nasus__00449,wild_coilia_nasus,Coilia nasus,wild,0.0002000000000066393
wild_coilia_nasus__00450,wild_coilia_nasus,Coilia nasus,wild,0.0002000000000066393
wild_coilia_nasus__00451,wild_coilia_nasus,Coilia nasus,wild,0.0002000000000066393
wild_coilia_nasus__00452,wild_coilia_nasus,Coilia nasus,wild,0.0002000000000066393
wild_coilia_nasus__00453,wild_coilia_nasus,Coilia nasus,wild,0.0002000000000066393
wild_coilia_nasus__00454,wild_coilia_nasus,Coilia nasus,wild,0.0002000000000066393
wild_coilia_nasus__00455,wild_coilia_nasus,Coilia nasus,wild,0.0002000000000066393
wild_coilia_nasus__00456,wild_coilia_nasus,Coilia nasus,wild,0.0002000000000066393
wild_coilia_nasus__00457,wild_coilia_nasus,Coilia nasus,wild,0.0002000000000066393
wild_coilia_nasus__00458,wild_coilia_nasus,Coilia nasus,wild,0.0002000000000066393
wild_coilia_nasus__00459,wild_coilia_nasus,Coilia nasus,wild,0.0002000000000066393
wild_coilia_nasus__00460,wild_coilia_nasus,Coilia nasus,wild,0.0002000000000066393
wild_coilia_nasus__00461,wild_coilia_nasus,Coilia nasus,wild,0.0002000000000066393
wild_coilia_nasus__00462,wild_coilia_nasus,Coilia nasus,wild,0.0002000000000066393
wild_coilia_nasus__00463,wild_coilia_nasus,Coilia nasus,wild,0.0002000000000066393
wild_coilia_nasus__00464,wild_coilia_nasus,Coilia nasus,wild,0.0002000000000066393
wild_coilia_nasus__00465,wild_coilia_nasus,Coilia nasus,wild,0.0002000000000066393
wild_coilia_nasus__00466,wild_coilia_nasus,Coilia nasus,wild,0.0002000000000066393
wild_coilia_nasus__00467,wild_coilia_nasus,Coilia nasus,wild,0.0002000000000066393
wild_coilia_nasus__00468,wild_coilia_nasus,Coilia nasus,wild,0.0002000000000066393
wild_coilia_nasus__00469,wild_coilia_nasus,Coilia nasus,wild,0.0002000000000066393
wild_coilia_nasus__00470,wild_coilia_nasus,Coilia nasus,wild,0.0002000000000066393
wild_coilia_nasus__00471,wild_coilia_nasus,Coilia nasus,wild,0.0002000000000066393
wild_coilia_nasus__00472,wild_coilia_nasus,Coilia nasus,wild,0.0002000000000066393
wild_coilia_nasus__00473,wild_coilia_nasus,Coilia nasus,wild,0.0002000000000066393
wild_coilia_nasus__00474,wild_coilia_nasus,Coilia nasus,wild,0.0002000000000066393
wild_coilia_nasus__00475,wild_coilia_nasus,Coilia nasus,wild,0.0002000000000066393
wild_coilia_nasus__00476,wild_coilia_nasus,Coilia nasus,wild,0.0002000000000066393
wild_coilia_nasus__00477,wild_coilia_nasus,Coilia nasus,wild,0.0002000000000066393
wild_coilia_nasus__00478,wild_coilia_nasus,Coilia nasus,wild,0.0002000000000066393
wild_coilia_nasus__00479,wild_coilia_nasus,Coilia nasus,wild,0.0002000000000066393
wild_coilia_nasus__00480,wild_coilia_nasus,Coilia nasus,wild,0.0002000000000066393
wild_coilia_nasus__00481,wild_coilia_nasus,Coilia nasus,wild,0.0002000000000066393
wild_coilia_nasus__00482,wild_coilia_nasus,Coilia nasus,wild,0.0002000000000066393
wild_coilia_nasus__00483,wild_coilia_nasus,Coilia nasus,wild,0.0002000000000066393
wild_coilia_nasus__00484,wild_coilia_nasus,Coilia nasus,wild,0.0002000000000066393
wild_coilia_nasus__00485,wild_coilia_nasus,Coilia nasus,wild,0.0002000000000066393
wild_coilia_nasus__00486,wild_coilia_nasus,Coilia nasus,wild,0.0002000000000066393
wild_coilia_nasus__00487,wild_coilia_nasus,Coilia nasus,wild,0.0002000000000066393
wild_coilia_nasus__00488,wild_coilia_nasus,Coilia nasus,wild,0.0002000000000066393
wild_coilia_nasus__00489,wild_coilia_nasus,Coilia nasus,wild,0.0002000000000066393
wild_coilia_nasus__00490,wild_coilia_nasus,Coilia nasus,wild,0.0002000000000066393
wild_coilia_nasus__00491,wild_coilia_nasus,Coilia nasus,wild,0.0002000000000066393
wild_coilia_nasus__00492,wild_coilia_nasus,Coilia nasus,wild,0.0002000000000066393
wild_coilia_nasus__00493,wild_coilia_nasus,Coilia nasus,wild,0.0002000000000066393
wild_coilia_nasus__00494,wild_coilia_nasus,Coilia nasus,wild,0.0002000000000066393
wild_coilia_nasus__00495,wild_coilia_nasus,Coilia nasus,wild,0.0002000000000066393
wild_coilia_nasus__00496,wild_coilia_nasus,Coilia nasus,wild,0.0002000000000066393
wild_coilia_nasus__00497,wild_coilia_nasus,Coilia nasus,wild,0.0002000000000066393
wild_coilia_nasus__00498,wild_coilia_nasus,Coilia nasus,wild,0.0002000000000066393
wild_coilia_nasus__00499,wild_coilia_nasus,Coilia nasus,wild,0.0002000000000066393
wild_coilia_nasus__00500,wild_coilia_nasus,Coilia nasus,wild,0.0002000000000066393
wild_coilia_nasus__00501,wild_coilia_nasus,Coilia nasus,wild,0.0002000000000066393
wild_coilia_nasus__00502,wild_coilia_nasus,Coilia nasus,wild,0.0002000000000066393
wild_coilia_nasus__00503,wild_coilia_nasus,Coilia nasus,wild,0.0002000000000066393
wild_coilia_nasus__00504,wild_coilia_nasus,Coilia nasus,wild,0.0002000000000066393
wild_coilia_nasus__00505,wild_coilia_nasus,Coilia nasus,wild,0.0002000000000066393
wild_coilia_nasus__00506,wild_coilia_nasus,Coilia nasus,wild,0.0002000000000066393
wild_coilia_nasus__00507,wild_coilia_nasus,Coilia nasus,wild,0.0002000000000066393
wild_coilia_nasus__00508,wild_coilia_nasus,Coilia nasus,wild,0.0002000000000066393
wild_coilia_nasus__00509,wild_coilia_nasus,Coilia nasus,wild,0.0002000000000066393
wild_coilia_nasus__00510,wild_coilia_nasus,Coilia nasus,wild,0.0002000000000066393
wild_coilia_nasus__00511,wild_coilia_nasus,Coilia nasus,wild,0.0002000000000066393
wild_coilia_nasus__00512,wild_coilia_nasus,Coilia nasus,wild,0.0002000000000066393
wild_coilia_nasus__00513,wild_coilia_nasus,Coilia nasus,wild,0.0002000000000066393
wild_coilia_nasus__00514,wild_coilia_nasus,Coilia nasus,wild,0.0002000000000066393
wild_coilia_nasus__00515,wild_coilia_nasus,Coilia nasus,wild,0.0002000000000066393
wild_coilia_nasus__00516,wild_coilia_nasus,Coilia nasus,wild,0.0002000000000066393
wild_coilia_nasus__00517,wild_coilia_nasus,Coilia nasus,wild,0.0002000000000066393
wild_coilia_nasus__00518,wild_coilia_nasus,Coilia nasus,wild,0.0002000000000066393
wild_coilia_nasus__00519,wild_coilia_nasus,Coilia nasus,wild,0.0002000000000066393
wild_coilia_nasus__00520,wild_coilia_nasus,Coilia nasus,wild,0.0002000000000066393
wild_coilia_nasus__00521,wild_coilia_nasus,Coilia nasus,wild,0.0002000000000066393
wild_coilia_nasus__00522,wild_coilia_nasus,Coilia nasus,wild,0.0002000000000066393
wild_coilia_nasus__00523,wild_coilia_nasus,Coilia nasus,wild,0.0002000000000066393
wild_coilia_nasus__00524,wild_coilia_nasus,Coilia nasus,wild,0.0002000000000066393
wild_coilia_nasus__00525,wild_coilia_nasus,Coilia nasus,wild,0.0002000000000066393
wild_coilia_nasus__00526,wild_coilia_nasus,Coilia nasus,wild,0.0002000000000066393
wild_coilia_nasus__00527,wild_coilia_nasus,Coilia nasus,wild,0.0002000000000066393
wild_coilia_nasus__00528,wild_coilia_nasus,Coilia nasus,wild,0.0002000000000066393
wild_coilia_nasus__00529,wild_coilia_nasus,Coilia nasus,wild,0.0002000000000066393
wild_coilia_nasus__00530,wild_coilia_nasus,Coilia nasus,wild,0.0002000000000066393
wild_coilia_nasus__00531,wild_coilia_nasus,Coilia nasus,wild,0.0002000000000066393
wild_coilia_nasus__00532,wild_coilia_nasus,Coilia nasus,wild,0.0002000000000066393
wild_coilia_nasus__00533,wild_coilia_nasus,Coilia nasus,wild,0.0002000000000066393
wild_coilia_nasus__00534,wild_coilia_nasus,Coilia nasus,wild,0.0002000000000066393
wild_coilia_nasus__00535,wild_coilia_nasus,Coilia nasus,wild,0.0002000000000066393
wild_coilia_nasus__00536,wild_coilia_nasus,Coilia nasus,wild,0.0002000000000066393
wild_coilia_nasus__00537,wild_coilia_nasus,Coilia nasus,wild,0.0002000000000066393
wild_coilia_nasus__00538,wild_coilia_nasus,Coilia nasus,wild,0.0002000000000066393
wild_coilia_nasus__00539,wild_coilia_nasus,Coilia nasus,wild,0.0002000000000066393
wild_coilia_nasus__00540,wild_coilia_nasus,Coilia nasus,wild,0.0002000000000066393
wild_coilia_nasus__00541,wild_coilia_nasus,Coilia nasus,wild,0.0002000000000066393
wild_coilia_nasus__00542,wild_coilia_nasus,Coilia nasus,wild,0.0002000000000066393
wild_coilia_nasus__00543,wild_coilia_nasus,Coilia nasus,wild,0.0002000000000066393
wild_coilia_nasus__00544,wild_coilia_nasus,Coilia nasus,wild,0.0002000000000066393
wild_coilia_nasus__00545,wild_coilia_nasus,Coilia nasus,wild,0.0002000000000066393
wild_coilia_nasus__00546,wild_coilia_nasus,Coilia nasus,wild,0.0002000000000066393
wild_coilia_nasus__00547,wild_coilia_nasus,Coilia nasus,wild,0.0002000000000066393
wild_coilia_nasus__00548,wild_coilia_nasus,Coilia nasus,wild,0.0002000000000066393
wild_coilia_nasus__00549,wild_coilia_nasus,Coilia nasus,wild,0.0002000000000066393
wild_coilia_nasus__00550,wild_coilia_nasus,Coilia nasus,wild,0.0002000000000066393
wild_coilia_nasus__00551,wild_coilia_nasus,Coilia nasus,wild,0.0002000000000066393
wild_coilia_nasus__00552,wild_coilia_nasus,Coilia nasus,wild,0.0002000000000066393
wild_coilia_nasus__00553,wild_coilia_nasus,Coilia nasus,wild,0.0002000000000066393
wild_coilia_nasus__00554,wild_coilia_nasus,Coilia nasus,wild,0.0002000000000066393
wild_coilia_nasus__00555,wild_coilia_nasus,Coilia nasus,wild,0.0002000000000066393
wild_coilia_nasus__00556,wild_coilia_nasus,Coilia nasus,wild,0.0002000000000066393
wild_coilia_nasus__00557,wild_coilia_nasus,Coilia nasus,wild,0.0002000000000066393
wild_coilia_nasus__00558,wild_coilia_nasus,Coilia nasus,wild,0.0002000000000066393
wild_coilia_nasus__00559,wild_coilia_nasus,Coilia nasus,wild,0.0002000000000066393
wild_coilia_nasus__00560,wild_coilia_nasus,Coilia nasus,wild,0.0002000000000066393
wild_coilia_nasus__00561,wild_coilia_nasus,Coilia nasus,wild,0.0002000000000066393
wild_coilia_nasus__00562,wild_coilia_nasus,Coilia nasus,wild,0.0002000000000066393
wild_coilia_nasus__00563,wild_coilia_nasus,Coilia nasus,wild,0.0002000000000066393
wild_coilia_nasus__00564,wild_coilia_nasus,Coilia nasus,wild,0.0002000000000066393
wild_coilia_nasus__00565,wild_coilia_nasus,Coilia nasus,wild,0.0002000000000066393
wild_coilia_nasus__00566,wild_coilia_nasus,Coilia nasus,wild,0.0002000000000066393
wild_coilia_nasus__00567,wild_coilia_nasus,Coilia nasus,wild,0.0002000000000066393
wild_coilia_nasus__00568,wild_coilia_nasus,Coilia nasus,wild,0.0002000000000066393
wild_coilia_nasus__00569,wild_coilia_nasus,Coilia nasus,wild,0.0002000000000066393
wild_coilia_nasus__00570,wild_coilia_nasus,Coilia nasus,wild,0.0002000000000066393
wild_coilia_nasus__00571,wild_coilia_nasus,Coilia nasus,wild,0.0002000000000066393
wild_coilia_nasus__00572,wild_coilia_nasus,Coilia nasus,wild,0.0002000000000066393
wild_coilia_nasus__00573,wild_coilia_nasus,Coilia nasus,wild,0.0002000000000066393
wild_coilia_nasus__00574,wild_coilia_nasus,Coilia nasus,wild,0.0002000000000066393
wild_coilia_nasus__00575,wild_coilia_nasus,Coilia nasus,wild,0.0002000000000066393
wild_coilia_nasus__00576,wild_coilia_nasus,Coilia nasus,wild,0.0002000000000066393
wild_coilia_nasus__00577,wild_coilia_nasus,Coilia nasus,wild,0.0002000000000066393
wild_coilia_nasus__00578,wild_coilia_nasus,Coilia nasus,wild,0.0002000000000066393
wild_coilia_nasus__00579,wild_coilia_nasus,Coilia nasus,wild,0.0002000000000066393
wild_coilia_nasus__00580,wild_coilia_nasus,Coilia nasus,wild,0.0002000000000066393
wild_coilia_nasus__00581,wild_coilia_nasus,Coilia nasus,wild,0.0002000000000066393
wild_coilia_nasus__00582,wild_coilia_nasus,Coilia nasus,wild,0.0002000000000066393
wild_coilia_nasus__00583,wild_coilia_nasus,Coilia nasus,wild,0.0002000000000066393
wild_coilia_nasus__00584,wild_coilia_nasus,Coilia nasus,wild,0.0002000000000066393
wild_coilia_nasus__00585,wild_coilia_nasus,Coilia nasus,wild,0.0002000000000066393
wild_coilia_nasus__00586,wild_coilia_nasus,Coilia nasus,wild,0.0002000000000066393
wild_coilia_nasus__00587,wild_coilia_nasus,Coilia nasus,wild,0.0002000000000066393
wild_coilia_nasus__00588,wild_coilia_nasus,Coilia nasus,wild,0.0002000000000066393
wild_coilia_nasus__00589,wild_coilia_nasus,Coilia nasus,wild,0.0002000000000066393
wild_coilia_nasus__00590,wild_coilia_nasus,Coilia nasus,wild,0.0002000000000066393
wild_coilia_nasus__00591,wild_coilia_nasus,Coilia nasus,wild,0.0002000000000066393
wild_coilia_nasus__00592,wild_coilia_nasus,Coilia nasus,wild,0.0002000000000066393
wild_coilia_nasus__00593,wild_coilia_nasus,Coilia nasus,wild,0.0002000000000066393
wild_coilia_nasus__00594,wild_coilia_nasus,Coilia nasus,wild,0.0002000000000066393
wild_coilia_nasus__00595,wild_coilia_nasus,Coilia nasus,wild,0.0002000000000066393
wild_coilia_nasus__00596,wild_coilia_nasus,Coilia nasus,wild,0.0002000000000066393
wild_coilia_nasus__00597,wild_coilia_nasus,Coilia nasus,wild,0.0002000000000066393
wild_coilia_nasus__00598,wild_coilia_nasus,Coilia nasus,wild,0.0002000000000066393
wild_coilia_nasus__00599,wild_coilia_nasus,Coilia nasus,wild,0.0002000000000066393
wild_coilia_nasus__00600,wild_coilia_nasus,Coilia nasus,wild,0.0002000000000066393
wild_coilia_nasus__00601,wild_coilia_nasus,Coilia nasus,wild,0.0002000000000066393
wild_coilia_nasus__00602,wild_coilia_nasus,Coilia nasus,wild,0.0002000000000066393
wild_coilia_nasus__00603,wild_coilia_nasus,Coilia nasus,wild,0.0002000000000066393
wild_coilia_nasus__00604,wild_coilia_nasus,Coilia nasus,wild,0.0002000000000066393
wild_coilia_nasus__00605,wild_coilia_nasus,Coilia nasus,wild,0.0002000000000066393
wild_coilia_nasus__00606,wild_coilia_nasus,Coilia nasus,wild,0.0002000000000066393
wild_coilia_nasus__00607,wild_coilia_nasus,Coilia nasus,wild,0.0002000000000066393
wild_coilia_nasus__00608,wild_coilia_nasus,Coilia nasus,wild,0.0002000000000066393
wild_coilia_nasus__00609,wild_coilia_nasus,Coilia nasus,wild,0.0002000000000066393
wild_coilia_nasus__00610,wild_coilia_nasus,Coilia nasus,wild,0.0002000000000066393
wild_coilia_nasus__00611,wild_coilia_nasus,Coilia nasus,wild,0.0002000000000066393
wild_coilia_nasus__00612,wild_coilia_nasus,Coilia nasus,wild,0.0002000000000066393
wild_coilia_nasus__00613,wild_coilia_nasus,Coilia nasus,wild,0.0002000000000066393
wild_coilia_nasus__00614,wild_coilia_nasus,Coilia nasus,wild,0.0002000000000066393
wild_coilia_nasus__00615,wild_coilia_nasus,Coilia nasus,wild,0.0002000000000066393
wild_coilia_nasus__00616,wild_coilia_nasus,Coilia nasus,wild,0.0002000000000066393
wild_coilia_nasus__00617,wild_coilia_nasus,Coilia nasus,wild,0.0002000000000066393
wild_coilia_nasus__00618,wild_coilia_nasus,Coilia nasus,wild,0.0002000000000066393
wild_coilia_nasus__00619,wild_coilia_nasus,Coilia nasus,wild,0.0002000000000066393
wild_coilia_nasus__00620,wild_coilia_nasus,Coilia nasus,wild,0.0002000000000066393
wild_coilia_nasus__00621,wild_coilia_nasus,Coilia nasus,wild,0.0002000000000066393
wild_coilia_nasus__00622,wild_coilia_nasus,Coilia nasus,wild,0.0002000000000066393
wild_coilia_nasus__00623,wild_coilia_nasus,Coilia nasus,wild,0.0002000000000066393
wild_coilia_nasus__00624,wild_coilia_nasus,Coilia nasus,wild,0.0002000000000066393
wild_coilia_nasus__00625,wild_coilia_nasus,Coilia nasus,wild,0.0002000000000066393
wild_coilia_nasus__00626,wild_coilia_nasus,Coilia nasus,wild,0.0002000000000066393
wild_coilia_nasus__00627,wild_coilia_nasus,Coilia nasus,wild,0.0002000000000066393
wild_coilia_nasus__00628,wild_coilia_nasus,Coilia nasus,wild,0.0002000000000066393
wild_coilia_nasus__00629,wild_coilia_nasus,Coilia nasus,wild,0.0002000000000066393
wild_coilia_nasus__00630,wild_coilia_nasus,Coilia nasus,wild,0.0002000000000066393
wild_coilia_nasus__00631,wild_coilia_nasus,Coilia nasus,wild,0.0002000000000066393
wild_coilia_nasus__00632,wild_coilia_nasus,Coilia nasus,wild,0.0002000000000066393
wild_coilia_nasus__00633,wild_coilia_nasus,Coilia nasus,wild,0.0002000000000066393
wild_coilia_nasus__00634,wild_coilia_nasus,Coilia nasus,wild,0.0002000000000066393
wild_coilia_nasus__00635,wild_coilia_nasus,Coilia nasus,wild,0.0002000000000066393
wild_coilia_nasus__00636,wild_coilia_nasus,Coilia nasus,wild,0.0002000000000066393
wild_coilia_nasus__00637,wild_coilia_nasus,Coilia nasus,wild,0.0002000000000066393
wild_coilia_nasus__00638,wild_coilia_nasus,Coilia nasus,wild,0.0002000000000066393
wild_coilia_nasus__00639,wild_coilia_nasus,Coilia nasus,wild,0.0002000000000066393
wild_coilia_nasus__00640,wild_coilia_nasus,Coilia nasus,wild,0.0002000000000066393
wild_coilia_nasus__00641,wild_coilia_nasus,Coilia nasus,wild,0.0002000000000066393
wild_coilia_nasus__00642,wild_coilia_nasus,Coilia nasus,wild,0.0002000000000066393
wild_coilia_nasus__00643,wild_coilia_nasus,Coilia nasus,wild,0.0002000000000066393
wild_coilia_nasus__00644,wild_coilia_nasus,Coilia nasus,wild,0.0002000000000066393
wild_coilia_nasus__00645,wild_coilia_nasus,Coilia nasus,wild,0.0002000000000066393
wild_coilia_nasus__00646,wild_coilia_nasus,Coilia nasus,wild,0.0002000000000066393
wild_coilia_nasus__00647,wild_coilia_nasus,Coilia nasus,wild,0.0002000000000066393
wild_coilia_nasus__00648,wild_coilia_nasus,Coilia nasus,wild,0.0002000000000066393
wild_coilia_nasus__00649,wild_coilia_nasus,Coilia nasus,wild,0.0002000000000066393
wild_coilia_nasus__00650,wild_coilia_nasus,Coilia nasus,wild,0.0002000000000066393
wild_coilia_nasus__00651,wild_coilia_nasus,Coilia nasus,wild,0.0002000000000066393
wild_coilia_nasus__00652,wild_coilia_nasus,Coilia nasus,wild,0.0002000000000066393
wild_coilia_nasus__00653,wild_coilia_nasus,Coilia nasus,wild,0.0002000000000066393
wild_coilia_nasus__00654,wild_coilia_nasus,Coilia nasus,wild,0.0002000000000066393
wild_coilia_nasus__00655,wild_coilia_nasus,Coilia nasus,wild,0.0002000000000066393
wild_coilia_nasus__00656,wild_coilia_nasus,Coilia nasus,wild,0.0002000000000066393
wild_coilia_nasus__00657,wild_coilia_nasus,Coilia nasus,wild,0.0002000000000066393
wild_coilia_nasus__00658,wild_coilia_nasus,Coilia nasus,wild,0.0002000000000066393
wild_coilia_nasus__00659,wild_coilia_nasus,Coilia nasus,wild,0.0002000000000066393
wild_coilia_nasus__00660,wild_coilia_nasus,Coilia nasus,wild,0.0002000000000066393
wild_coilia_nasus__00661,wild_coilia_nasus,Coilia nasus,wild,0.0002000000000066393
wild_coilia_nasus__00662,wild_coilia_nasus,Coilia nasus,wild,0.0002000000000066393
wild_coilia_nasus__00663,wild_coilia_nasus,Coilia nasus,wild,0.0002000000000066393
wild_coilia_nasus__00664,wild_coilia_nasus,Coilia nasus,wild,0.0002000000000066393
wild_coilia_nasus__00665,wild_coilia_nasus,Coilia nasus,wild,0.0002000000000066393
wild_coilia_nasus__00666,wild_coilia_nasus,Coilia nasus,wild,0.0002000000000066393
wild_coilia_nasus__00667,wild_coilia_nasus,Coilia nasus,wild,0.0002000000000066393
wild_coilia_nasus__00668,wild_coilia_nasus,Coilia nasus,wild,0.0002000000000066393
wild_coilia_nasus__00669,wild_coilia_nasus,Coilia nasus,wild,0.0002000000000066393
wild_coilia_nasus__00670,wild_coilia_nasus,Coilia nasus,wild,0.0002000000000066393
wild_coilia_nasus__00671,wild_coilia_nasus,Coilia nasus,wild,0.0002000000000066393
wild_coilia_nasus__00672,wild_coilia_nasus,Coilia nasus,wild,0.0002000000000066393
wild_coilia_nasus__00673,wild_coilia_nasus,Coilia nasus,wild,0.0002000000000066393
wild_coilia_nasus__00674,wild_coilia_nasus,Coilia nasus,wild,0.0002000000000066393
wild_coilia_nasus__00675,wild_coilia_nasus,Coilia nasus,wild,0.0002000000000066393
wild_coilia_nasus__00676,wild_coilia_nasus,Coilia nasus,wild,0.0002000000000066393
wild_coilia_nasus__00677,wild_coilia_nasus,Coilia nasus,wild,0.0002000000000066393
wild_coilia_nasus__00678,wild_coilia_nasus,Coilia nasus,wild,0.0002000000000066393
wild_coilia_nasus__00679,wild_coilia_nasus,Coilia nasus,wild,0.0002000000000066393
wild_coilia_nasus__00680,wild_coilia_nasus,Coilia nasus,wild,0.0002000000000066393
wild_coilia_nasus__00681,wild_coilia_nasus,Coilia nasus,wild,0.0002000000000066393
wild_coilia_nasus__00682,wild_coilia_nasus,Coilia nasus,wild,0.0002000000000066393
wild_coilia_nasus__00683,wild_coilia_nasus,Coilia nasus,wild,0.0002000000000066393
wild_coilia_nasus__00684,wild_coilia_nasus,Coilia nasus,wild,0.0002000000000066393
wild_coilia_nasus__00685,wild_coilia_nasus,Coilia nasus,wild,0.0002000000000066393
wild_coilia_nasus__00686,wild_coilia_nasus,Coilia nasus,wild,0.0002000000000066393
wild_coilia_nasus__00687,wild_coilia_nasus,Coilia nasus,wild,0.0002000000000066393
wild_coilia_nasus__00688,wild_coilia_nasus,Coilia nasus,wild,0.0002000000000066393
wild_coilia_nasus__00689,wild_coilia_nasus,Coilia nasus,wild,0.0002000000000066393
wild_coilia_nasus__00690,wild_coilia_nasus,Coilia nasus,wild,0.0002000000000066393
wild_coilia_nasus__00691,wild_coilia_nasus,Coilia nasus,wild,0.0002000000000066393
wild_coilia_nasus__00692,wild_coilia_nasus,Coilia nasus,wild,0.0002000000000066393
wild_coilia_nasus__00693,wild_coilia_nasus,Coilia nasus,wild,0.0002000000000066393
wild_coilia_nasus__00694,wild_coilia_nasus,Coilia nasus,wild,0.0002000000000066393
wild_coilia_nasus__00695,wild_coilia_nasus,Coilia nasus,wild,0.0002000000000066393
wild_coilia_nasus__00696,wild_coilia_nasus,Coilia nasus,wild,0.0002000000000066393
wild_coilia_nasus__00697,wild_coilia_nasus,Coilia nasus,wild,0.0002000000000066393
wild_coilia_nasus__00698,wild_coilia_nasus,Coilia nasus,wild,0.0002000000000066393
wild_coilia_nasus__00699,wild_coilia_nasus,Coilia nasus,wild,0.0002000000000066393
wild_coilia_nasus__00700,wild_coilia_nasus,Coilia nasus,wild,0.0002000000000066393
wild_coilia_nasus__00701,wild_coilia_nasus,Coilia nasus,wild,0.0002000000000066393
wild_coilia_nasus__00702,wild_coilia_nasus,Coilia nasus,wild,0.0002000000000066393
wild_coilia_nasus__00703,wild_coilia_nasus,Coilia nasus,wild,0.0002000000000066393
wild_coilia_nasus__00704,wild_coilia_nasus,Coilia nasus,wild,0.0002000000000066393
wild_coilia_nasus__00705,wild_coilia_nasus,Coilia nasus,wild,0.0002000000000066393
wild_coilia_nasus__00706,wild_coilia_nasus,Coilia nasus,wild,0.0002000000000066393
wild_coilia_nasus__00707,wild_coilia_nasus,Coilia nasus,wild,0.0002000000000066393
wild_coilia_nasus__00708,wild_coilia_nasus,Coilia nasus,wild,0.0002000000000066393
wild_coilia_nasus__00709,wild_coilia_nasus,Coilia nasus,wild,0.0002000000000066393
wild_coilia_nasus__00710,wild_coilia_nasus,Coilia nasus,wild,0.0002000000000066393
wild_coilia_nasus__00711,wild_coilia_nasus,Coilia nasus,wild,0.0002000000000066393
wild_coilia_nasus__00712,wild_coilia_nasus,Coilia nasus,wild,0.0002000000000066393
wild_coilia_nasus__00713,wild_coilia_nasus,Coilia nasus,wild,0.0002000000000066393
wild_coilia_nasus__00714,wild_coilia_nasus,Coilia nasus,wild,0.0002000000000066393
wild_coilia_nasus__00715,wild_coilia_nasus,Coilia nasus,wild,0.0002000000000066393
wild_coilia_nasus__00716,wild_coilia_nasus,Coilia nasus,wild,0.0002000000000066393
wild_coilia_nasus__00717,wild_coilia_nasus,Coilia nasus,wild,0.0002000000000066393
wild_coilia_nasus__00718,wild_coilia_nasus,Coilia nasus,wild,0.0002000000000066393
wild_coilia_nasus__00719,wild_coilia_nasus,Coilia nasus,wild,0.0002000000000066393
wild_coilia_nasus__00720,wild_coilia_nasus,Coilia nasus,wild,0.0002000000000066393
wild_coilia_nasus__00721,wild_coilia_nasus,Coilia nasus,wild,0.0002000000000066393
wild_coilia_nasus__00722,wild_coilia_nasus,Coilia nasus,wild,0.0002000000000066393
wild_coilia_nasus__00723,wild_coilia_nasus,Coilia nasus,wild,0.0002000000000066393
wild_coilia_nasus__00724,wild_coilia_nasus,Coilia nasus,wild,0.0002000000000066393
wild_coilia_nasus__00725,wild_coilia_nasus,Coilia nasus,wild,0.0002000000000066393
wild_coilia_nasus__00726,wild_coilia_nasus,Coilia nasus,wild,0.0002000000000066393
wild_coilia_nasus__00727,wild_coilia_nasus,Coilia nasus,wild,0.0002000000000066393
wild_coilia_nasus__00728,wild_coilia_nasus,Coilia nasus,wild,0.0002000000000066393
wild_coilia_nasus__00729,wild_coilia_nasus,Coilia nasus,wild,0.0002000000000066393
wild_coilia_nasus__00730,wild_coilia_nasus,Coilia nasus,wild,0.0002000000000066393
wild_coilia_nasus__00731,wild_coilia_nasus,Coilia nasus,wild,0.0002000000000066393
wild_coilia_nasus__00732,wild_coilia_nasus,Coilia nasus,wild,0.0002000000000066393
wild_coilia_nasus__00733,wild_coilia_nasus,Coilia nasus,wild,0.0002000000000066393
wild_coilia_nasus__00734,wild_coilia_nasus,Coilia nasus,wild,0.0002000000000066393
wild_coilia_nasus__00735,wild_coilia_nasus,Coilia nasus,wild,0.0002000000000066393
wild_coilia_nasus__00736,wild_coilia_nasus,Coilia nasus,wild,0.0002000000000066393
wild_coilia_nasus__00737,wild_coilia_nasus,Coilia nasus,wild,0.0002000000000066393
wild_coilia_nasus__00738,wild_coilia_nasus,Coilia nasus,wild,0.0002000000000066393
wild_coilia_nasus__00739,wild_coilia_nasus,Coilia nasus,wild,0.0002000000000066393
wild_coilia_nasus__00740,wild_coilia_nasus,Coilia nasus,wild,0.0002000000000066393
wild_coilia_nasus__00741,wild_coilia_nasus,Coilia nasus,wild,0.0002000000000066393
wild_coilia_nasus__00742,wild_coilia_nasus,Coilia nasus,wild,0.0002000000000066393
wild_coilia_nasus__00743,wild_coilia_nasus,Coilia nasus,wild,0.0002000000000066393
wild_coilia_nasus__00744,wild_coilia_nasus,Coilia nasus,wild,0.0002000000000066393
wild_coilia_nasus__00745,wild_coilia_nasus,Coilia nasus,wild,0.0002000000000066393
wild_coilia_nasus__00746,wild_coilia_nasus,Coilia nasus,wild,0.0002000000000066393
wild_coilia_nasus__00747,wild_coilia_nasus,Coilia nasus,wild,0.0002000000000066393
wild_coilia_nasus__00748,wild_coilia_nasus,Coilia nasus,wild,0.0002000000000066393
wild_coilia_nasus__00749,wild_coilia_nasus,Coilia nasus,wild,0.0002000000000066393
wild_coilia_nasus__00750,wild_coilia_nasus,Coilia nasus,wild,0.0002000000000066393
wild_coilia_nasus__00751,wild_coilia_nasus,Coilia nasus,wild,0.0002000000000066393
wild_coilia_nasus__00752,wild_coilia_nasus,Coilia nasus,wild,0.0002000000000066393
wild_coilia_nasus__00753,wild_coilia_nasus,Coilia nasus,wild,0.0002000000000066393
wild_coilia_nasus__00754,wild_coilia_nasus,Coilia nasus,wild,0.0002000000000066393
wild_coilia_nasus__00755,wild_coilia_nasus,Coilia nasus,wild,0.0002000000000066393
wild_coilia_nasus__00756,wild_coilia_nasus,Coilia nasus,wild,0.0002000000000066393
wild_coilia_nasus__00757,wild_coilia_nasus,Coilia nasus,wild,0.0002000000000066393
wild_coilia_nasus__00758,wild_coilia_nasus,Coilia nasus,wild,0.0002000000000066393
wild_coilia_nasus__00759,wild_coilia_nasus,Coilia nasus,wild,0.0002000000000066393
wild_coilia_nasus__00760,wild_coilia_nasus,Coilia nasus,wild,0.0002000000000066393
wild_coilia_nasus__00761,wild_coilia_nasus,Coilia nasus,wild,0.0002000000000066393
wild_coilia_nasus__00762,wild_coilia_nasus,Coilia nasus,wild,0.0002000000000066393
wild_coilia_nasus__00763,wild_coilia_nasus,Coilia nasus,wild,0.0002000000000066393
wild_coilia_nasus__00764,wild_coilia_nasus,Coilia nasus,wild,0.0002000000000066393
wild_coilia_nasus__00765,wild_coilia_nasus,Coilia nasus,wild,0.0002000000000066393
wild_coilia_nasus__00766,wild_coilia_nasus,Coilia nasus,wild,0.0002000000000066393
wild_coilia_nasus__00767,wild_coilia_nasus,Coilia nasus,wild,0.0002000000000066393
wild_coilia_nasus__00768,wild_coilia_nasus,Coilia nasus,wild,0.0002000000000066393
wild_coilia_nasus__00769,wild_coilia_nasus,Coilia nasus,wild,0.0002000000000066393
wild_coilia_nasus__00770,wild_coilia_nasus,Coilia nasus,wild,0.0002000000000066393
wild_coilia_nasus__00771,wild_coilia_nasus,Coilia nasus,wild,0.0002000000000066393
wild_coilia_nasus__00772,wild_coilia_nasus,Coilia nasus,wild,0.0002000000000066393
wild_coilia_nasus__00773,wild_coilia_nasus,Coilia nasus,wild,0.0002000000000066393
wild_coilia_nasus__00774,wild_coilia_nasus,Coilia nasus,wild,0.0002000000000066393
wild_coilia_nasus__00775,wild_coilia_nasus,Coilia nasus,wild,0.0002000000000066393
wild_coilia_nasus__00776,wild_coilia_nasus,Coilia nasus,wild,0.0002000000000066393
wild_coilia_nasus__00777,wild_coilia_nasus,Coilia nasus,wild,0.0002000000000066393
wild_coilia_nasus__00778,wild_coilia_nasus,Coilia nasus,wild,0.0002000000000066393
wild_coilia_nasus__00779,wild_coilia_nasus,Coilia nasus,wild,0.0002000000000066393
wild_coilia_nasus__00780,wild_coilia_nasus,Coilia nasus,wild,0.0002000000000066393
wild_coilia_nasus__00781,wild_coilia_nasus,Coilia nasus,wild,0.0002000000000066393
wild_coilia_nasus__00782,wild_coilia_nasus,Coilia nasus,wild,0.0002000000000066393
wild_coilia_nasus__00783,wild_coilia_nasus,Coilia nasus,wild,0.0002000000000066393
wild_coilia_nasus__00784,wild_coilia_nasus,Coilia nasus,wild,0.0002000000000066393
wild_coilia_nasus__00785,wild_coilia_nasus,Coilia nasus,wild,0.0002000000000066393
wild_coilia_nasus__00786,wild_coilia_nasus,Coilia nasus,wild,0.0002000000000066393
wild_coilia_nasus__00787,wild_coilia_nasus,Coilia nasus,wild,0.0002000000000066393
wild_coilia_nasus__00788,wild_coilia_nasus,Coilia nasus,wild,0.0002000000000066393
wild_coilia_nasus__00789,wild_coilia_nasus,Coilia nasus,wild,0.0002000000000066393
wild_coilia_nasus__00790,wild_coilia_nasus,Coilia nasus,wild,0.0002000000000066393
wild_coilia_nasus__00791,wild_coilia_nasus,Coilia nasus,wild,0.0002000000000066393
wild_coilia_nasus__00792,wild_coilia_nasus,Coilia nasus,wild,0.0002000000000066393
wild_coilia_nasus__00793,wild_coilia_nasus,Coilia nasus,wild,0.0002000000000066393
wild_coilia_nasus__00794,wild_coilia_nasus,Coilia nasus,wild,0.0002000000000066393
wild_coilia_nasus__00795,wild_coilia_nasus,Coilia nasus,wild,0.0002000000000066393
wild_coilia_nasus__00796,wild_coilia_nasus,Coilia nasus,wild,0.0002000000000066393
wild_coilia_nasus__00797,wild_coilia_nasus,Coilia nasus,wild,0.0002000000000066393
wild_coilia_nasus__00798,wild_coilia_nasus,Coilia nasus,wild,0.0002000000000066393
wild_coilia_nasus__00799,wild_coilia_nasus,Coilia nasus,wild,0.0002000000000066393
wild_coilia_nasus__00800,wild_coilia_nasus,Coilia nasus,wild,0.0002000000000066393
wild_coilia_nasus__00801,wild_coilia_nasus,Coilia nasus,wild,0.0002000000000066393
wild_coilia_nasus__00802,wild_coilia_nasus,Coilia nasus,wild,0.0002000000000066393
wild_coilia_nasus__00803,wild_coilia_nasus,Coilia nasus,wild,0.0002000000000066393
wild_coilia_nasus__00804,wild_coilia_nasus,Coilia nasus,wild,0.0002000000000066393
wild_coilia_nasus__00805,wild_coilia_nasus,Coilia nasus,wild,0.0002000000000066393
wild_coilia_nasus__00806,wild_coilia_nasus,Coilia nasus,wild,0.0002000000000066393
wild_coilia_nasus__00807,wild_coilia_nasus,Coilia nasus,wild,0.0002000000000066393
wild_coilia_nasus__00808,wild_coilia_nasus,Coilia nasus,wild,0.0002000000000066393
wild_coilia_nasus__00809,wild_coilia_nasus,Coilia nasus,wild,0.0002000000000066393
wild_coilia_nasus__00810,wild_coilia_nasus,Coilia nasus,wild,0.0002000000000066393
wild_coilia_nasus__00811,wild_coilia_nasus,Coilia nasus,wild,0.0002000000000066393
wild_coilia_nasus__00812,wild_coilia_nasus,Coilia nasus,wild,0.0002000000000066393
wild_coilia_nasus__00813,wild_coilia_nasus,Coilia nasus,wild,0.0002000000000066393
wild_coilia_nasus__00814,wild_coilia_nasus,Coilia nasus,wild,0.0002000000000066393
wild_coilia_nasus__00815,wild_coilia_nasus,Coilia nasus,wild,0.0002000000000066393
wild_coilia_nasus__00816,wild_coilia_nasus,Coilia nasus,wild,0.0002000000000066393
wild_coilia_nasus__00817,wild_coilia_nasus,Coilia nasus,wild,0.0002000000000066393
wild_coilia_nasus__00818,wild_coilia_nasus,Coilia nasus,wild,0.0002000000000066393
wild_coilia_nasus__00819,wild_coilia_nasus,Coilia nasus,wild,0.0002000000000066393
wild_coilia_nasus__00820,wild_coilia_nasus,Coilia nasus,wild,0.0002000000000066393
wild_coilia_nasus__00821,wild_coilia_nasus,Coilia nasus,wild,0.0002000000000066393
wild_coilia_nasus__00822,wild_coilia_nasus,Coilia nasus,wild,0.0002000000000066393
wild_coilia_nasus__00823,wild_coilia_nasus,Coilia nasus,wild,0.0002000000000066393
wild_coilia_nasus__00824,wild_coilia_nasus,Coilia nasus,wild,0.0002000000000066393
wild_coilia_nasus__00825,wild_coilia_nasus,Coilia nasus,wild,0.0002000000000066393
wild_coilia_nasus__00826,wild_coilia_nasus,Coilia nasus,wild,0.0002000000000066393
wild_coilia_nasus__00827,wild_coilia_nasus,Coilia nasus,wild,0.0002000000000066393
wild_coilia_nasus__00828,wild_coilia_nasus,Coilia nasus,wild,0.0002000000000066393
wild_coilia_nasus__00829,wild_coilia_nasus,Coilia nasus,wild,0.0002000000000066393
wild_coilia_nasus__00830,wild_coilia_nasus,Coilia nasus,wild,0.0002000000000066393
wild_coilia_nasus__00831,wild_coilia_nasus,Coilia nasus,wild,0.0002000000000066393
wild_coilia_nasus__00832,wild_coilia_nasus,Coilia nasus,wild,0.0002000000000066393
wild_coilia_nasus__00833,wild_coilia_nasus,Coilia nasus,wild,0.0002000000000066393
wild_coilia_nasus__00834,wild_coilia_nasus,Coilia nasus,wild,0.0002000000000066393
wild_coilia_nasus__00835,wild_coilia_nasus,Coilia nasus,wild,0.0002000000000066393
wild_coilia_nasus__00836,wild_coilia_nasus,Coilia nasus,wild,0.0002000000000066393
wild_coilia_nasus__00837,wild_coilia_nasus,Coilia nasus,wild,0.0002000000000066393
wild_coilia_nasus__00838,wild_coilia_nasus,Coilia nasus,wild,0.0002000000000066393
wild_coilia_nasus__00839,wild_coilia_nasus,Coilia nasus,wild,0.0002000000000066393
wild_coilia_nasus__00840,wild_coilia_nasus,Coilia nasus,wild,0.0002000000000066393
wild_coilia_nasus__00841,wild_coilia_nasus,Coilia nasus,wild,0.0002000000000066393
wild_coilia_nasus__00842,wild_coilia_nasus,Coilia nasus,wild,0.0002000000000066393
wild_coilia_nasus__00843,wild_coilia_nasus,Coilia nasus,wild,0.0002000000000066393
wild_coilia_nasus__00844,wild_coilia_nasus,Coilia nasus,wild,0.0002000000000066393
wild_coilia_nasus__00845,wild_coilia_nasus,Coilia nasus,wild,0.0002000000000066393
wild_coilia_nasus__00846,wild_coilia_nasus,Coilia nasus,wild,0.0002000000000066393
wild_coilia_nasus__00847,wild_coilia_nasus,Coilia nasus,wild,0.0002000000000066393
wild_coilia_nasus__00848,wild_coilia_nasus,Coilia nasus,wild,0.0002000000000066393
wild_coilia_nasus__00849,wild_coilia_nasus,Coilia nasus,wild,0.0002000000000066393
wild_coilia_nasus__00850,wild_coilia_nasus,Coilia nasus,wild,0.0002000000000066393
wild_coilia_nasus__00851,wild_coilia_nasus,Coilia nasus,wild,0.0002000000000066393
wild_coilia_nasus__00852,wild_coilia_nasus,Coilia nasus,wild,0.0002000000000066393
wild_coilia_nasus__00853,wild_coilia_nasus,Coilia nasus,wild,0.0002000000000066393
wild_coilia_nasus__00854,wild_coilia_nasus,Coilia nasus,wild,0.0002000000000066393
wild_coilia_nasus__00855,wild_coilia_nasus,Coilia nasus,wild,0.0002000000000066393
wild_coilia_nasus__00856,wild_coilia_nasus,Coilia nasus,wild,0.0002000000000066393
wild_coilia_nasus__00857,wild_coilia_nasus,Coilia nasus,wild,0.0002000000000066393
wild_coilia_nasus__00858,wild_coilia_nasus,Coilia nasus,wild,0.0002000000000066393
wild_coilia_nasus__00859,wild_coilia_nasus,Coilia nasus,wild,0.0002000000000066393
wild_coilia_nasus__00860,wild_coilia_nasus,Coilia nasus,wild,0.0002000000000066393
wild_coilia_nasus__00861,wild_coilia_nasus,Coilia nasus,wild,0.0002000000000066393
wild_coilia_nasus__00862,wild_coilia_nasus,Coilia nasus,wild,0.0002000000000066393
wild_coilia_nasus__00863,wild_coilia_nasus,Coilia nasus,wild,0.0002000000000066393
wild_coilia_nasus__00864,wild_coilia_nasus,Coilia nasus,wild,0.0002000000000066393
wild_coilia_nasus__00865,wild_coilia_nasus,Coilia nasus,wild,0.0002000000000066393
wild_coilia_nasus__00866,wild_coilia_nasus,Coilia nasus,wild,0.0002000000000066393
wild_coilia_nasus__00867,wild_coilia_nasus,Coilia nasus,wild,0.0002000000000066393
wild_coilia_nasus__00868,wild_coilia_nasus,Coilia nasus,wild,0.0002000000000066393
wild_coilia_nasus__00869,wild_coilia_nasus,Coilia nasus,wild,0.0002000000000066393
wild_coilia_nasus__00870,wild_coilia_nasus,Coilia nasus,wild,0.0002000000000066393
wild_coilia_nasus__00871,wild_coilia_nasus,Coilia nasus,wild,0.0002000000000066393
wild_coilia_nasus__00872,wild_coilia_nasus,Coilia nasus,wild,0.0002000000000066393
wild_coilia_nasus__00873,wild_coilia_nasus,Coilia nasus,wild,0.0002000000000066393
wild_coilia_nasus__00874,wild_coilia_nasus,Coilia nasus,wild,0.0002000000000066393
wild_coilia_nasus__00875,wild_coilia_nasus,Coilia nasus,wild,0.0002000000000066393
wild_coilia_nasus__00876,wild_coilia_nasus,Coilia nasus,wild,0.0002000000000066393
wild_coilia_nasus__00877,wild_coilia_nasus,Coilia nasus,wild,0.0002000000000066393
wild_coilia_nasus__00878,wild_coilia_nasus,Coilia nasus,wild,0.0002000000000066393
wild_coilia_nasus__00879,wild_coilia_nasus,Coilia nasus,wild,0.0002000000000066393
wild_coilia_nasus__00880,wild_coilia_nasus,Coilia nasus,wild,0.0002000000000066393
wild_coilia_nasus__00881,wild_coilia_nasus,Coilia nasus,wild,0.0002000000000066393
wild_coilia_nasus__00882,wild_coilia_nasus,Coilia nasus,wild,0.0002000000000066393
wild_coilia_nasus__00883,wild_coilia_nasus,Coilia nasus,wild,0.0002000000000066393
wild_coilia_nasus__00884,wild_coilia_nasus,Coilia nasus,wild,0.0002000000000066393
wild_coilia_nasus__00885,wild_coilia_nasus,Coilia nasus,wild,0.0002000000000066393
wild_coilia_nasus__00886,wild_coilia_nasus,Coilia nasus,wild,0.0002000000000066393
wild_coilia_nasus__00887,wild_coilia_nasus,Coilia nasus,wild,0.0002000000000066393
wild_coilia_nasus__00888,wild_coilia_nasus,Coilia nasus,wild,0.0002000000000066393
wild_coilia_nasus__00889,wild_coilia_nasus,Coilia nasus,wild,0.0002000000000066393
wild_coilia_nasus__00890,wild_coilia_nasus,Coilia nasus,wild,0.0002000000000066393
wild_coilia_nasus__00891,wild_coilia_nasus,Coilia nasus,wild,0.0002000000000066393
wild_coilia_nasus__00892,wild_coilia_nasus,Coilia nasus,wild,0.0002000000000066393
wild_coilia_nasus__00893,wild_coilia_nasus,Coilia nasus,wild,0.0002000000000066393
wild_coilia_nasus__00894,wild_coilia_nasus,Coilia nasus,wild,0.0002000000000066393
wild_coilia_nasus__00895,wild_coilia_nasus,Coilia nasus,wild,0.0002000000000066393
wild_coilia_nasus__00896,wild_coilia_nasus,Coilia nasus,wild,0.0002000000000066393
wild_coilia_nasus__00897,wild_coilia_nasus,Coilia nasus,wild,0.0002000000000066393
wild_coilia_nasus__00898,wild_coilia_nasus,Coilia nasus,wild,0.0002000000000066393
wild_coilia_nasus__00899,wild_coilia_nasus,Coilia nasus,wild,0.0002000000000066393
wild_coilia_nasus__00900,wild_coilia_nasus,Coilia nasus,wild,0.0002000000000066393
wild_coilia_nasus__00901,wild_coilia_nasus,Coilia nasus,wild,0.0002000000000066393
wild_coilia_nasus__00902,wild_coilia_nasus,Coilia nasus,wild,0.0002000000000066393
wild_coilia_nasus__00903,wild_coilia_nasus,Coilia nasus,wild,0.0002000000000066393
wild_coilia_nasus__00904,wild_coilia_nasus,Coilia nasus,wild,0.0002000000000066393
wild_coilia_nasus__00905,wild_coilia_nasus,Coilia nasus,wild,0.0002000000000066393
wild_coilia_nasus__00906,wild_coilia_nasus,Coilia nasus,wild,0.0002000000000066393
wild_coilia_nasus__00907,wild_coilia_nasus,Coilia nasus,wild,0.0002000000000066393
wild_coilia_nasus__00908,wild_coilia_nasus,Coilia nasus,wild,0.0002000000000066393
wild_coilia_nasus__00909,wild_coilia_nasus,Coilia nasus,wild,0.0002000000000066393
wild_coilia_nasus__00910,wild_coilia_nasus,Coilia nasus,wild,0.0002000000000066393
wild_coilia_nasus__00911,wild_coilia_nasus,Coilia nasus,wild,0.0002000000000066393
wild_coilia_nasus__00912,wild_coilia_nasus,Coilia nasus,wild,0.0002000000000066393
wild_coilia_nasus__00913,wild_coilia_nasus,Coilia nasus,wild,0.0002000000000066393
wild_coilia_nasus__00914,wild_coilia_nasus,Coilia nasus,wild,0.0002000000000066393
wild_coilia_nasus__00915,wild_coilia_nasus,Coilia nasus,wild,0.0002000000000066393
wild_coilia_nasus__00916,wild_coilia_nasus,Coilia nasus,wild,0.0002000000000066393
wild_coilia_nasus__00917,wild_coilia_nasus,Coilia nasus,wild,0.0002000000000066393
wild_coilia_nasus__00918,wild_coilia_nasus,Coilia nasus,wild,0.0002000000000066393
wild_coilia_nasus__00919,wild_coilia_nasus,Coilia nasus,wild,0.0002000000000066393
wild_coilia_nasus__00920,wild_coilia_nasus,Coilia nasus,wild,0.0002000000000066393
wild_coilia_nasus__00921,wild_coilia_nasus,Coilia nasus,wild,0.0002000000000066393
wild_coilia_nasus__00922,wild_coilia_nasus,Coilia nasus,wild,0.0002000000000066393
wild_coilia_nasus__00923,wild_coilia_nasus,Coilia nasus,wild,0.0002000000000066393
wild_coilia_nasus__00924,wild_coilia_nasus,Coilia nasus,wild,0.0002000000000066393
wild_coilia_nasus__00925,wild_coilia_nasus,Coilia nasus,wild,0.0002000000000066393
wild_coilia_nasus__00926,wild_coilia_nasus,Coilia nasus,wild,0.0002000000000066393
wild_coilia_nasus__00927,wild_coilia_nasus,Coilia nasus,wild,0.0002000000000066393
wild_coilia_nasus__00928,wild_coilia_nasus,Coilia nasus,wild,0.0002000000000066393
wild_coilia_nasus__00929,wild_coilia_nasus,Coilia nasus,wild,0.0002000000000066393
wild_coilia_nasus__00930,wild_coilia_nasus,Coilia nasus,wild,0.0002000000000066393
wild_coilia_nasus__00931,wild_coilia_nasus,Coilia nasus,wild,0.0002000000000066393
wild_coilia_nasus__00932,wild_coilia_nasus,Coilia nasus,wild,0.0002000000000066393
wild_coilia_nasus__00933,wild_coilia_nasus,Coilia nasus,wild,0.0002000000000066393
wild_coilia_nasus__00934,wild_coilia_nasus,Coilia nasus,wild,0.0002000000000066393
wild_coilia_nasus__00935,wild_coilia_nasus,Coilia nasus,wild,0.0002000000000066393
wild_coilia_nasus__00936,wild_coilia_nasus,Coilia nasus,wild,0.0002000000000066393
wild_coilia_nasus__00937,wild_coilia_nasus,Coilia nasus,wild,0.0002000000000066393
wild_coilia_nasus__00938,wild_coilia_nasus,Coilia nasus,wild,0.0002000000000066393
wild_coilia_nasus__00939,wild_coilia_nasus,Coilia nasus,wild,0.0002000000000066393
wild_coilia_nasus__00940,wild_coilia_nasus,Coilia nasus,wild,0.0002000000000066393
wild_coilia_nasus__00941,wild_coilia_nasus,Coilia nasus,wild,0.0002000000000066393
wild_coilia_nasus__00942,wild_coilia_nasus,Coilia nasus,wild,0.0002000000000066393
wild_coilia_nasus__00943,wild_coilia_nasus,Coilia nasus,wild,0.0002000000000066393
wild_coilia_nasus__00944,wild_coilia_nasus,Coilia nasus,wild,0.0002000000000066393
wild_coilia_nasus__00945,wild_coilia_nasus,Coilia nasus,wild,0.0002000000000066393
wild_coilia_nasus__00946,wild_coilia_nasus,Coilia nasus,wild,0.0002000000000066393
wild_coilia_nasus__00947,wild_coilia_nasus,Coilia nasus,wild,0.0002000000000066393
wild_coilia_nasus__00948,wild_coilia_nasus,Coilia nasus,wild,0.0002000000000066393
wild_coilia_nasus__00949,wild_coilia_nasus,Coilia nasus,wild,0.0002000000000066393
wild_coilia_nasus__00950,wild_coilia_nasus,Coilia nasus,wild,0.0002000000000066393
wild_coilia_nasus__00951,wild_coilia_nasus,Coilia nasus,wild,0.0002000000000066393
wild_coilia_nasus__00952,wild_coilia_nasus,Coilia nasus,wild,0.0002000000000066393
wild_coilia_nasus__00953,wild_coilia_nasus,Coilia nasus,wild,0.0002000000000066393
wild_coilia_nasus__00954,wild_coilia_nasus,Coilia nasus,wild,0.0002000000000066393
wild_coilia_nasus__00955,wild_coilia_nasus,Coilia nasus,wild,0.0002000000000066393
wild_coilia_nasus__00956,wild_coilia_nasus,Coilia nasus,wild,0.0002000000000066393
wild_coilia_nasus__00957,wild_coilia_nasus,Coilia nasus,wild,0.0002000000000066393
wild_coilia_nasus__00958,wild_coilia_nasus,Coilia nasus,wild,0.0002000000000066393
wild_coilia_nasus__00959,wild_coilia_nasus,Coilia nasus,wild,0.0002000000000066393
wild_coilia_nasus__00960,wild_coilia_nasus,Coilia nasus,wild,0.0002000000000066393
wild_coilia_nasus__00961,wild_coilia_nasus,Coilia nasus,wild,0.0002000000000066393
wild_coilia_nasus__00962,wild_coilia_nasus,Coilia nasus,wild,0.0002000000000066393
wild_coilia_nasus__00963,wild_coilia_nasus,Coilia nasus,wild,0.0002000000000066393
wild_coilia_nasus__00964,wild_coilia_nasus,Coilia nasus,wild,0.0002000000000066393
wild_coilia_nasus__00965,wild_coilia_nasus,Coilia nasus,wild,0.0002000000000066393
wild_coilia_nasus__00966,wild_coilia_nasus,Coilia nasus,wild,0.0002000000000066393
wild_coilia_nasus__00967,wild_coilia_nasus,Coilia nasus,wild,0.0002000000000066393
wild_coilia_nasus__00968,wild_coilia_nasus,Coilia nasus,wild,0.0002000000000066393
wild_coilia_nasus__00969,wild_coilia_nasus,Coilia nasus,wild,0.0002000000000066393
wild_coilia_nasus__00970,wild_coilia_nasus,Coilia nasus,wild,0.0002000000000066393
wild_coilia_nasus__00971,wild_coilia_nasus,Coilia nasus,wild,0.0002000000000066393
wild_coilia_nasus__00972,wild_coilia_nasus,Coilia nasus,wild,0.0002000000000066393
wild_coilia_nasus__00973,wild_coilia_nasus,Coilia nasus,wild,0.0002000000000066393
wild_coilia_nasus__00974,wild_coilia_nasus,Coilia nasus,wild,0.0002000000000066393
wild_coilia_nasus__00975,wild_coilia_nasus,Coilia nasus,wild,0.0002000000000066393
wild_coilia_nasus__00976,wild_coilia_nasus,Coilia nasus,wild,0.0002000000000066393
wild_coilia_nasus__00977,wild_coilia_nasus,Coilia nasus,wild,0.0002000000000066393
wild_coilia_nasus__00978,wild_coilia_nasus,Coilia nasus,wild,0.0002000000000066393
wild_coilia_nasus__00979,wild_coilia_nasus,Coilia nasus,wild,0.0002000000000066393
wild_coilia_nasus__00980,wild_coilia_nasus,Coilia nasus,wild,0.0002000000000066393
wild_coilia_nasus__00981,wild_coilia_nasus,Coilia nasus,wild,0.0002000000000066393
wild_coilia_nasus__00982,wild_coilia_nasus,Coilia nasus,wild,0.0002000000000066393
wild_coilia_nasus__00983,wild_coilia_nasus,Coilia nasus,wild,0.0002000000000066393
wild_coilia_nasus__00984,wild_coilia_nasus,Coilia nasus,wild,0.0002000000000066393
wild_coilia_nasus__00985,wild_coilia_nasus,Coilia nasus,wild,0.0002000000000066393
wild_coilia_nasus__00986,wild_coilia_nasus,Coilia nasus,wild,0.0002000000000066393
wild_coilia_nasus__00987,wild_coilia_nasus,Coilia nasus,wild,0.0002000000000066393
wild_coilia_nasus__00988,wild_coilia_nasus,Coilia nasus,wild,0.0002000000000066393
wild_coilia_nasus__00989,wild_coilia_nasus,Coilia nasus,wild,0.0002000000000066393
wild_coilia_nasus__00990,wild_coilia_nasus,Coilia nasus,wild,0.0002000000000066393
wild_coilia_nasus__00991,wild_coilia_nasus,Coilia nasus,wild,0.0002000000000066393
wild_coilia_nasus__00992,wild_coilia_nasus,Coilia nasus,wild,0.0002000000000066393
wild_coilia_nasus__00993,wild_coilia_nasus,Coilia nasus,wild,0.0002000000000066393
wild_coilia_nasus__00994,wild_coilia_nasus,Coilia nasus,wild,0.0002000000000066393
wild_coilia_nasus__00995,wild_coilia_nasus,Coilia nasus,wild,0.0002000000000066393
wild_coilia_nasus__00996,wild_coilia_nasus,Coilia nasus,wild,0.0002000000000066393
wild_coilia_nasus__00997,wild_coilia_nasus,Coilia nasus,wild,0.0002000000000066393
wild_coilia_nasus__00998,wild_coilia_nasus,Coilia nasus,wild,0.0002000000000066393
wild_coilia_nasus__00999,wild_coilia_nasus,Coilia nasus,wild,0.0002000000000066393
wild_coilia_nasus__01000,wild_coilia_nasus,Coilia nasus,wild,0.0002000000000066393
wild_coilia_nasus__01001,wild_coilia_nasus,Coilia nasus,wild,0.0002000000000066393
wild_coilia_nasus__01002,wild_coilia_nasus,Coilia nasus,wild,0.0002000000000066393
wild_coilia_nasus__01003,wild_coilia_nasus,Coilia nasus,wild,0.0002000000000066393
wild_coilia_nasus__01004,wild_coilia_nasus,Coilia nasus,wild,0.0002000000000066393
wild_coilia_nasus__01005,wild_coilia_nasus,Coilia nasus,wild,0.0002000000000066393
wild_coilia_nasus__01006,wild_coilia_nasus,Coilia nasus,wild,0.0002000000000066393
wild_coilia_nasus__01007,wild_coilia_nasus,Coilia nasus,wild,0.0002000000000066393
wild_coilia_nasus__01008,wild_coilia_nasus,Coilia nasus,wild,0.0002000000000066393
wild_coilia_nasus__01009,wild_coilia_nasus,Coilia nasus,wild,0.0002000000000066393
wild_coilia_nasus__01010,wild_coilia_nasus,Coilia nasus,wild,0.0002000000000066393
wild_coilia_nasus__01011,wild_coilia_nasus,Coilia nasus,wild,0.0002000000000066393
wild_coilia_nasus__01012,wild_coilia_nasus,Coilia nasus,wild,0.0002000000000066393
wild_coilia_nasus__01013,wild_coilia_nasus,Coilia nasus,wild,0.0002000000000066393
wild_coilia_nasus__01014,wild_coilia_nasus,Coilia nasus,wild,0.0002000000000066393
wild_coilia_nasus__01015,wild_coilia_nasus,Coilia nasus,wild,0.0002000000000066393
wild_coilia_nasus__01016,wild_coilia_nasus,Coilia nasus,wild,0.0002000000000066393
wild_coilia_nasus__01017,wild_coilia_nasus,Coilia nasus,wild,0.0002000000000066393
wild_coilia_nasus__01018,wild_coilia_nasus,Coilia nasus,wild,0.0002000000000066393
wild_coilia_nasus__01019,wild_coilia_nasus,Coilia nasus,wild,0.0002000000000066393
wild_coilia_nasus__01020,wild_coilia_nasus,Coilia nasus,wild,0.0002000000000066393
wild_coilia_nasus__01021,wild_coilia_nasus,Coilia nasus,wild,0.0002000000000066393
wild_coilia_nasus__01022,wild_coilia_nasus,Coilia nasus,wild,0.0002000000000066393
wild_coilia_nasus__01023,wild_coilia_nasus,Coilia nasus,wild,0.0002000000000066393
wild_coilia_nasus__01024,wild_coilia_nasus,Coilia nasus,wild,0.0002000000000066393
wild_coilia_nasus__01025,wild_coilia_nasus,Coilia nasus,wild,0.0002000000000066393
wild_coilia_nasus__01026,wild_coilia_nasus,Coilia nasus,wild,0.0002000000000066393
wild_coilia_nasus__01027,wild_coilia_nasus,Coilia nasus,wild,0.0002000000000066393
wild_coilia_nasus__01028,wild_coilia_nasus,Coilia nasus,wild,0.0002000000000066393
wild_coilia_nasus__01029,wild_coilia_nasus,Coilia nasus,wild,0.0002000000000066393
wild_coilia_nasus__01030,wild_coilia_nasus,Coilia nasus,wild,0.0002000000000066393
wild_coilia_nasus__01031,wild_coilia_nasus,Coilia nasus,wild,0.0002000000000066393
wild_coilia_nasus__01032,wild_coilia_nasus,Coilia nasus,wild,0.0002000000000066393
wild_coilia_nasus__01033,wild_coilia_nasus,Coilia nasus,wild,0.0002000000000066393
wild_coilia_nasus__01034,wild_coilia_nasus,Coilia nasus,wild,0.0002000000000066393
wild_coilia_nasus__01035,wild_coilia_nasus,Coilia nasus,wild,0.0002000000000066393
wild_coilia_nasus__01036,wild_coilia_nasus,Coilia nasus,wild,0.0002000000000066393
wild_coilia_nasus__01037,wild_coilia_nasus,Coilia nasus,wild,0.0002000000000066393
wild_coilia_nasus__01038,wild_coilia_nasus,Coilia nasus,wild,0.0002000000000066393
wild_coilia_nasus__01039,wild_coilia_nasus,Coilia nasus,wild,0.0002000000000066393
wild_coilia_nasus__01040,wild_coilia_nasus,Coilia nasus,wild,0.0002000000000066393
wild_coilia_nasus__01041,wild_coilia_nasus,Coilia nasus,wild,0.0002000000000066393
wild_coilia_nasus__01042,wild_coilia_nasus,Coilia nasus,wild,0.0002000000000066393
wild_coilia_nasus__01043,wild_coilia_nasus,Coilia nasus,wild,0.0002000000000066393
wild_coilia_nasus__01044,wild_coilia_nasus,Coilia nasus,wild,0.0002000000000066393
wild_coilia_nasus__01045,wild_coilia_nasus,Coilia nasus,wild,0.0002000000000066393
wild_coilia_nasus__01046,wild_coilia_nasus,Coilia nasus,wild,0.0002000000000066393
wild_coilia_nasus__01047,wild_coilia_nasus,Coilia nasus,wild,0.0002000000000066393
wild_coilia_nasus__01048,wild_coilia_nasus,Coilia nasus,wild,0.0002000000000066393
wild_coilia_nasus__01049,wild_coilia_nasus,Coilia nasus,wild,0.0002000000000066393
wild_coilia_nasus__01050,wild_coilia_nasus,Coilia nasus,wild,0.0002000000000066393
wild_coilia_nasus__01051,wild_coilia_nasus,Coilia nasus,wild,0.0002000000000066393
wild_coilia_nasus__01052,wild_coilia_nasus,Coilia nasus,wild,0.0002000000000066393
wild_coilia_nasus__01053,wild_coilia_nasus,Coilia nasus,wild,0.0002000000000066393
wild_coilia_nasus__01054,wild_coilia_nasus,Coilia nasus,wild,0.0002000000000066393
wild_coilia_nasus__01055,wild_coilia_nasus,Coilia nasus,wild,0.0002000000000066393
wild_coilia_nasus__01056,wild_coilia_nasus,Coilia nasus,wild,0.0002000000000066393
wild_coilia_nasus__01057,wild_coilia_nasus,Coilia nasus,wild,0.0002000000000066393
wild_coilia_nasus__01058,wild_coilia_nasus,Coilia nasus,wild,0.0002000000000066393
wild_coilia_nasus__01059,wild_coilia_nasus,Coilia nasus,wild,0.0002000000000066393
wild_coilia_nasus__01060,wild_coilia_nasus,Coilia nasus,wild,0.0002000000000066393
wild_coilia_nasus__01061,wild_coilia_nasus,Coilia nasus,wild,0.0002000000000066393
wild_coilia_nasus__01062,wild_coilia_nasus,Coilia nasus,wild,0.0002000000000066393
wild_coilia_nasus__01063,wild_coilia_nasus,Coilia nasus,wild,0.0002000000000066393
wild_coilia_nasus__01064,wild_coilia_nasus,Coilia nasus,wild,0.0002000000000066393
wild_coilia_nasus__01065,wild_coilia_nasus,Coilia nasus,wild,0.0002000000000066393
wild_coilia_nasus__01066,wild_coilia_nasus,Coilia nasus,wild,0.0002000000000066393
wild_coilia_nasus__01067,wild_coilia_nasus,Coilia nasus,wild,0.0002000000000066393
wild_coilia_nasus__01068,wild_coilia_nasus,Coilia nasus,wild,0.0002000000000066393
wild_coilia_nasus__01069,wild_coilia_nasus,Coilia nasus,wild,0.0002000000000066393
wild_coilia_nasus__01070,wild_coilia_nasus,Coilia nasus,wild,0.0002000000000066393
wild_coilia_nasus__01071,wild_coilia_nasus,Coilia nasus,wild,0.0002000000000066393
wild_coilia_nasus__01072,wild_coilia_nasus,Coilia nasus,wild,0.0002000000000066393
wild_coilia_nasus__01073,wild_coilia_nasus,Coilia nasus,wild,0.0002000000000066393
wild_coilia_nasus__01074,wild_coilia_nasus,Coilia nasus,wild,0.0002000000000066393
wild_coilia_nasus__01075,wild_coilia_nasus,Coilia nasus,wild,0.0002000000000066393
wild_coilia_nasus__01076,wild_coilia_nasus,Coilia nasus,wild,0.0002000000000066393
wild_coilia_nasus__01077,wild_coilia_nasus,Coilia nasus,wild,0.0002000000000066393
wild_coilia_nasus__01078,wild_coilia_nasus,Coilia nasus,wild,0.0002000000000066393
wild_coilia_nasus__01079,wild_coilia_nasus,Coilia nasus,wild,0.0002000000000066393
wild_coilia_nasus__01080,wild_coilia_nasus,Coilia nasus,wild,0.0002000000000066393
wild_coilia_nasus__01081,wild_coilia_nasus,Coilia nasus,wild,0.0002000000000066393
wild_coilia_nasus__01082,wild_coilia_nasus,Coilia nasus,wild,0.0002000000000066393
wild_coilia_nasus__01083,wild_coilia_nasus,Coilia nasus,wild,0.0002000000000066393
wild_coilia_nasus__01084,wild_coilia_nasus,Coilia nasus,wild,0.0002000000000066393
wild_coilia_nasus__01085,wild_coilia_nasus,Coilia nasus,wild,0.0002000000000066393
wild_coilia_nasus__01086,wild_coilia_nasus,Coilia nasus,wild,0.0002000000000066393
wild_coilia_nasus__01087,wild_coilia_nasus,Coilia nasus,wild,0.0002000000000066393
wild_coilia_nasus__01088,wild_coilia_nasus,Coilia nasus,wild,0.0002000000000066393
wild_coilia_nasus__01089,wild_coilia_nasus,Coilia nasus,wild,0.0002000000000066393
wild_coilia_nasus__01090,wild_coilia_nasus,Coilia nasus,wild,0.0002000000000066393
wild_coilia_nasus__01091,wild_coilia_nasus,Coilia nasus,wild,0.0002000000000066393
wild_coilia_nasus__01092,wild_coilia_nasus,Coilia nasus,wild,0.0002000000000066393
wild_coilia_nasus__01093,wild_coilia_nasus,Coilia nasus,wild,0.0002000000000066393
wild_coilia_nasus__01094,wild_coilia_nasus,Coilia nasus,wild,0.0002000000000066393
wild_coilia_nasus__01095,wild_coilia_nasus,Coilia nasus,wild,0.0002000000000066393
wild_coilia_nasus__01096,wild_coilia_nasus,Coilia nasus,wild,0.0002000000000066393
wild_coilia_nasus__01097,wild_coilia_nasus,Coilia nasus,wild,0.0002000000000066393
wild_coilia_nasus__01098,wild_coilia_nasus,Coilia nasus,wild,0.0002000000000066393
wild_coilia_nasus__01099,wild_coilia_nasus,Coilia nasus,wild,0.0002000000000066393
wild_coilia_nasus__01100,wild_coilia_nasus,Coilia nasus,wild,0.0002000000000066393
wild_coilia_nasus__01101,wild_coilia_nasus,Coilia nasus,wild,0.0002000000000066393
wild_coilia_nasus__01102,wild_coilia_nasus,Coilia nasus,wild,0.0002000000000066393
wild_coilia_nasus__01103,wild_coilia_nasus,Coilia nasus,wild,0.0002000000000066393
wild_coilia_nasus__01104,wild_coilia_nasus,Coilia nasus,wild,0.0002000000000066393
wild_coilia_nasus__01105,wild_coilia_nasus,Coilia nasus,wild,0.0002000000000066393
wild_coilia_nasus__01106,wild_coilia_nasus,Coilia nasus,wild,0.0002000000000066393
wild_coilia_nasus__01107,wild_coilia_nasus,Coilia nasus,wild,0.0002000000000066393
wild_coilia_nasus__01108,wild_coilia_nasus,Coilia nasus,wild,0.0002000000000066393
wild_coilia_nasus__01109,wild_coilia_nasus,Coilia nasus,wild,0.0002000000000066393
wild_coilia_nasus__01110,wild_coilia_nasus,Coilia nasus,wild,0.0002000000000066393
wild_coilia_nasus__01111,wild_coilia_nasus,Coilia nasus,wild,0.0002000000000066393
wild_coilia_nasus__01112,wild_coilia_nasus,Coilia nasus,wild,0.00020000000003506102
wild_coilia_nasus__01113,wild_coilia_nasus,Coilia nasus,wild,0.0002000000000066393
wild_coilia_nasus__01114,wild_coilia_nasus,Coilia nasus,wild,0.0002000000000066393
wild_coilia_nasus__01115,wild_coilia_nasus,Coilia nasus,wild,0.0002000000000066393
wild_coilia_nasus__01116,wild_coilia_nasus,Coilia nasus,wild,0.0002000000000066393
wild_coilia_nasus__01117,wild_coilia_nasus,Coilia nasus,wild,0.0002000000000066393
wild_coilia_nasus__01118,wild_coilia_nasus,Coilia nasus,wild,0.0002000000000066393
wild_coilia_nasus__01119,wild_coilia_nasus,Coilia nasus,wild,0.0002000000000066393
wild_coilia_nasus__01120,wild_coilia_nasus,Coilia nasus,wild,0.0002000000000066393
wild_coilia_nasus__01121,wild_coilia_nasus,Coilia nasus,wild,0.0002000000000066393
wild_coilia_nasus__01122,wild_coilia_nasus,Coilia nasus,wild,0.0002000000000066393
wild_coilia_nasus__01123,wild_coilia_nasus,Coilia nasus,wild,0.0002000000000066393
wild_coilia_nasus__01124,wild_coilia_nasus,Coilia nasus,wild,0.0002000000000066393
wild_coilia_nasus__01125,wild_coilia_nasus,Coilia nasus,wild,0.0002000000000066393
wild_coilia_nasus__01126,wild_coilia_nasus,Coilia nasus,wild,0.0002000000000066393
wild_coilia_nasus__01127,wild_coilia_nasus,Coilia nasus,wild,0.0002000000000066393
wild_coilia_nasus__01128,wild_coilia_nasus,Coilia nasus,wild,0.0002000000000066393
wild_coilia_nasus__01129,wild_coilia_nasus,Coilia nasus,wild,0.0002000000000066393
wild_coilia_nasus__01130,wild_coilia_nasus,Coilia nasus,wild,0.0002000000000066393
wild_coilia_nasus__01131,wild_coilia_nasus,Coilia nasus,wild,0.0002000000000066393
wild_coilia_nasus__01132,wild_coilia_nasus,Coilia nasus,wild,0.0002000000000066393
wild_coilia_nasus__01133,wild_coilia_nasus,Coilia nasus,wild,0.0002000000000066393
wild_coilia_nasus__01134,wild_coilia_nasus,Coilia nasus,wild,0.0002000000000066393
wild_coilia_nasus__01135,wild_coilia_nasus,Coilia nasus,wild,0.0002000000000066393
wild_coilia_nasus__01136,wild_coilia_nasus,Coilia nasus,wild,0.0002000000000066393
wild_coilia_nasus__01137,wild_coilia_nasus,Coilia nasus,wild,0.0002000000000066393
wild_coilia_nasus__01138,wild_coilia_nasus,Coilia nasus,wild,0.0002000000000066393
wild_coilia_nasus__01139,wild_coilia_nasus,Coilia nasus,wild,0.0002000000000066393
wild_coilia_nasus__01140,wild_coilia_nasus,Coilia nasus,wild,0.0002000000000066393
wild_coilia_nasus__01141,wild_coilia_nasus,Coilia nasus,wild,0.0002000000000066393
wild_coilia_nasus__01142,wild_coilia_nasus,Coilia nasus,wild,0.0002000000000066393
wild_coilia_nasus__01143,wild_coilia_nasus,Coilia nasus,wild,0.0002000000000066393
wild_coilia_nasus__01144,wild_coilia_nasus,Coilia nasus,wild,0.0002000000000066393
wild_coilia_nasus__01145,wild_coilia_nasus,Coilia nasus,wild,0.0002000000000066393
wild_coilia_nasus__01146,wild_coilia_nasus,Coilia nasus,wild,0.0002000000000066393
wild_coilia_nasus__01147,wild_coilia_nasus,Coilia nasus,wild,0.0002000000000066393
wild_coilia_nasus__01148,wild_coilia_nasus,Coilia nasus,wild,0.0002000000000066393
wild_coilia_nasus__01149,wild_coilia_nasus,Coilia nasus,wild,0.0002000000000066393
wild_coilia_nasus__01150,wild_coilia_nasus,Coilia nasus,wild,0.0002000000000066393
wild_coilia_nasus__01151,wild_coilia_nasus,Coilia nasus,wild,0.0002000000000066393
wild_coilia_nasus__01152,wild_coilia_nasus,Coilia nasus,wild,0.0002000000000066393
wild_coilia_nasus__01153,wild_coilia_nasus,Coilia nasus,wild,0.0002000000000066393
wild_coilia_nasus__01154,wild_coilia_nasus,Coilia nasus,wild,0.0002000000000066393
wild_coilia_nasus__01155,wild_coilia_nasus,Coilia nasus,wild,0.0002000000000066393
wild_coilia_nasus__01156,wild_coilia_nasus,Coilia nasus,wild,0.0002000000000066393
wild_coilia_nasus__01157,wild_coilia_nasus,Coilia nasus,wild,0.0002000000000066393
wild_coilia_nasus__01158,wild_coilia_nasus,Coilia nasus,wild,0.0002000000000066393
wild_coilia_nasus__01159,wild_coilia_nasus,Coilia nasus,wild,0.0002000000000066393
wild_coilia_nasus__01160,wild_coilia_nasus,Coilia nasus,wild,0.0002000000000066393
wild_coilia_nasus__01161,wild_coilia_nasus,Coilia nasus,wild,0.0002000000000066393
wild_coilia_nasus__01162,wild_coilia_nasus,Coilia nasus,wild,0.0002000000000066393
wild_coilia_nasus__01163,wild_coilia_nasus,Coilia nasus,wild,0.0002000000000066393
wild_coilia_nasus__01164,wild_coilia_nasus,Coilia nasus,wild,0.0002000000000066393
wild_coilia_nasus__01165,wild_coilia_nasus,Coilia nasus,wild,0.0002000000000066393
wild_coilia_nasus__01166,wild_coilia_nasus,Coilia nasus,wild,0.0002000000000066393
wild_coilia_nasus__01167,wild_coilia_nasus,Coilia nasus,wild,0.0002000000000066393
wild_coilia_nasus__01168,wild_coilia_nasus,Coilia nasus,wild,0.0002000000000066393
wild_coilia_nasus__01169,wild_coilia_nasus,Coilia nasus,wild,0.0002000000000066393
wild_coilia_nasus__01170,wild_coilia_nasus,Coilia nasus,wild,0.0002000000000066393
wild_coilia_nasus__01171,wild_coilia_nasus,Coilia nasus,wild,0.0002000000000066393
wild_coilia_nasus__01172,wild_coilia_nasus,Coilia nasus,wild,0.0002000000000066393
wild_coilia_nasus__01173,wild_coilia_nasus,Coilia nasus,wild,0.0002000000000066393
wild_coilia_nasus__01174,wild_coilia_nasus,Coilia nasus,wild,0.0002000000000066393
wild_coilia_nasus__01175,wild_coilia_nasus,Coilia nasus,wild,0.0002000000000066393
wild_coilia_nasus__01176,wild_coilia_nasus,Coilia nasus,wild,0.0002000000000066393
wild_coilia_nasus__01177,wild_coilia_nasus,Coilia nasus,wild,0.0002000000000066393
wild_coilia_nasus__01178,wild_coilia_nasus,Coilia nasus,wild,0.0002000000000066393
wild_coilia_nasus__01179,wild_coilia_nasus,Coilia nasus,wild,0.0002000000000066393
wild_coilia_nasus__01180,wild_coilia_nasus,Coilia nasus,wild,0.0002000000000066393
wild_coilia_nasus__01181,wild_coilia_nasus,Coilia nasus,wild,0.0002000000000066393
wild_coilia_nasus__01182,wild_coilia_nasus,Coilia nasus,wild,0.0002000000000066393
wild_coilia_nasus__01183,wild_coilia_nasus,Coilia nasus,wild,0.0002000000000066393
wild_coilia_nasus__01184,wild_coilia_nasus,Coilia nasus,wild,0.0002000000000066393
wild_coilia_nasus__01185,wild_coilia_nasus,Coilia nasus,wild,0.0002000000000066393
wild_coilia_nasus__01186,wild_coilia_nasus,Coilia nasus,wild,0.0002000000000066393
wild_coilia_nasus__01187,wild_coilia_nasus,Coilia nasus,wild,0.0002000000000066393
wild_coilia_nasus__01188,wild_coilia_nasus,Coilia nasus,wild,0.0002000000000066393
wild_coilia_nasus__01189,wild_coilia_nasus,Coilia nasus,wild,0.0002000000000066393
wild_coilia_nasus__01190,wild_coilia_nasus,Coilia nasus,wild,0.0002000000000066393
wild_coilia_nasus__01191,wild_coilia_nasus,Coilia nasus,wild,0.0002000000000066393
wild_coilia_nasus__01192,wild_coilia_nasus,Coilia nasus,wild,0.0002000000000066393
wild_coilia_nasus__01193,wild_coilia_nasus,Coilia nasus,wild,0.0002000000000066393
wild_coilia_nasus__01194,wild_coilia_nasus,Coilia nasus,wild,0.0002000000000066393
wild_coilia_nasus__01195,wild_coilia_nasus,Coilia nasus,wild,0.0002000000000066393
wild_coilia_nasus__01196,wild_coilia_nasus,Coilia nasus,wild,0.0002000000000066393
wild_coilia_nasus__01197,wild_coilia_nasus,Coilia nasus,wild,0.0002000000000066393
wild_coilia_nasus__01198,wild_coilia_nasus,Coilia nasus,wild,0.0002000000000066393
wild_coilia_nasus__01199,wild_coilia_nasus,Coilia nasus,wild,0.0002000000000066393
wild_coilia_nasus__01200,wild_coilia_nasus,Coilia nasus,wild,0.0002000000000066393
wild_coilia_nasus__01201,wild_coilia_nasus,Coilia nasus,wild,0.0002000000000066393
wild_coilia_nasus__01202,wild_coilia_nasus,Coilia nasus,wild,0.0002000000000066393
wild_coilia_nasus__01203,wild_coilia_nasus,Coilia nasus,wild,0.0002000000000066393
wild_coilia_nasus__01204,wild_coilia_nasus,Coilia nasus,wild,0.0002000000000066393
wild_coilia_nasus__01205,wild_coilia_nasus,Coilia nasus,wild,0.0002000000000066393
wild_coilia_nasus__01206,wild_coilia_nasus,Coilia nasus,wild,0.0002000000000066393
wild_coilia_nasus__01207,wild_coilia_nasus,Coilia nasus,wild,0.0002000000000066393
wild_coilia_nasus__01208,wild_coilia_nasus,Coilia nasus,wild,0.0002000000000066393
wild_coilia_nasus__01209,wild_coilia_nasus,Coilia nasus,wild,0.0002000000000066393
wild_coilia_nasus__01210,wild_coilia_nasus,Coilia nasus,wild,0.0002000000000066393
wild_coilia_nasus__01211,wild_coilia_nasus,Coilia nasus,wild,0.0002000000000066393
wild_coilia_nasus__01212,wild_coilia_nasus,Coilia nasus,wild,0.0002000000000066393
wild_coilia_nasus__01213,wild_coilia_nasus,Coilia nasus,wild,0.0002000000000066393
wild_coilia_nasus__01214,wild_coilia_nasus,Coilia nasus,wild,0.0002000000000066393
wild_coilia_nasus__01215,wild_coilia_nasus,Coilia nasus,wild,0.0002000000000066393
wild_coilia_nasus__01216,wild_coilia_nasus,Coilia nasus,wild,0.0002000000000066393
wild_coilia_nasus__01217,wild_coilia_nasus,Coilia nasus,wild,0.0002000000000066393
wild_coilia_nasus__01218,wild_coilia_nasus,Coilia nasus,wild,0.0002000000000066393
wild_coilia_nasus__01219,wild_coilia_nasus,Coilia nasus,wild,0.0002000000000066393
wild_coilia_nasus__01220,wild_coilia_nasus,Coilia nasus,wild,0.0002000000000066393
wild_coilia_nasus__01221,wild_coilia_nasus,Coilia nasus,wild,0.0002000000000066393
wild_coilia_nasus__01222,wild_coilia_nasus,Coilia nasus,wild,0.0002000000000066393
wild_coilia_nasus__01223,wild_coilia_nasus,Coilia nasus,wild,0.0002000000000066393
wild_coilia_nasus__01224,wild_coilia_nasus,Coilia nasus,wild,0.0002000000000066393
wild_coilia_nasus__01225,wild_coilia_nasus,Coilia nasus,wild,0.0002000000000066393
wild_coilia_nasus__01226,wild_coilia_nasus,Coilia nasus,wild,0.0002000000000066393
wild_coilia_nasus__01227,wild_coilia_nasus,Coilia nasus,wild,0.0002000000000066393
wild_coilia_nasus__01228,wild_coilia_nasus,Coilia nasus,wild,0.0002000000000066393
wild_coilia_nasus__01229,wild_coilia_nasus,Coilia nasus,wild,0.0002000000000066393
wild_coilia_nasus__01230,wild_coilia_nasus,Coilia nasus,wild,0.0002000000000066393
wild_coilia_nasus__01231,wild_coilia_nasus,Coilia nasus,wild,0.0002000000000066393
wild_coilia_nasus__01232,wild_coilia_nasus,Coilia nasus,wild,0.0002000000000066393
wild_coilia_nasus__01233,wild_coilia_nasus,Coilia nasus,wild,0.0002000000000066393
wild_coilia_nasus__01234,wild_coilia_nasus,Coilia nasus,wild,0.0002000000000066393
wild_coilia_nasus__01235,wild_coilia_nasus,Coilia nasus,wild,0.0002000000000066393
wild_coilia_nasus__01236,wild_coilia_nasus,Coilia nasus,wild,0.0002000000000066393
wild_coilia_nasus__01237,wild_coilia_nasus,Coilia nasus,wild,0.0002000000000066393
wild_coilia_nasus__01238,wild_coilia_nasus,Coilia nasus,wild,0.0002000000000066393
wild_coilia_nasus__01239,wild_coilia_nasus,Coilia nasus,wild,0.0002000000000066393
wild_coilia_nasus__01240,wild_coilia_nasus,Coilia nasus,wild,0.0002000000000066393
wild_coilia_nasus__01241,wild_coilia_nasus,Coilia nasus,wild,0.0002000000000066393
wild_coilia_nasus__01242,wild_coilia_nasus,Coilia nasus,wild,0.0002000000000066393
wild_coilia_nasus__01243,wild_coilia_nasus,Coilia nasus,wild,0.0002000000000066393
wild_coilia_nasus__01244,wild_coilia_nasus,Coilia nasus,wild,0.0002000000000066393
wild_coilia_nasus__01245,wild_coilia_nasus,Coilia nasus,wild,0.0002000000000066393
wild_coilia_nasus__01246,wild_coilia_nasus,Coilia nasus,wild,0.0002000000000066393
wild_coilia_nasus__01247,wild_coilia_nasus,Coilia nasus,wild,0.0002000000000066393
wild_coilia_nasus__01248,wild_coilia_nasus,Coilia nasus,wild,0.0002000000000066393
wild_coilia_nasus__01249,wild_coilia_nasus,Coilia nasus,wild,0.0002000000000066393
wild_coilia_nasus__01250,wild_coilia_nasus,Coilia nasus,wild,0.0002000000000066393
wild_coilia_nasus__01251,wild_coilia_nasus,Coilia nasus,wild,0.0002000000000066393
wild_coilia_nasus__01252,wild_coilia_nasus,Coilia nasus,wild,0.0002000000000066393
wild_coilia_nasus__01253,wild_coilia_nasus,Coilia nasus,wild,0.0002000000000066393
wild_coilia_nasus__01254,wild_coilia_nasus,Coilia nasus,wild,0.0002000000000066393
wild_coilia_nasus__01255,wild_coilia_nasus,Coilia nasus,wild,0.0002000000000066393
wild_coilia_nasus__01256,wild_coilia_nasus,Coilia nasus,wild,0.0002000000000066393
wild_culter_alburnus__00001,wild_culter_alburnus,Culter alburnus,wild,0.0002139999999712927
wild_culter_alburnus__00002,wild_culter_alburnus,Culter alburnus,wild,0.00023600000000101318
wild_culter_alburnus__00003,wild_culter_alburnus,Culter alburnus,wild,0.0002000000000066393
wild_culter_alburnus__00004,wild_culter_alburnus,Culter alburnus,wild,0.0002000000000066393
wild_culter_alburnus__00005,wild_culter_alburnus,Culter alburnus,wild,0.0002000000000066393
wild_culter_alburnus__00006,wild_culter_alburnus,Culter alburnus,wild,0.0002000000000066393
wild_culter_alburnus__00007,wild_culter_alburnus,Culter alburnus,wild,0.0002000000000066393
wild_culter_alburnus__00008,wild_culter_alburnus,Culter alburnus,wild,0.0002000000000066393
wild_culter_alburnus__00009,wild_culter_alburnus,Culter alburnus,wild,0.00017600000001039007
wild_culter_alburnus__00010,wild_culter_alburnus,Culter alburnus,wild,0.0002590000000282089
wild_culter_alburnus__00011,wild_culter_alburnus,Culter alburnus,wild,0.00021700000002056186
wild_culter_alburnus__00012,wild_culter_alburnus,Culter alburnus,wild,0.00040160677285411923
wild_culter_alburnus__00013,wild_culter_alburnus,Culter alburnus,wild,0.00026499999998463863
wild_culter_alburnus__00014,wild_culter_alburnus,Culter alburnus,wild,0.00012100000000714317
wild_culter_alburnus__00015,wild_culter_alburnus,Culter alburnus,wild,0.00011699999999592592
wild_culter_alburnus__00016,wild_culter_alburnus,Culter alburnus,wild,0.0002000000000066393
wild_culter_alburnus__00017,wild_culter_alburnus,Culter alburnus,wild,0.0002000000000066393
wild_culter_alburnus__00018,wild_culter_alburnus,Culter alburnus,wild,0.0002000000000066393
wild_culter_alburnus__00019,wild_culter_alburnus,Culter alburnus,wild,0.0002000000000066393
wild_culter_alburnus__00020,wild_culter_alburnus,Culter alburnus,wild,0.0002000000000066393
wild_culter_alburnus__00021,wild_culter_alburnus,Culter alburnus,wild,0.0002000000000066393
wild_culter_alburnus__00022,wild_culter_alburnus,Culter alburnus,wild,0.0002000000000066393
wild_culter_alburnus__00023,wild_culter_alburnus,Culter alburnus,wild,0.0002000000000066393
wild_culter_alburnus__00024,wild_culter_alburnus,Culter alburnus,wild,0.00018799999998009298
wild_culter_alburnus__00025,wild_culter_alburnus,Culter alburnus,wild,0.0002000000000066393
wild_culter_alburnus__00026,wild_culter_alburnus,Culter alburnus,wild,0.0002000000000066393
wild_culter_alburnus__00027,wild_culter_alburnus,Culter alburnus,wild,0.00016000000002236447
wild_culter_alburnus__00028,wild_culter_alburnus,Culter alburnus,wild,0.0002000000000066393
wild_culter_alburnus__00029,wild_culter_alburnus,Culter alburnus,wild,0.0002000000000066393
wild_culter_alburnus__00030,wild_culter_alburnus,Culter alburnus,wild,0.000137999999992644
wild_culter_alburnus__00031,wild_culter_alburnus,Culter alburnus,wild,0.0002000000000066393
wild_culter_alburnus__00032,wild_culter_alburnus,Culter alburnus,wild,0.0002549999999814645
wild_culter_alburnus__00033,wild_culter_alburnus,Culter alburnus,wild,0.00023699999999848842
wild_culter_alburnus__00034,wild_culter_alburnus,Culter alburnus,wild,0.00026499999998463863
wild_culter_alburnus__00035,wild_culter_alburnus,Culter alburnus,wild,0.00024299999998333988
wild_culter_alburnus__00036,wild_culter_alburnus,Culter alburnus,wild,0.00022099999998204112
wild_culter_alburnus__00037,wild_culter_alburnus,Culter alburnus,wild,0.0002620000000206346
wild_culter_alburnus__00038,wild_culter_alburnus,Culter alburnus,wild,0.0002639999999587417
wild_culter_alburnus__00039,wild_culter_alburnus,Culter alburnus,wild,0.0002549999999814645
wild_culter_alburnus__00040,wild_culter_alburnus,Culter alburnus,wild,0.000252999999986514
wild_culter_alburnus__00041,wild_culter_alburnus,Culter alburnus,wild,0.00023700000002691013
wild_culter_alburnus__00042,wild_culter_alburnus,Culter alburnus,wild,0.000252999999986514
wild_culter_alburnus__00043,wild_culter_alburnus,Culter alburnus,wild,0.00023599999997259147
wild_culter_alburnus__00044,wild_culter_alburnus,Culter alburnus,wild,0.00025199999998903877
wild_culter_alburnus__00045,wild_culter_alburnus,Culter alburnus,wild,0.0002000000000066393
wild_culter_alburnus__00046,wild_culter_alburnus,Culter alburnus,wild,0.0002000000000066393
wild_culter_alburnus__00047,wild_culter_alburnus,Culter alburnus,wild,0.0002000000000066393
wild_culter_alburnus__00048,wild_culter_alburnus,Culter alburnus,wild,0.0002000000000066393
wild_culter_alburnus__00049,wild_culter_alburnus,Culter alburnus,wild,0.0002000000000066393
wild_culter_alburnus__00050,wild_culter_alburnus,Culter alburnus,wild,0.0002449999999925012
wild_culter_alburnus__00051,wild_culter_alburnus,Culter alburnus,wild,0.0002000000000066393
wild_culter_alburnus__00052,wild_culter_alburnus,Culter alburnus,wild,0.0002000000000066393
wild_culter_alburnus__00053,wild_culter_alburnus,Culter alburnus,wild,0.0002000000000066393
wild_culter_alburnus__00054,wild_culter_alburnus,Culter alburnus,wild,0.0002000000000066393
wild_culter_alburnus__00055,wild_culter_alburnus,Culter alburnus,wild,0.00022999999998774
wild_culter_alburnus__00056,wild_culter_alburnus,Culter alburnus,wild,0.0002620000000206346
wild_culter_alburnus__00057,wild_culter_alburnus,Culter alburnus,wild,0.0002619999999637912
wild_culter_alburnus__00058,wild_culter_alburnus,Culter alburnus,wild,0.00023699999999848842
wild_culter_alburnus__00059,wild_culter_alburnus,Culter alburnus,wild,0.0002590000000282089
wild_culter_alburnus__00060,wild_culter_alburnus,Culter alburnus,wild,0.0002590000000282089
wild_culter_alburnus__00061,wild_culter_alburnus,Culter alburnus,wild,0.00026500000001306034
wild_culter_alburnus__00062,wild_culter_alburnus,Culter alburnus,wild,0.0002589999999997872
wild_culter_alburnus__00063,wild_culter_alburnus,Culter alburnus,wild,0.0002589999999997872
wild_culter_alburnus__00064,wild_culter_alburnus,Culter alburnus,wild,0.0002000000000066393
wild_culter_alburnus__00065,wild_culter_alburnus,Culter alburnus,wild,0.0002000000000066393
wild_culter_alburnus__00066,wild_culter_alburnus,Culter alburnus,wild,0.0002000000000066393
wild_culter_alburnus__00067,wild_culter_alburnus,Culter alburnus,wild,0.0002000000000066393
wild_culter_alburnus__00068,wild_culter_alburnus,Culter alburnus,wild,0.0002000000000066393
wild_culter_alburnus__00069,wild_culter_alburnus,Culter alburnus,wild,0.0002000000000066393
wild_culter_alburnus__00070,wild_culter_alburnus,Culter alburnus,wild,0.0002000000000066393
wild_culter_alburnus__00071,wild_culter_alburnus,Culter alburnus,wild,0.0002000000000066393
wild_culter_alburnus__00072,wild_culter_alburnus,Culter alburnus,wild,0.0002549999999814645
wild_culter_alburnus__00073,wild_culter_alburnus,Culter alburnus,wild,0.0002000000000066393
wild_culter_alburnus__00074,wild_culter_alburnus,Culter alburnus,wild,0.0002000000000066393
wild_culter_alburnus__00075,wild_culter_alburnus,Culter alburnus,wild,0.0002000000000066393
wild_culter_alburnus__00076,wild_culter_alburnus,Culter alburnus,wild,0.0002000000000066393
wild_culter_alburnus__00077,wild_culter_alburnus,Culter alburnus,wild,0.0002000000000066393
wild_culter_alburnus__00078,wild_culter_alburnus,Culter alburnus,wild,0.0002000000000066393
wild_culter_alburnus__00079,wild_culter_alburnus,Culter alburnus,wild,0.0002000000000066393
wild_culter_alburnus__00080,wild_culter_alburnus,Culter alburnus,wild,0.0002000000000066393
wild_culter_alburnus__00081,wild_culter_alburnus,Culter alburnus,wild,0.0002000000000066393
wild_culter_alburnus__00082,wild_culter_alburnus,Culter alburnus,wild,0.0002000000000066393
wild_culter_alburnus__00083,wild_culter_alburnus,Culter alburnus,wild,0.0002619999999637912
wild_culter_alburnus__00084,wild_culter_alburnus,Culter alburnus,wild,0.0002000000000066393
wild_culter_alburnus__00085,wild_culter_alburnus,Culter alburnus,wild,0.0002000000000066393
wild_culter_alburnus__00086,wild_culter_alburnus,Culter alburnus,wild,0.0002000000000066393
wild_culter_alburnus__00087,wild_culter_alburnus,Culter alburnus,wild,0.0002000000000066393
wild_culter_alburnus__00088,wild_culter_alburnus,Culter alburnus,wild,0.0002000000000066393
wild_culter_alburnus__00089,wild_culter_alburnus,Culter alburnus,wild,0.0002000000000066393
wild_culter_alburnus__00090,wild_culter_alburnus,Culter alburnus,wild,0.0002000000000066393
wild_culter_alburnus__00091,wild_culter_alburnus,Culter alburnus,wild,0.0002000000000066393
wild_culter_alburnus__00092,wild_culter_alburnus,Culter alburnus,wild,0.0002000000000066393
wild_culter_alburnus__00093,wild_culter_alburnus,Culter alburnus,wild,0.0002000000000066393
wild_culter_alburnus__00094,wild_culter_alburnus,Culter alburnus,wild,0.00021399999999971442
wild_culter_alburnus__00095,wild_culter_alburnus,Culter alburnus,wild,0.0002000000000066393
wild_culter_alburnus__00096,wild_culter_alburnus,Culter alburnus,wild,0.00028199999997013947
wild_culter_alburnus__00097,wild_culter_alburnus,Culter alburnus,wild,0.00029499999999416104
wild_culter_alburnus__00098,wild_culter_alburnus,Culter alburnus,wild,0.00027900000003455716
wild_culter_alburnus__00099,wild_culter_alburnus,Culter alburnus,wild,0.00023399999997764098
wild_culter_alburnus__00100,wild_culter_alburnus,Culter alburnus,wild,0.00027899999997771374
wild_culter_alburnus__00101,wild_culter_alburnus,Culter alburnus,wild,0.0002729999999928623
wild_culter_alburnus__00102,wild_culter_alburnus,Culter alburnus,wild,0.00029499999999416104
wild_culter_alburnus__00103,wild_culter_alburnus,Culter alburnus,wild,0.00029299999999921056
wild_culter_alburnus__00104,wild_culter_alburnus,Culter alburnus,wild,0.00027000000000043656
wild_culter_alburnus__00105,wild_culter_alburnus,Culter alburnus,wild,0.00026500000001306034
wild_culter_alburnus__00106,wild_culter_alburnus,Culter alburnus,wild,0.000275999999985288
wild_culter_alburnus__00107,wild_culter_alburnus,Culter alburnus,wild,0.0002729999999928623
wild_culter_alburnus__00108,wild_culter_alburnus,Culter alburnus,wild,0.0002779999999802385
wild_culter_alburnus__00109,wild_culter_alburnus,Culter alburnus,wild,0.00026800000000548607
wild_culter_alburnus__00110,wild_culter_alburnus,Culter alburnus,wild,0.0002000000000066393
wild_culter_alburnus__00111,wild_culter_alburnus,Culter alburnus,wild,0.0002000000000066393
wild_culter_alburnus__00112,wild_culter_alburnus,Culter alburnus,wild,0.0002000000000066393
wild_culter_alburnus__00113,wild_culter_alburnus,Culter alburnus,wild,0.0002000000000066393
wild_culter_alburnus__00114,wild_culter_alburnus,Culter alburnus,wild,0.0002000000000066393
wild_culter_alburnus__00115,wild_culter_alburnus,Culter alburnus,wild,0.0002000000000066393
wild_culter_alburnus__00116,wild_culter_alburnus,Culter alburnus,wild,0.00025199999998903877
wild_culter_alburnus__00117,wild_culter_alburnus,Culter alburnus,wild,0.0002000000000066393
wild_culter_alburnus__00118,wild_culter_alburnus,Culter alburnus,wild,0.0002000000000066393
wild_culter_alburnus__00119,wild_culter_alburnus,Culter alburnus,wild,0.0002000000000066393
wild_culter_alburnus__00120,wild_culter_alburnus,Culter alburnus,wild,0.0002000000000066393
wild_culter_alburnus__00121,wild_culter_alburnus,Culter alburnus,wild,0.0002000000000066393
wild_culter_alburnus__00122,wild_culter_alburnus,Culter alburnus,wild,0.0002000000000066393
wild_culter_alburnus__00123,wild_culter_alburnus,Culter alburnus,wild,0.0002000000000066393
wild_culter_alburnus__00124,wild_culter_alburnus,Culter alburnus,wild,0.0002000000000066393
wild_culter_alburnus__00125,wild_culter_alburnus,Culter alburnus,wild,0.0002000000000066393
wild_culter_alburnus__00126,wild_culter_alburnus,Culter alburnus,wild,0.0002000000000066393
wild_hypophthalmichthys_molitrix__00001,wild_hypophthalmichthys_molitrix,Hypophthalmichthys molitrix,wild,0.0002000000000066393
wild_hypophthalmichthys_molitrix__00002,wild_hypophthalmichthys_molitrix,Hypophthalmichthys molitrix,wild,0.00025099999999156353
wild_hypophthalmichthys_molitrix__00003,wild_hypophthalmichthys_molitrix,Hypophthalmichthys molitrix,wild,0.0002000000000066393
wild_hypophthalmichthys_molitrix__00004,wild_hypophthalmichthys_molitrix,Hypophthalmichthys molitrix,wild,0.0002000000000066393
wild_hypophthalmichthys_molitrix__00005,wild_hypophthalmichthys_molitrix,Hypophthalmichthys molitrix,wild,0.0002000000000066393
wild_hypophthalmichthys_molitrix__00006,wild_hypophthalmichthys_molitrix,Hypophthalmichthys molitrix,wild,0.0002000000000066393
wild_hypophthalmichthys_molitrix__00007,wild_hypophthalmichthys_molitrix,Hypophthalmichthys molitrix,wild,0.0002000000000066393
wild_hypophthalmichthys_molitrix__00008,wild_hypophthalmichthys_molitrix,Hypophthalmichthys molitrix,wild,0.0002000000000066393
wild_hypophthalmichthys_molitrix__00009,wild_hypophthalmichthys_molitrix,Hypophthalmichthys molitrix,wild,0.0002000000000066393
wild_hypophthalmichthys_molitrix__00010,wild_hypophthalmichthys_molitrix,Hypophthalmichthys molitrix,wild,0.0002000000000066393
wild_hypophthalmichthys_molitrix__00011,wild_hypophthalmichthys_molitrix,Hypophthalmichthys molitrix,wild,0.0002000000000066393
wild_hypophthalmichthys_molitrix__00012,wild_hypophthalmichthys_molitrix,Hypophthalmichthys molitrix,wild,0.0002000000000066393
wild_hypophthalmichthys_molitrix__00013,wild_hypophthalmichthys_molitrix,Hypophthalmichthys molitrix,wild,0.0002000000000066393
wild_hypophthalmichthys_molitrix__00014,wild_hypophthalmichthys_molitrix,Hypophthalmichthys molitrix,wild,0.00015999999999394277
wild_hypophthalmichthys_molitrix__00015,wild_hypophthalmichthys_molitrix,Hypophthalmichthys molitrix,wild,0.00016000000002236447
wild_hypophthalmichthys_molitrix__00016,wild_hypophthalmichthys_molitrix,Hypophthalmichthys molitrix,wild,0.0002000000000066393
wild_hypophthalmichthys_molitrix__00017,wild_hypophthalmichthys_molitrix,Hypophthalmichthys molitrix,wild,0.00012000000000966793
wild_hypophthalmichthys_molitrix__00018,wild_hypophthalmichthys_molitrix,Hypophthalmichthys molitrix,wild,0.0002000000000066393
wild_hypophthalmichthys_molitrix__00019,wild_hypophthalmichthys_molitrix,Hypophthalmichthys molitrix,wild,0.0002000000000066393
wild_hypophthalmichthys_molitrix__00020,wild_hypophthalmichthys_molitrix,Hypophthalmichthys molitrix,wild,0.0002000000000066393
wild_hypophthalmichthys_molitrix__00021,wild_hypophthalmichthys_molitrix,Hypophthalmichthys molitrix,wild,0.0002000000000066393
wild_hypophthalmichthys_molitrix__00022,wild_hypophthalmichthys_molitrix,Hypophthalmichthys molitrix,wild,0.0002000000000066393
wild_hypophthalmichthys_molitrix__00023,wild_hypophthalmichthys_molitrix,Hypophthalmichthys molitrix,wild,0.0002000000000066393
wild_hypophthalmichthys_molitrix__00024,wild_hypophthalmichthys_molitrix,Hypophthalmichthys molitrix,wild,0.0002610000000231594
wild_hypophthalmichthys_molitrix__00025,wild_hypophthalmichthys_molitrix,Hypophthalmichthys molitrix,wild,0.0002000000000066393
wild_hypophthalmichthys_molitrix__00026,wild_hypophthalmichthys_molitrix,Hypophthalmichthys molitrix,wild,0.0002000000000066393
wild_hypophthalmichthys_molitrix__00027,wild_hypophthalmichthys_molitrix,Hypophthalmichthys molitrix,wild,6.355287432313019e-14
wild_hypophthalmichthys_molitrix__00028,wild_hypophthalmichthys_molitrix,Hypophthalmichthys molitrix,wild,0.0002610000000231594
wild_hypophthalmichthys_molitrix__00029,wild_hypophthalmichthys_molitrix,Hypophthalmichthys molitrix,wild,0.0002000000000066393
wild_hypophthalmichthys_molitrix__00030,wild_hypophthalmichthys_molitrix,Hypophthalmichthys molitrix,wild,0.0002000000000066393
wild_hypophthalmichthys_molitrix__00031,wild_hypophthalmichthys_molitrix,Hypophthalmichthys molitrix,wild,0.0002000000000066393
wild_hypophthalmichthys_molitrix__00032,wild_hypophthalmichthys_molitrix,Hypophthalmichthys molitrix,wild,0.0002000000000066393
wild_hypophthalmichthys_molitrix__00033,wild_hypophthalmichthys_molitrix,Hypophthalmichthys molitrix,wild,0.0002000000000066393
wild_hypophthalmichthys_molitrix__00034,wild_hypophthalmichthys_molitrix,Hypophthalmichthys molitrix,wild,0.00016000000002236447
wild_hypophthalmichthys_molitrix__00035,wild_hypophthalmichthys_molitrix,Hypophthalmichthys molitrix,wild,0.0002000000000066393
wild_hypophthalmichthys_molitrix__00036,wild_hypophthalmichthys_molitrix,Hypophthalmichthys molitrix,wild,0.0002000000000066393
wild_hypophthalmichthys_molitrix__00037,wild_hypophthalmichthys_molitrix,Hypophthalmichthys molitrix,wild,0.0002000000000066393
wild_hypophthalmichthys_molitrix__00038,wild_hypophthalmichthys_molitrix,Hypophthalmichthys molitrix,wild,0.00023999999996249244
wild_hypophthalmichthys_molitrix__00039,wild_hypophthalmichthys_molitrix,Hypophthalmichthys molitrix,wild,0.0002000000000066393
wild_hypophthalmichthys_molitrix__00040,wild_hypophthalmichthys_molitrix,Hypophthalmichthys molitrix,wild,0.0002000000000066393
wild_hypophthalmichthys_molitrix__00041,wild_hypophthalmichthys_molitrix,Hypophthalmichthys molitrix,wild,0.0002000000000066393
wild_hypophthalmichthys_molitrix__00042,wild_hypophthalmichthys_molitrix,Hypophthalmichthys molitrix,wild,0.0002000000000066393
wild_hypophthalmichthys_molitrix__00043,wild_hypophthalmichthys_molitrix,Hypophthalmichthys molitrix,wild,0.0002000000000066393
wild_hypophthalmichthys_molitrix__00044,wild_hypophthalmichthys_molitrix,Hypophthalmichthys molitrix,wild,0.0002000000000066393
wild_hypophthalmichthys_molitrix__00045,wild_hypophthalmichthys_molitrix,Hypophthalmichthys molitrix,wild,0.00016000000002236447
wild_hypophthalmichthys_molitrix__00046,wild_hypophthalmichthys_molitrix,Hypophthalmichthys molitrix,wild,0.0002000000000066393
wild_hypophthalmichthys_molitrix__00047,wild_hypophthalmichthys_molitrix,Hypophthalmichthys molitrix,wild,0.0002000000000066393
wild_hypophthalmichthys_molitrix__00048,wild_hypophthalmichthys_molitrix,Hypophthalmichthys molitrix,wild,0.00016000000002236447
wild_hypophthalmichthys_molitrix__00049,wild_hypophthalmichthys_molitrix,Hypophthalmichthys molitrix,wild,0.0002000000000066393
wild_hypophthalmichthys_molitrix__00050,wild_hypophthalmichthys_molitrix,Hypophthalmichthys molitrix,wild,0.0002000000000066393
wild_hypophthalmichthys_molitrix__00051,wild_hypophthalmichthys_molitrix,Hypophthalmichthys molitrix,wild,0.0001600000000010482
wild_hypophthalmichthys_molitrix__00052,wild_hypophthalmichthys_molitrix,Hypophthalmichthys molitrix,wild,0.00015999999999394277
wild_hypophthalmichthys_molitrix__00053,wild_hypophthalmichthys_molitrix,Hypophthalmichthys molitrix,wild,0.00016000000002236447
wild_hypophthalmichthys_molitrix__00054,wild_hypophthalmichthys_molitrix,Hypophthalmichthys molitrix,wild,0.00012000000000966793
wild_hypophthalmichthys_molitrix__00055,wild_hypophthalmichthys_molitrix,Hypophthalmichthys molitrix,wild,0.00016000000000815362
wild_hypophthalmichthys_molitrix__00056,wild_hypophthalmichthys_molitrix,Hypophthalmichthys molitrix,wild,0.00016000000002236447
wild_hypophthalmichthys_molitrix__00057,wild_hypophthalmichthys_molitrix,Hypophthalmichthys molitrix,wild,0.0002000000000066393
wild_hypophthalmichthys_molitrix__00058,wild_hypophthalmichthys_molitrix,Hypophthalmichthys molitrix,wild,0.00015999999999394277
wild_hypophthalmichthys_molitrix__00059,wild_hypophthalmichthys_molitrix,Hypophthalmichthys molitrix,wild,0.00015999999999394277
wild_hypophthalmichthys_molitrix__00060,wild_hypophthalmichthys_molitrix,Hypophthalmichthys molitrix,wild,0.00023599999997259147
wild_hypophthalmichthys_molitrix__00061,wild_hypophthalmichthys_molitrix,Hypophthalmichthys molitrix,wild,0.0002000000000066393
wild_hypophthalmichthys_molitrix__00062,wild_hypophthalmichthys_molitrix,Hypophthalmichthys molitrix,wild,0.0002000000000066393
wild_hypophthalmichthys_molitrix__00063,wild_hypophthalmichthys_molitrix,Hypophthalmichthys molitrix,wild,0.0002000000000066393
wild_hypophthalmichthys_molitrix__00064,wild_hypophthalmichthys_molitrix,Hypophthalmichthys molitrix,wild,0.0002000000000066393
wild_hypophthalmichthys_molitrix__00065,wild_hypophthalmichthys_molitrix,Hypophthalmichthys molitrix,wild,0.0002000000000066393
wild_hypophthalmichthys_molitrix__00066,wild_hypophthalmichthys_molitrix,Hypophthalmichthys molitrix,wild,0.0002000000000066393
wild_hypophthalmichthys_molitrix__00067,wild_hypophthalmichthys_molitrix,Hypophthalmichthys molitrix,wild,0.0002000000000066393
wild_hypophthalmichthys_molitrix__00068,wild_hypophthalmichthys_molitrix,Hypophthalmichthys molitrix,wild,0.0002000000000066393
wild_hypophthalmichthys_molitrix__00069,wild_hypophthalmichthys_molitrix,Hypophthalmichthys molitrix,wild,0.0002000000000066393
wild_hypophthalmichthys_molitrix__00070,wild_hypophthalmichthys_molitrix,Hypophthalmichthys molitrix,wild,0.0002000000000066393
wild_hypophthalmichthys_molitrix__00071,wild_hypophthalmichthys_molitrix,Hypophthalmichthys molitrix,wild,0.00020000000006348273
wild_hypophthalmichthys_molitrix__00072,wild_hypophthalmichthys_molitrix,Hypophthalmichthys molitrix,wild,0.0002000000000066393
wild_hypophthalmichthys_molitrix__00073,wild_hypophthalmichthys_molitrix,Hypophthalmichthys molitrix,wild,0.0002000000000066393
wild_hypophthalmichthys_molitrix__00074,wild_hypophthalmichthys_molitrix,Hypophthalmichthys molitrix,wild,0.0002000000000066393
wild_hypophthalmichthys_molitrix__00075,wild_hypophthalmichthys_molitrix,Hypophthalmichthys molitrix,wild,0.0002000000000066393
wild_hypophthalmichthys_molitrix__00076,wild_hypophthalmichthys_molitrix,Hypophthalmichthys molitrix,wild,0.0002959999999916363
wild_hypophthalmichthys_molitrix__00077,wild_hypophthalmichthys_molitrix,Hypophthalmichthys molitrix,wild,0.00021200000003318564
wild_hypophthalmichthys_molitrix__00078,wild_hypophthalmichthys_molitrix,Hypophthalmichthys molitrix,wild,0.0002920000000017353
wild_hypophthalmichthys_molitrix__00079,wild_hypophthalmichthys_molitrix,Hypophthalmichthys molitrix,wild,0.00028399999996508996
wild_hypophthalmichthys_molitrix__00080,wild_hypophthalmichthys_molitrix,Hypophthalmichthys molitrix,wild,0.000275999999985288
wild_hypophthalmichthys_molitrix__00081,wild_hypophthalmichthys_molitrix,Hypophthalmichthys molitrix,wild,0.0002729999999928623
wild_hypophthalmichthys_molitrix__00082,wild_hypophthalmichthys_molitrix,Hypophthalmichthys molitrix,wild,0.0002660000000105356
wild_hypophthalmichthys_molitrix__00083,wild_hypophthalmichthys_molitrix,Hypophthalmichthys molitrix,wild,0.0002870000000143591
wild_hypophthalmichthys_molitrix__00084,wild_hypophthalmichthys_molitrix,Hypophthalmichthys molitrix,wild,0.00028399999999351166
wild_hypophthalmichthys_molitrix__00085,wild_hypophthalmichthys_molitrix,Hypophthalmichthys molitrix,wild,0.00022099999998204112
wild_hypophthalmichthys_molitrix__00086,wild_hypophthalmichthys_molitrix,Hypophthalmichthys molitrix,wild,0.0002000000000066393
wild_hypophthalmichthys_molitrix__00087,wild_hypophthalmichthys_molitrix,Hypophthalmichthys molitrix,wild,0.0002000000000066393
wild_hypophthalmichthys_molitrix__00088,wild_hypophthalmichthys_molitrix,Hypophthalmichthys molitrix,wild,0.0002000000000066393
wild_hypophthalmichthys_molitrix__00089,wild_hypophthalmichthys_molitrix,Hypophthalmichthys molitrix,wild,0.0002000000000066393
wild_hypophthalmichthys_molitrix__00090,wild_hypophthalmichthys_molitrix,Hypophthalmichthys molitrix,wild,0.0002000000000066393
wild_hypophthalmichthys_molitrix__00091,wild_hypophthalmichthys_molitrix,Hypophthalmichthys molitrix,wild,0.0002000000000066393
wild_hypophthalmichthys_molitrix__00092,wild_hypophthalmichthys_molitrix,Hypophthalmichthys molitrix,wild,0.0002000000000066393
wild_hypophthalmichthys_molitrix__00093,wild_hypophthalmichthys_molitrix,Hypophthalmichthys molitrix,wild,0.0002000000000066393
wild_hypophthalmichthys_molitrix__00094,wild_hypophthalmichthys_molitrix,Hypophthalmichthys molitrix,wild,0.0002000000000066393
wild_hypophthalmichthys_molitrix__00095,wild_hypophthalmichthys_molitrix,Hypophthalmichthys molitrix,wild,0.0002000000000066393
wild_hypophthalmichthys_molitrix__00096,wild_hypophthalmichthys_molitrix,Hypophthalmichthys molitrix,wild,0.0002000000000066393
wild_hypophthalmichthys_molitrix__00097,wild_hypophthalmichthys_molitrix,Hypophthalmichthys molitrix,wild,0.0002000000000066393
wild_hypophthalmichthys_molitrix__00098,wild_hypophthalmichthys_molitrix,Hypophthalmichthys molitrix,wild,0.0002000000000066393
wild_hypophthalmichthys_molitrix__00099,wild_hypophthalmichthys_molitrix,Hypophthalmichthys molitrix,wild,0.0002000000000066393
wild_hypophthalmichthys_molitrix__00100,wild_hypophthalmichthys_molitrix,Hypophthalmichthys molitrix,wild,0.0002000000000066393
wild_hypophthalmichthys_molitrix__00101,wild_hypophthalmichthys_molitrix,Hypophthalmichthys molitrix,wild,0.0002000000000066393
wild_hypophthalmichthys_molitrix__00102,wild_hypophthalmichthys_molitrix,Hypophthalmichthys molitrix,wild,0.0002000000000066393
wild_hypophthalmichthys_molitrix__00103,wild_hypophthalmichthys_molitrix,Hypophthalmichthys molitrix,wild,0.0002000000000066393
wild_hypophthalmichthys_molitrix__00104,wild_hypophthalmichthys_molitrix,Hypophthalmichthys molitrix,wild,0.00021000000003823516
wild_hypophthalmichthys_molitrix__00105,wild_hypophthalmichthys_molitrix,Hypophthalmichthys molitrix,wild,0.0002000000000066393
wild_hypophthalmichthys_molitrix__00106,wild_hypophthalmichthys_molitrix,Hypophthalmichthys molitrix,wild,0.0002000000000066393
wild_hypophthalmichthys_molitrix__00107,wild_hypophthalmichthys_molitrix,Hypophthalmichthys molitrix,wild,0.0002000000000066393
wild_hypophthalmichthys_molitrix__00108,wild_hypophthalmichthys_molitrix,Hypophthalmichthys molitrix,wild,0.0002000000000066393
wild_hypophthalmichthys_molitrix__00109,wild_hypophthalmichthys_molitrix,Hypophthalmichthys molitrix,wild,0.0002090000000123382
wild_hypophthalmichthys_molitrix__00110,wild_hypophthalmichthys_molitrix,Hypophthalmichthys molitrix,wild,0.0002520000000174605
wild_hypophthalmichthys_molitrix__00111,wild_hypophthalmichthys_molitrix,Hypophthalmichthys molitrix,wild,0.0002000000000066393
wild_hypophthalmichthys_molitrix__00112,wild_hypophthalmichthys_molitrix,Hypophthalmichthys molitrix,wild,0.0002000000000066393
wild_hypophthalmichthys_molitrix__00113,wild_hypophthalmichthys_molitrix,Hypophthalmichthys molitrix,wild,0.0002000000000066393
wild_hypophthalmichthys_molitrix__00114,wild_hypophthalmichthys_molitrix,Hypophthalmichthys molitrix,wild,0.0002000000000066393
wild_hypophthalmichthys_molitrix__00115,wild_hypophthalmichthys_molitrix,Hypophthalmichthys molitrix,wild,0.0002000000000066393
wild_hypophthalmichthys_molitrix__00116,wild_hypophthalmichthys_molitrix,Hypophthalmichthys molitrix,wild,0.00016000000000815362
wild_hypophthalmichthys_molitrix__00117,wild_hypophthalmichthys_molitrix,Hypophthalmichthys molitrix,wild,0.00015999999999394277
wild_hypophthalmichthys_molitrix__00118,wild_hypophthalmichthys_molitrix,Hypophthalmichthys molitrix,wild,0.00015999999999394277
wild_hypophthalmichthys_molitrix__00119,wild_hypophthalmichthys_molitrix,Hypophthalmichthys molitrix,wild,0.0002000000000066393
wild_hypophthalmichthys_molitrix__00120,wild_hypophthalmichthys_molitrix,Hypophthalmichthys molitrix,wild,0.00021499999996876795
wild_hypophthalmichthys_molitrix__00121,wild_hypophthalmichthys_molitrix,Hypophthalmichthys molitrix,wild,0.00026400000000137425
wild_hypophthalmichthys_molitrix__00122,wild_hypophthalmichthys_molitrix,Hypophthalmichthys molitrix,wild,0.0002460000000041873
wild_hypophthalmichthys_molitrix__00123,wild_hypophthalmichthys_molitrix,Hypophthalmichthys molitrix,wild,0.0002460000000041873
wild_hypophthalmichthys_molitrix__00124,wild_hypophthalmichthys_molitrix,Hypophthalmichthys molitrix,wild,0.0002000000000066393
wild_hypophthalmichthys_molitrix__00125,wild_hypophthalmichthys_molitrix,Hypophthalmichthys molitrix,wild,0.0002000000000066393
wild_hypophthalmichthys_nobilis__00001,wild_hypophthalmichthys_nobilis,Hypophthalmichthys nobilis,wild,0.00028199999997013947
wild_hypophthalmichthys_nobilis__00002,wild_hypophthalmichthys_nobilis,Hypophthalmichthys nobilis,wild,0.0002000000000066393
wild_hypophthalmichthys_nobilis__00003,wild_hypophthalmichthys_nobilis,Hypophthalmichthys nobilis,wild,0.0002000000000066393
wild_hypophthalmichthys_nobilis__00004,wild_hypophthalmichthys_nobilis,Hypophthalmichthys nobilis,wild,0.0002000000000066393
wild_hypophthalmichthys_nobilis__00005,wild_hypophthalmichthys_nobilis,Hypophthalmichthys nobilis,wild,0.0002000000000066393
wild_hypophthalmichthys_nobilis__00006,wild_hypophthalmichthys_nobilis,Hypophthalmichthys nobilis,wild,0.00029499999999416104
wild_hypophthalmichthys_nobilis__00007,wild_hypophthalmichthys_nobilis,Hypophthalmichthys nobilis,wild,0.00015999999999394277
wild_hypophthalmichthys_nobilis__00008,wild_hypophthalmichthys_nobilis,Hypophthalmichthys nobilis,wild,0.0002000000000066393
wild_hypophthalmichthys_nobilis__00009,wild_hypophthalmichthys_nobilis,Hypophthalmichthys nobilis,wild,0.0002000000000066393
wild_hypophthalmichthys_nobilis__00010,wild_hypophthalmichthys_nobilis,Hypophthalmichthys nobilis,wild,0.0002000000000066393
wild_hypophthalmichthys_nobilis__00011,wild_hypophthalmichthys_nobilis,Hypophthalmichthys nobilis,wild,0.0002000000000066393
wild_hypophthalmichthys_nobilis__00012,wild_hypophthalmichthys_nobilis,Hypophthalmichthys nobilis,wild,0.0002000000000066393
wild_hypophthalmichthys_nobilis__00013,wild_hypophthalmichthys_nobilis,Hypophthalmichthys nobilis,wild,0.0002000000000066393
wild_hypophthalmichthys_nobilis__00014,wild_hypophthalmichthys_nobilis,Hypophthalmichthys nobilis,wild,0.0002000000000066393
wild_hypophthalmichthys_nobilis__00015,wild_hypophthalmichthys_nobilis,Hypophthalmichthys nobilis,wild,0.0002000000000066393
wild_hypophthalmichthys_nobilis__00016,wild_hypophthalmichthys_nobilis,Hypophthalmichthys nobilis,wild,0.0002000000000066393
wild_hypophthalmichthys_nobilis__00017,wild_hypophthalmichthys_nobilis,Hypophthalmichthys nobilis,wild,0.0002000000000066393
wild_hypophthalmichthys_nobilis__00018,wild_hypophthalmichthys_nobilis,Hypophthalmichthys nobilis,wild,0.0002000000000066393
wild_hypophthalmichthys_nobilis__00019,wild_hypophthalmichthys_nobilis,Hypophthalmichthys nobilis,wild,0.00024300000001176159
wild_hypophthalmichthys_nobilis__00020,wild_hypophthalmichthys_nobilis,Hypophthalmichthys nobilis,wild,0.0002620000000206346
wild_hypophthalmichthys_nobilis__00021,wild_hypophthalmichthys_nobilis,Hypophthalmichthys nobilis,wild,0.0002000000000066393
wild_hypophthalmichthys_nobilis__00022,wild_hypophthalmichthys_nobilis,Hypophthalmichthys nobilis,wild,0.0002000000000066393
wild_hypophthalmichthys_nobilis__00023,wild_hypophthalmichthys_nobilis,Hypophthalmichthys nobilis,wild,0.00029499999999416104
wild_hypophthalmichthys_nobilis__00024,wild_hypophthalmichthys_nobilis,Hypophthalmichthys nobilis,wild,0.0002000000000066393
wild_hypophthalmichthys_nobilis__00025,wild_hypophthalmichthys_nobilis,Hypophthalmichthys nobilis,wild,0.0002000000000066393
wild_hypophthalmichthys_nobilis__00026,wild_hypophthalmichthys_nobilis,Hypophthalmichthys nobilis,wild,0.0002000000000066393
wild_hypophthalmichthys_nobilis__00027,wild_hypophthalmichthys_nobilis,Hypophthalmichthys nobilis,wild,0.0002000000000066393
wild_hypophthalmichthys_nobilis__00028,wild_hypophthalmichthys_nobilis,Hypophthalmichthys nobilis,wild,0.0002000000000066393
wild_hypophthalmichthys_nobilis__00029,wild_hypophthalmichthys_nobilis,Hypophthalmichthys nobilis,wild,0.0002000000000066393
wild_hypophthalmichthys_nobilis__00030,wild_hypophthalmichthys_nobilis,Hypophthalmichthys nobilis,wild,0.0002000000000066393
wild_hypophthalmichthys_nobilis__00031,wild_hypophthalmichthys_nobilis,Hypophthalmichthys nobilis,wild,0.0002000000000066393
wild_hypophthalmichthys_nobilis__00032,wild_hypophthalmichthys_nobilis,Hypophthalmichthys nobilis,wild,0.0002870000000143591
wild_hypophthalmichthys_nobilis__00033,wild_hypophthalmichthys_nobilis,Hypophthalmichthys nobilis,wild,0.0001699999999971169
wild_hypophthalmichthys_nobilis__00034,wild_hypophthalmichthys_nobilis,Hypophthalmichthys nobilis,wild,0.0002000000000066393
wild_hypophthalmichthys_nobilis__00035,wild_hypophthalmichthys_nobilis,Hypophthalmichthys nobilis,wild,0.00026500000001306034
wild_hypophthalmichthys_nobilis__00036,wild_hypophthalmichthys_nobilis,Hypophthalmichthys nobilis,wild,0.0002000000000066393
wild_hypophthalmichthys_nobilis__00037,wild_hypophthalmichthys_nobilis,Hypophthalmichthys nobilis,wild,0.0002000000000066393
wild_hypophthalmichthys_nobilis__00038,wild_hypophthalmichthys_nobilis,Hypophthalmichthys nobilis,wild,0.0002000000000066393
wild_hypophthalmichthys_nobilis__00039,wild_hypophthalmichthys_nobilis,Hypophthalmichthys nobilis,wild,0.0002000000000066393
wild_hypophthalmichthys_nobilis__00040,wild_hypophthalmichthys_nobilis,Hypophthalmichthys nobilis,wild,0.0001600000000010482
wild_hypophthalmichthys_nobilis__00041,wild_hypophthalmichthys_nobilis,Hypophthalmichthys nobilis,wild,0.0002000000000066393
wild_hypophthalmichthys_nobilis__00042,wild_hypophthalmichthys_nobilis,Hypophthalmichthys nobilis,wild,0.0002000000000066393
wild_hypophthalmichthys_nobilis__00043,wild_hypophthalmichthys_nobilis,Hypophthalmichthys nobilis,wild,0.0002000000000066393
wild_hypophthalmichthys_nobilis__00044,wild_hypophthalmichthys_nobilis,Hypophthalmichthys nobilis,wild,0.0002000000000066393
wild_hypophthalmichthys_nobilis__00045,wild_hypophthalmichthys_nobilis,Hypophthalmichthys nobilis,wild,0.0002000000000066393
wild_hypophthalmichthys_nobilis__00046,wild_hypophthalmichthys_nobilis,Hypophthalmichthys nobilis,wild,0.0002000000000066393
wild_hypophthalmichthys_nobilis__00047,wild_hypophthalmichthys_nobilis,Hypophthalmichthys nobilis,wild,0.00021700000002056186
wild_hypophthalmichthys_nobilis__00048,wild_hypophthalmichthys_nobilis,Hypophthalmichthys nobilis,wild,0.0002000000000066393
wild_hypophthalmichthys_nobilis__00049,wild_hypophthalmichthys_nobilis,Hypophthalmichthys nobilis,wild,0.0002000000000066393
wild_hypophthalmichthys_nobilis__00050,wild_hypophthalmichthys_nobilis,Hypophthalmichthys nobilis,wild,0.0002000000000066393
wild_hypophthalmichthys_nobilis__00051,wild_hypophthalmichthys_nobilis,Hypophthalmichthys nobilis,wild,0.0002000000000066393
wild_hypophthalmichthys_nobilis__00052,wild_hypophthalmichthys_nobilis,Hypophthalmichthys nobilis,wild,0.0002000000000066393
wild_hypophthalmichthys_nobilis__00053,wild_hypophthalmichthys_nobilis,Hypophthalmichthys nobilis,wild,0.0002000000000066393
wild_hypophthalmichthys_nobilis__00054,wild_hypophthalmichthys_nobilis,Hypophthalmichthys nobilis,wild,0.0002000000000066393
wild_hypophthalmichthys_nobilis__00055,wild_hypophthalmichthys_nobilis,Hypophthalmichthys nobilis,wild,0.0002000000000066393
wild_hypophthalmichthys_nobilis__00056,wild_hypophthalmichthys_nobilis,Hypophthalmichthys nobilis,wild,0.0002000000000066393
wild_hypophthalmichthys_nobilis__00057,wild_hypophthalmichthys_nobilis,Hypophthalmichthys nobilis,wild,0.0002000000000066393
wild_hypophthalmichthys_nobilis__00058,wild_hypophthalmichthys_nobilis,Hypophthalmichthys nobilis,wild,0.0002000000000066393
wild_hypophthalmichthys_nobilis__00059,wild_hypophthalmichthys_nobilis,Hypophthalmichthys nobilis,wild,0.0002000000000066393
wild_hypophthalmichthys_nobilis__00060,wild_hypophthalmichthys_nobilis,Hypophthalmichthys nobilis,wild,0.0002000000000066393
wild_hypophthalmichthys_nobilis__00061,wild_hypophthalmichthys_nobilis,Hypophthalmichthys nobilis,wild,0.0002000000000066393
wild_hypophthalmichthys_nobilis__00062,wild_hypophthalmichthys_nobilis,Hypophthalmichthys nobilis,wild,0.0002000000000066393
wild_hypophthalmichthys_nobilis__00063,wild_hypophthalmichthys_nobilis,Hypophthalmichthys nobilis,wild,0.0002000000000066393
wild_hypophthalmichthys_nobilis__00064,wild_hypophthalmichthys_nobilis,Hypophthalmichthys nobilis,wild,0.0002000000000066393
wild_hypophthalmichthys_nobilis__00065,wild_hypophthalmichthys_nobilis,Hypophthalmichthys nobilis,wild,0.0002000000000066393
wild_hypophthalmichthys_nobilis__00066,wild_hypophthalmichthys_nobilis,Hypophthalmichthys nobilis,wild,0.0002000000000066393
wild_hypophthalmichthys_nobilis__00067,wild_hypophthalmichthys_nobilis,Hypophthalmichthys nobilis,wild,0.0002000000000066393
wild_hypophthalmichthys_nobilis__00068,wild_hypophthalmichthys_nobilis,Hypophthalmichthys nobilis,wild,0.0002000000000066393
wild_hypophthalmichthys_nobilis__00069,wild_hypophthalmichthys_nobilis,Hypophthalmichthys nobilis,wild,0.0002000000000066393
wild_hypophthalmichthys_nobilis__00070,wild_hypophthalmichthys_nobilis,Hypophthalmichthys nobilis,wild,0.0002000000000066393
wild_hypophthalmichthys_nobilis__00071,wild_hypophthalmichthys_nobilis,Hypophthalmichthys nobilis,wild,0.0002000000000066393
wild_hypophthalmichthys_nobilis__00072,wild_hypophthalmichthys_nobilis,Hypophthalmichthys nobilis,wild,0.0002000000000066393
wild_hypophthalmichthys_nobilis__00073,wild_hypophthalmichthys_nobilis,Hypophthalmichthys nobilis,wild,0.0002000000000066393
wild_hypophthalmichthys_nobilis__00074,wild_hypophthalmichthys_nobilis,Hypophthalmichthys nobilis,wild,0.0002920000000017353
farmed_mylopharyngodon_piceus__00001,farmed_mylopharyngodon_piceus,Mylopharyngodon piceus,farmed,0.0002000000000066393
farmed_mylopharyngodon_piceus__00002,farmed_mylopharyngodon_piceus,Mylopharyngodon piceus,farmed,0.0002000000000066393
farmed_mylopharyngodon_piceus__00003,farmed_mylopharyngodon_piceus,Mylopharyngodon piceus,farmed,0.0002000000000066393
farmed_mylopharyngodon_piceus__00004,farmed_mylopharyngodon_piceus,Mylopharyngodon piceus,farmed,0.0002000000000066393
farmed_mylopharyngodon_piceus__00005,farmed_mylopharyngodon_piceus,Mylopharyngodon piceus,farmed,0.0002000000000066393
farmed_mylopharyngodon_piceus__00006,farmed_mylopharyngodon_piceus,Mylopharyngodon piceus,farmed,0.0002000000000066393
farmed_mylopharyngodon_piceus__00007,farmed_mylopharyngodon_piceus,Mylopharyngodon piceus,farmed,0.0002000000000066393
farmed_mylopharyngodon_piceus__00008,farmed_mylopharyngodon_piceus,Mylopharyngodon piceus,farmed,0.0002000000000066393
farmed_mylopharyngodon_piceus__00009,farmed_mylopharyngodon_piceus,Mylopharyngodon piceus,farmed,0.0002000000000066393
farmed_mylopharyngodon_piceus__00010,farmed_mylopharyngodon_piceus,Mylopharyngodon piceus,farmed,0.0002000000000066393
farmed_mylopharyngodon_piceus__00011,farmed_mylopharyngodon_piceus,Mylopharyngodon piceus,farmed,0.0002000000000066393
farmed_mylopharyngodon_piceus__00012,farmed_mylopharyngodon_piceus,Mylopharyngodon piceus,farmed,0.0002000000000066393
farmed_mylopharyngodon_piceus__00013,farmed_mylopharyngodon_piceus,Mylopharyngodon piceus,farmed,0.0002000000000066393
farmed_mylopharyngodon_piceus__00014,farmed_mylopharyngodon_piceus,Mylopharyngodon piceus,farmed,0.0002000000000066393
farmed_mylopharyngodon_piceus__00015,farmed_mylopharyngodon_piceus,Mylopharyngodon piceus,farmed,0.0002000000000066393
farmed_mylopharyngodon_piceus__00016,farmed_mylopharyngodon_piceus,Mylopharyngodon piceus,farmed,0.0002000000000066393
farmed_mylopharyngodon_piceus__00017,farmed_mylopharyngodon_piceus,Mylopharyngodon piceus,farmed,0.0002000000000066393
farmed_mylopharyngodon_piceus__00018,farmed_mylopharyngodon_piceus,Mylopharyngodon piceus,farmed,0.0002000000000066393
farmed_mylopharyngodon_piceus__00019,farmed_mylopharyngodon_piceus,Mylopharyngodon piceus,farmed,0.0002000000000066393
farmed_mylopharyngodon_piceus__00020,farmed_mylopharyngodon_piceus,Mylopharyngodon piceus,farmed,0.0002000000000066393
farmed_mylopharyngodon_piceus__00021,farmed_mylopharyngodon_piceus,Mylopharyngodon piceus,farmed,0.0002000000000066393
farmed_mylopharyngodon_piceus__00022,farmed_mylopharyngodon_piceus,Mylopharyngodon piceus,farmed,0.0002000000000066393
farmed_mylopharyngodon_piceus__00023,farmed_mylopharyngodon_piceus,Mylopharyngodon piceus,farmed,0.0002000000000066393
farmed_mylopharyngodon_piceus__00024,farmed_mylopharyngodon_piceus,Mylopharyngodon piceus,farmed,0.0002000000000066393
farmed_mylopharyngodon_piceus__00025,farmed_mylopharyngodon_piceus,Mylopharyngodon piceus,farmed,0.0002000000000066393
farmed_mylopharyngodon_piceus__00026,farmed_mylopharyngodon_piceus,Mylopharyngodon piceus,farmed,0.0002000000000066393
farmed_mylopharyngodon_piceus__00027,farmed_mylopharyngodon_piceus,Mylopharyngodon piceus,farmed,0.0002000000000066393
farmed_mylopharyngodon_piceus__00028,farmed_mylopharyngodon_piceus,Mylopharyngodon piceus,farmed,0.0002000000000066393
farmed_mylopharyngodon_piceus__00029,farmed_mylopharyngodon_piceus,Mylopharyngodon piceus,farmed,0.0002000000000066393
farmed_mylopharyngodon_piceus__00030,farmed_mylopharyngodon_piceus,Mylopharyngodon piceus,farmed,0.0002000000000066393
farmed_mylopharyngodon_piceus__00031,farmed_mylopharyngodon_piceus,Mylopharyngodon piceus,farmed,0.0002000000000066393
farmed_mylopharyngodon_piceus__00032,farmed_mylopharyngodon_piceus,Mylopharyngodon piceus,farmed,0.0002000000000066393
farmed_mylopharyngodon_piceus__00033,farmed_mylopharyngodon_piceus,Mylopharyngodon piceus,farmed,0.0002000000000066393
farmed_mylopharyngodon_piceus__00034,farmed_mylopharyngodon_piceus,Mylopharyngodon piceus,farmed,0.0002000000000066393
farmed_mylopharyngodon_piceus__00035,farmed_mylopharyngodon_piceus,Mylopharyngodon piceus,farmed,0.0002000000000066393
farmed_mylopharyngodon_piceus__00036,farmed_mylopharyngodon_piceus,Mylopharyngodon piceus,farmed,0.0002000000000066393
farmed_mylopharyngodon_piceus__00037,farmed_mylopharyngodon_piceus,Mylopharyngodon piceus,farmed,0.0002000000000066393
farmed_mylopharyngodon_piceus__00038,farmed_mylopharyngodon_piceus,Mylopharyngodon piceus,farmed,0.0002000000000066393
farmed_mylopharyngodon_piceus__00039,farmed_mylopharyngodon_piceus,Mylopharyngodon piceus,farmed,0.0002000000000066393
farmed_mylopharyngodon_piceus__00040,farmed_mylopharyngodon_piceus,Mylopharyngodon piceus,farmed,0.0002000000000066393
farmed_mylopharyngodon_piceus__00041,farmed_mylopharyngodon_piceus,Mylopharyngodon piceus,farmed,0.0002000000000066393
farmed_mylopharyngodon_piceus__00042,farmed_mylopharyngodon_piceus,Mylopharyngodon piceus,farmed,0.0002000000000066393
farmed_mylopharyngodon_piceus__00043,farmed_mylopharyngodon_piceus,Mylopharyngodon piceus,farmed,0.0002000000000066393
farmed_mylopharyngodon_piceus__00044,farmed_mylopharyngodon_piceus,Mylopharyngodon piceus,farmed,0.00015000000001919034
farmed_mylopharyngodon_piceus__00045,farmed_mylopharyngodon_piceus,Mylopharyngodon piceus,farmed,0.0002000000000066393
farmed_mylopharyngodon_piceus__00046,farmed_mylopharyngodon_piceus,Mylopharyngodon piceus,farmed,0.0002000000000066393
farmed_mylopharyngodon_piceus__00047,farmed_mylopharyngodon_piceus,Mylopharyngodon piceus,farmed,0.0002000000000066393
farmed_mylopharyngodon_piceus__00048,farmed_mylopharyngodon_piceus,Mylopharyngodon piceus,farmed,0.0002000000000066393
farmed_mylopharyngodon_piceus__00049,farmed_mylopharyngodon_piceus,Mylopharyngodon piceus,farmed,0.0002000000000066393
farmed_mylopharyngodon_piceus__00050,farmed_mylopharyngodon_piceus,Mylopharyngodon piceus,farmed,0.00020000000003506102
farmed_mylopharyngodon_piceus__00051,farmed_mylopharyngodon_piceus,Mylopharyngodon piceus,farmed,0.0002000000000066393
farmed_mylopharyngodon_piceus__00052,farmed_mylopharyngodon_piceus,Mylopharyngodon piceus,farmed,0.0001999999999782176
farmed_mylopharyngodon_piceus__00053,farmed_mylopharyngodon_piceus,Mylopharyngodon piceus,farmed,0.0002000000000066393
farmed_mylopharyngodon_piceus__00054,farmed_mylopharyngodon_piceus,Mylopharyngodon piceus,farmed,0.0002000000000066393
farmed_mylopharyngodon_piceus__00055,farmed_mylopharyngodon_piceus,Mylopharyngodon piceus,farmed,0.0002000000000066393
farmed_mylopharyngodon_piceus__00056,farmed_mylopharyngodon_piceus,Mylopharyngodon piceus,farmed,0.00015000000001919034
farmed_mylopharyngodon_piceus__00057,farmed_mylopharyngodon_piceus,Mylopharyngodon piceus,farmed,0.0002000000000066393
farmed_mylopharyngodon_piceus__00058,farmed_mylopharyngodon_piceus,Mylopharyngodon piceus,farmed,0.0002000000000066393
farmed_mylopharyngodon_piceus__00059,farmed_mylopharyngodon_piceus,Mylopharyngodon piceus,farmed,0.0002000000000066393
farmed_mylopharyngodon_piceus__00060,farmed_mylopharyngodon_piceus,Mylopharyngodon piceus,farmed,0.0002000000000066393
farmed_mylopharyngodon_piceus__00061,farmed_mylopharyngodon_piceus,Mylopharyngodon piceus,farmed,0.0002000000000066393
farmed_mylopharyngodon_piceus__00062,farmed_mylopharyngodon_piceus,Mylopharyngodon piceus,farmed,0.0002000000000066393
farmed_mylopharyngodon_piceus__00063,farmed_mylopharyngodon_piceus,Mylopharyngodon piceus,farmed,0.0002000000000066393
farmed_mylopharyngodon_piceus__00064,farmed_mylopharyngodon_piceus,Mylopharyngodon piceus,farmed,0.0002000000000066393
farmed_mylopharyngodon_piceus__00065,farmed_mylopharyngodon_piceus,Mylopharyngodon piceus,farmed,0.0001999999999782176
farmed_mylopharyngodon_piceus__00066,farmed_mylopharyngodon_piceus,Mylopharyngodon piceus,farmed,0.00019999999999242846
farmed_mylopharyngodon_piceus__00067,farmed_mylopharyngodon_piceus,Mylopharyngodon piceus,farmed,0.0002000000000066393
farmed_mylopharyngodon_piceus__00068,farmed_mylopharyngodon_piceus,Mylopharyngodon piceus,farmed,0.0002000000000066393
farmed_mylopharyngodon_piceus__00069,farmed_mylopharyngodon_piceus,Mylopharyngodon piceus,farmed,0.0002000000000066393
farmed_mylopharyngodon_piceus__00070,farmed_mylopharyngodon_piceus,Mylopharyngodon piceus,farmed,0.0002000000000066393
farmed_mylopharyngodon_piceus__00071,farmed_mylopharyngodon_piceus,Mylopharyngodon piceus,farmed,0.0002000000000066393
farmed_mylopharyngodon_piceus__00072,farmed_mylopharyngodon_piceus,Mylopharyngodon piceus,farmed,0.00020000000003506102
farmed_mylopharyngodon_piceus__00073,farmed_mylopharyngodon_piceus,Mylopharyngodon piceus,farmed,0.00020000000003506102
farmed_mylopharyngodon_piceus__00074,farmed_mylopharyngodon_piceus,Mylopharyngodon piceus,farmed,0.0002000000000066393
farmed_mylopharyngodon_piceus__00075,farmed_mylopharyngodon_piceus,Mylopharyngodon piceus,farmed,0.0002000000000066393
farmed_mylopharyngodon_piceus__00076,farmed_mylopharyngodon_piceus,Mylopharyngodon piceus,farmed,0.0002000000000066393
farmed_mylopharyngodon_piceus__00077,farmed_mylopharyngodon_piceus,Mylopharyngodon piceus,farmed,0.00020000000003506102
farmed_mylopharyngodon_piceus__00078,farmed_mylopharyngodon_piceus,Mylopharyngodon piceus,farmed,0.0002000000000066393
farmed_mylopharyngodon_piceus__00079,farmed_mylopharyngodon_piceus,Mylopharyngodon piceus,farmed,0.0002000000000066393
farmed_mylopharyngodon_piceus__00080,farmed_mylopharyngodon_piceus,Mylopharyngodon piceus,farmed,0.0002000000000066393
farmed_mylopharyngodon_piceus__00081,farmed_mylopharyngodon_piceus,Mylopharyngodon piceus,farmed,0.00020000000003506102
farmed_mylopharyngodon_piceus__00082,farmed_mylopharyngodon_piceus,Mylopharyngodon piceus,farmed,0.0002000000000066393
farmed_mylopharyngodon_piceus__00083,farmed_mylopharyngodon_piceus,Mylopharyngodon piceus,farmed,0.0002000000000066393
farmed_mylopharyngodon_piceus__00084,farmed_mylopharyngodon_piceus,Mylopharyngodon piceus,farmed,0.0002000000000066393
farmed_mylopharyngodon_piceus__00085,farmed_mylopharyngodon_piceus,Mylopharyngodon piceus,farmed,0.00020000000003506102
farmed_mylopharyngodon_piceus__00086,farmed_mylopharyngodon_piceus,Mylopharyngodon piceus,farmed,0.00020000000003506102
farmed_mylopharyngodon_piceus__00087,farmed_mylopharyngodon_piceus,Mylopharyngodon piceus,farmed,0.00020000000003506102
farmed_mylopharyngodon_piceus__00088,farmed_mylopharyngodon_piceus,Mylopharyngodon piceus,farmed,0.0002000000000066393
farmed_mylopharyngodon_piceus__00089,farmed_mylopharyngodon_piceus,Mylopharyngodon piceus,farmed,0.0002000000000066393
farmed_mylopharyngodon_piceus__00090,farmed_mylopharyngodon_piceus,Mylopharyngodon piceus,farmed,0.0001999999999782176
farmed_mylopharyngodon_piceus__00091,farmed_mylopharyngodon_piceus,Mylopharyngodon piceus,farmed,0.0002000000000066393
farmed_mylopharyngodon_piceus__00092,farmed_mylopharyngodon_piceus,Mylopharyngodon piceus,farmed,0.0002000000000066393
farmed_mylopharyngodon_piceus__00093,farmed_mylopharyngodon_piceus,Mylopharyngodon piceus,farmed,0.0002000000000066393
farmed_mylopharyngodon_piceus__00094,farmed_mylopharyngodon_piceus,Mylopharyngodon piceus,farmed,0.0002000000000066393
farmed_mylopharyngodon_piceus__00095,farmed_mylopharyngodon_piceus,Mylopharyngodon piceus,farmed,0.0002000000000066393
farmed_mylopharyngodon_piceus__00096,farmed_mylopharyngodon_piceus,Mylopharyngodon piceus,farmed,0.0002000000000066393
farmed_mylopharyngodon_piceus__00097,farmed_mylopharyngodon_piceus,Mylopharyngodon piceus,farmed,0.0002000000000066393
farmed_mylopharyngodon_piceus__00098,farmed_mylopharyngodon_piceus,Mylopharyngodon piceus,farmed,0.0002000000000066393
farmed_mylopharyngodon_piceus__00099,farmed_mylopharyngodon_piceus,Mylopharyngodon piceus,farmed,0.0002000000000066393
farmed_mylopharyngodon_piceus__00100,farmed_mylopharyngodon_piceus,Mylopharyngodon piceus,farmed,0.0002000000000066393
farmed_mylopharyngodon_piceus__00101,farmed_mylopharyngodon_piceus,Mylopharyngodon piceus,farmed,0.0002000000000066393
farmed_mylopharyngodon_piceus__00102,farmed_mylopharyngodon_piceus,Mylopharyngodon piceus,farmed,0.0002000000000066393
farmed_mylopharyngodon_piceus__00103,farmed_mylopharyngodon_piceus,Mylopharyngodon piceus,farmed,0.0002000000000066393
farmed_mylopharyngodon_piceus__00104,farmed_mylopharyngodon_piceus,Mylopharyngodon piceus,farmed,0.0002000000000066393
farmed_mylopharyngodon_piceus__00105,farmed_mylopharyngodon_piceus,Mylopharyngodon piceus,farmed,0.0002000000000066393
farmed_mylopharyngodon_piceus__00106,farmed_mylopharyngodon_piceus,Mylopharyngodon piceus,farmed,0.0002000000000066393
farmed_mylopharyngodon_piceus__00107,farmed_mylopharyngodon_piceus,Mylopharyngodon piceus,farmed,0.0002000000000066393
farmed_mylopharyngodon_piceus__00108,farmed_mylopharyngodon_piceus,Mylopharyngodon piceus,farmed,0.0002000000000066393
farmed_mylopharyngodon_piceus__00109,farmed_mylopharyngodon_piceus,Mylopharyngodon piceus,farmed,0.0002000000000066393
farmed_mylopharyngodon_piceus__00110,farmed_mylopharyngodon_piceus,Mylopharyngodon piceus,farmed,0.00014999999999076863
farmed_mylopharyngodon_piceus__00111,farmed_mylopharyngodon_piceus,Mylopharyngodon piceus,farmed,0.00020000000003506102
farmed_mylopharyngodon_piceus__00112,farmed_mylopharyngodon_piceus,Mylopharyngodon piceus,farmed,0.0002000000000066393
farmed_mylopharyngodon_piceus__00113,farmed_mylopharyngodon_piceus,Mylopharyngodon piceus,farmed,0.0002000000000066393
farmed_mylopharyngodon_piceus__00114,farmed_mylopharyngodon_piceus,Mylopharyngodon piceus,farmed,0.0002000000000066393
farmed_mylopharyngodon_piceus__00115,farmed_mylopharyngodon_piceus,Mylopharyngodon piceus,farmed,0.0002000000000066393
farmed_mylopharyngodon_piceus__00116,farmed_mylopharyngodon_piceus,Mylopharyngodon piceus,farmed,0.0002000000000066393
farmed_mylopharyngodon_piceus__00117,farmed_mylopharyngodon_piceus,Mylopharyngodon piceus,farmed,0.0002000000000066393
farmed_mylopharyngodon_piceus__00118,farmed_mylopharyngodon_piceus,Mylopharyngodon piceus,farmed,0.0002000000000066393
farmed_mylopharyngodon_piceus__00119,farmed_mylopharyngodon_piceus,Mylopharyngodon piceus,farmed,0.0002000000000066393
farmed_mylopharyngodon_piceus__00120,farmed_mylopharyngodon_piceus,Mylopharyngodon piceus,farmed,0.0002000000000066393
farmed_mylopharyngodon_piceus__00121,farmed_mylopharyngodon_piceus,Mylopharyngodon piceus,farmed,0.0002000000000066393
farmed_mylopharyngodon_piceus__00122,farmed_mylopharyngodon_piceus,Mylopharyngodon piceus,farmed,0.0002000000000066393
farmed_mylopharyngodon_piceus__00123,farmed_mylopharyngodon_piceus,Mylopharyngodon piceus,farmed,0.0002000000000066393
farmed_mylopharyngodon_piceus__00124,farmed_mylopharyngodon_piceus,Mylopharyngodon piceus,farmed,0.0002000000000066393
farmed_mylopharyngodon_piceus__00125,farmed_mylopharyngodon_piceus,Mylopharyngodon piceus,farmed,0.0002000000000066393
farmed_mylopharyngodon_piceus__00126,farmed_mylopharyngodon_piceus,Mylopharyngodon piceus,farmed,0.0002000000000066393
farmed_mylopharyngodon_piceus__00127,farmed_mylopharyngodon_piceus,Mylopharyngodon piceus,farmed,0.0002000000000066393
farmed_mylopharyngodon_piceus__00128,farmed_mylopharyngodon_piceus,Mylopharyngodon piceus,farmed,0.0002000000000066393
farmed_mylopharyngodon_piceus__00129,farmed_mylopharyngodon_piceus,Mylopharyngodon piceus,farmed,0.0002000000000066393
farmed_mylopharyngodon_piceus__00130,farmed_mylopharyngodon_piceus,Mylopharyngodon piceus,farmed,0.0002000000000066393
farmed_mylopharyngodon_piceus__00131,farmed_mylopharyngodon_piceus,Mylopharyngodon piceus,farmed,0.0002520000000174605
farmed_mylopharyngodon_piceus__00132,farmed_mylopharyngodon_piceus,Mylopharyngodon piceus,farmed,0.0002000000000066393
farmed_hypophthalmichthys_molitrix__00001,farmed_hypophthalmichthys_molitrix,Hypophthalmichthys molitrix,farmed,0.0002000000000066393
farmed_hypophthalmichthys_molitrix__00002,farmed_hypophthalmichthys_molitrix,Hypophthalmichthys molitrix,farmed,0.0002000000000066393
farmed_hypophthalmichthys_molitrix__00003,farmed_hypophthalmichthys_molitrix,Hypophthalmichthys molitrix,farmed,0.0002000000000066393
farmed_hypophthalmichthys_molitrix__00004,farmed_hypophthalmichthys_molitrix,Hypophthalmichthys molitrix,farmed,0.0002000000000066393
farmed_hypophthalmichthys_molitrix__00005,farmed_hypophthalmichthys_molitrix,Hypophthalmichthys molitrix,farmed,0.0002000000000066393
farmed_hypophthalmichthys_molitrix__00006,farmed_hypophthalmichthys_molitrix,Hypophthalmichthys molitrix,farmed,0.0002000000000066393
farmed_hypophthalmichthys_molitrix__00007,farmed_hypophthalmichthys_molitrix,Hypophthalmichthys molitrix,farmed,0.0002000000000066393
farmed_hypophthalmichthys_molitrix__00008,farmed_hypophthalmichthys_molitrix,Hypophthalmichthys molitrix,farmed,0.0002000000000066393
farmed_hypophthalmichthys_molitrix__00009,farmed_hypophthalmichthys_molitrix,Hypophthalmichthys molitrix,farmed,0.0002000000000066393
farmed_hypophthalmichthys_molitrix__00010,farmed_hypophthalmichthys_molitrix,Hypophthalmichthys molitrix,farmed,0.0002000000000066393
farmed_hypophthalmichthys_molitrix__00011,farmed_hypophthalmichthys_molitrix,Hypophthalmichthys molitrix,farmed,0.0002000000000066393
farmed_hypophthalmichthys_molitrix__00012,farmed_hypophthalmichthys_molitrix,Hypophthalmichthys molitrix,farmed,0.00019999999999242846
farmed_hypophthalmichthys_molitrix__00013,farmed_hypophthalmichthys_molitrix,Hypophthalmichthys molitrix,farmed,0.0002000000000066393
farmed_hypophthalmichthys_molitrix__00014,farmed_hypophthalmichthys_molitrix,Hypophthalmichthys molitrix,farmed,0.0002000000000066393
farmed_hypophthalmichthys_molitrix__00015,farmed_hypophthalmichthys_molitrix,Hypophthalmichthys molitrix,farmed,0.0002000000000066393
farmed_hypophthalmichthys_molitrix__00016,farmed_hypophthalmichthys_molitrix,Hypophthalmichthys molitrix,farmed,0.0002000000000066393
farmed_hypophthalmichthys_molitrix__00017,farmed_hypophthalmichthys_molitrix,Hypophthalmichthys molitrix,farmed,0.0002000000000066393
farmed_hypophthalmichthys_molitrix__00018,farmed_hypophthalmichthys_molitrix,Hypophthalmichthys molitrix,farmed,0.0002000000000066393
farmed_hypophthalmichthys_molitrix__00019,farmed_hypophthalmichthys_molitrix,Hypophthalmichthys molitrix,farmed,0.0002000000000066393
farmed_hypophthalmichthys_molitrix__00020,farmed_hypophthalmichthys_molitrix,Hypophthalmichthys molitrix,farmed,0.0002000000000066393
farmed_hypophthalmichthys_molitrix__00021,farmed_hypophthalmichthys_molitrix,Hypophthalmichthys molitrix,farmed,0.0002000000000066393
farmed_hypophthalmichthys_molitrix__00022,farmed_hypophthalmichthys_molitrix,Hypophthalmichthys molitrix,farmed,0.0002000000000066393
farmed_hypophthalmichthys_molitrix__00023,farmed_hypophthalmichthys_molitrix,Hypophthalmichthys molitrix,farmed,0.0002000000000066393
farmed_hypophthalmichthys_molitrix__00024,farmed_hypophthalmichthys_molitrix,Hypophthalmichthys molitrix,farmed,0.0002000000000066393
farmed_hypophthalmichthys_molitrix__00025,farmed_hypophthalmichthys_molitrix,Hypophthalmichthys molitrix,farmed,0.0001999999999782176
farmed_hypophthalmichthys_molitrix__00026,farmed_hypophthalmichthys_molitrix,Hypophthalmichthys molitrix,farmed,0.0002000000000066393
farmed_hypophthalmichthys_molitrix__00027,farmed_hypophthalmichthys_molitrix,Hypophthalmichthys molitrix,farmed,0.0002000000000066393
farmed_hypophthalmichthys_molitrix__00028,farmed_hypophthalmichthys_molitrix,Hypophthalmichthys molitrix,farmed,0.0002000000000066393
farmed_hypophthalmichthys_molitrix__00029,farmed_hypophthalmichthys_molitrix,Hypophthalmichthys molitrix,farmed,0.0002000000000066393
farmed_hypophthalmichthys_molitrix__00030,farmed_hypophthalmichthys_molitrix,Hypophthalmichthys molitrix,farmed,0.0002000000000066393
farmed_hypophthalmichthys_molitrix__00031,farmed_hypophthalmichthys_molitrix,Hypophthalmichthys molitrix,farmed,0.0002000000000066393
farmed_hypophthalmichthys_molitrix__00032,farmed_hypophthalmichthys_molitrix,Hypophthalmichthys molitrix,farmed,0.0002000000000066393
farmed_hypophthalmichthys_molitrix__00033,farmed_hypophthalmichthys_molitrix,Hypophthalmichthys molitrix,farmed,0.0002000000000066393
farmed_hypophthalmichthys_molitrix__00034,farmed_hypophthalmichthys_molitrix,Hypophthalmichthys molitrix,farmed,0.0001999999999782176
farmed_hypophthalmichthys_molitrix__00035,farmed_hypophthalmichthys_molitrix,Hypophthalmichthys molitrix,farmed,0.0002000000000066393
farmed_hypophthalmichthys_molitrix__00036,farmed_hypophthalmichthys_molitrix,Hypophthalmichthys molitrix,farmed,0.0002000000000066393
farmed_hypophthalmichthys_molitrix__00037,farmed_hypophthalmichthys_molitrix,Hypophthalmichthys molitrix,farmed,0.00015000000001919034
farmed_hypophthalmichthys_molitrix__00038,farmed_hypophthalmichthys_molitrix,Hypophthalmichthys molitrix,farmed,0.0002000000000066393
farmed_hypophthalmichthys_molitrix__00039,farmed_hypophthalmichthys_molitrix,Hypophthalmichthys molitrix,farmed,0.0001999999999497959
farmed_hypophthalmichthys_molitrix__00040,farmed_hypophthalmichthys_molitrix,Hypophthalmichthys molitrix,farmed,0.0002000000000066393
farmed_hypophthalmichthys_molitrix__00041,farmed_hypophthalmichthys_molitrix,Hypophthalmichthys molitrix,farmed,0.0002000000000066393
farmed_hypophthalmichthys_molitrix__00042,farmed_hypophthalmichthys_molitrix,Hypophthalmichthys molitrix,farmed,0.0002000000000066393
farmed_hypophthalmichthys_molitrix__00043,farmed_hypophthalmichthys_molitrix,Hypophthalmichthys molitrix,farmed,0.0002000000000066393
farmed_hypophthalmichthys_molitrix__00044,farmed_hypophthalmichthys_molitrix,Hypophthalmichthys molitrix,farmed,0.00020000000003506102
farmed_hypophthalmichthys_molitrix__00045,farmed_hypophthalmichthys_molitrix,Hypophthalmichthys molitrix,farmed,0.0002000000000066393
farmed_hypophthalmichthys_molitrix__00046,farmed_hypophthalmichthys_molitrix,Hypophthalmichthys molitrix,farmed,0.00020000000003506102
farmed_hypophthalmichthys_molitrix__00047,farmed_hypophthalmichthys_molitrix,Hypophthalmichthys molitrix,farmed,0.0002000000000066393
farmed_hypophthalmichthys_molitrix__00048,farmed_hypophthalmichthys_molitrix,Hypophthalmichthys molitrix,farmed,0.00020000000003506102
farmed_hypophthalmichthys_molitrix__00049,farmed_hypophthalmichthys_molitrix,Hypophthalmichthys molitrix,farmed,0.0002000000000066393
farmed_hypophthalmichthys_molitrix__00050,farmed_hypophthalmichthys_molitrix,Hypophthalmichthys molitrix,farmed,0.0002000000000066393
farmed_hypophthalmichthys_molitrix__00051,farmed_hypophthalmichthys_molitrix,Hypophthalmichthys molitrix,farmed,0.0002000000000066393
farmed_hypophthalmichthys_molitrix__00052,farmed_hypophthalmichthys_molitrix,Hypophthalmichthys molitrix,farmed,0.0002000000000066393
farmed_hypophthalmichthys_molitrix__00053,farmed_hypophthalmichthys_molitrix,Hypophthalmichthys molitrix,farmed,0.0002000000000066393
farmed_hypophthalmichthys_molitrix__00054,farmed_hypophthalmichthys_molitrix,Hypophthalmichthys molitrix,farmed,0.0002000000000066393
farmed_hypophthalmichthys_molitrix__00055,farmed_hypophthalmichthys_molitrix,Hypophthalmichthys molitrix,farmed,0.0002000000000066393
farmed_hypophthalmichthys_molitrix__00056,farmed_hypophthalmichthys_molitrix,Hypophthalmichthys molitrix,farmed,0.0002000000000066393
farmed_hypophthalmichthys_molitrix__00057,farmed_hypophthalmichthys_molitrix,Hypophthalmichthys molitrix,farmed,0.0002000000000066393
farmed_hypophthalmichthys_molitrix__00058,farmed_hypophthalmichthys_molitrix,Hypophthalmichthys molitrix,farmed,0.00019999999999242846
farmed_hypophthalmichthys_molitrix__00059,farmed_hypophthalmichthys_molitrix,Hypophthalmichthys molitrix,farmed,0.00015000000001919034
farmed_hypophthalmichthys_molitrix__00060,farmed_hypophthalmichthys_molitrix,Hypophthalmichthys molitrix,farmed,0.0002000000000066393
farmed_hypophthalmichthys_molitrix__00061,farmed_hypophthalmichthys_molitrix,Hypophthalmichthys molitrix,farmed,0.00020000000003506102
farmed_hypophthalmichthys_molitrix__00062,farmed_hypophthalmichthys_molitrix,Hypophthalmichthys molitrix,farmed,0.0002000000000066393
farmed_hypophthalmichthys_molitrix__00063,farmed_hypophthalmichthys_molitrix,Hypophthalmichthys molitrix,farmed,0.0002000000000066393
farmed_hypophthalmichthys_molitrix__00064,farmed_hypophthalmichthys_molitrix,Hypophthalmichthys molitrix,farmed,0.0002000000000066393
farmed_hypophthalmichthys_molitrix__00065,farmed_hypophthalmichthys_molitrix,Hypophthalmichthys molitrix,farmed,0.0002000000000066393
farmed_hypophthalmichthys_molitrix__00066,farmed_hypophthalmichthys_molitrix,Hypophthalmichthys molitrix,farmed,0.0002000000000066393
farmed_hypophthalmichthys_molitrix__00067,farmed_hypophthalmichthys_molitrix,Hypophthalmichthys molitrix,farmed,0.0002000000000066393
farmed_hypophthalmichthys_molitrix__00068,farmed_hypophthalmichthys_molitrix,Hypophthalmichthys molitrix,farmed,0.0002000000000066393
farmed_hypophthalmichthys_molitrix__00069,farmed_hypophthalmichthys_molitrix,Hypophthalmichthys molitrix,farmed,0.0002000000000066393
farmed_hypophthalmichthys_molitrix__00070,farmed_hypophthalmichthys_molitrix,Hypophthalmichthys molitrix,farmed,0.0002000000000066393
farmed_hypophthalmichthys_molitrix__00071,farmed_hypophthalmichthys_molitrix,Hypophthalmichthys molitrix,farmed,0.0002000000000066393
farmed_hypophthalmichthys_molitrix__00072,farmed_hypophthalmichthys_molitrix,Hypophthalmichthys molitrix,farmed,0.0002000000000066393
farmed_hypophthalmichthys_molitrix__00073,farmed_hypophthalmichthys_molitrix,Hypophthalmichthys molitrix,farmed,0.0002000000000066393
farmed_hypophthalmichthys_molitrix__00074,farmed_hypophthalmichthys_molitrix,Hypophthalmichthys molitrix,farmed,0.0002000000000066393
farmed_hypophthalmichthys_molitrix__00075,farmed_hypophthalmichthys_molitrix,Hypophthalmichthys molitrix,farmed,0.0002000000000066393
farmed_hypophthalmichthys_molitrix__00076,farmed_hypophthalmichthys_molitrix,Hypophthalmichthys molitrix,farmed,0.0002000000000066393
farmed_hypophthalmichthys_molitrix__00077,farmed_hypophthalmichthys_molitrix,Hypophthalmichthys molitrix,farmed,0.0002000000000066393
farmed_hypophthalmichthys_molitrix__00078,farmed_hypophthalmichthys_molitrix,Hypophthalmichthys molitrix,farmed,0.0002000000000066393
farmed_hypophthalmichthys_molitrix__00079,farmed_hypophthalmichthys_molitrix,Hypophthalmichthys molitrix,farmed,0.0002000000000066393
farmed_hypophthalmichthys_molitrix__00080,farmed_hypophthalmichthys_molitrix,Hypophthalmichthys molitrix,farmed,0.0002000000000066393
farmed_hypophthalmichthys_molitrix__00081,farmed_hypophthalmichthys_molitrix,Hypophthalmichthys molitrix,farmed,0.0002000000000066393
farmed_hypophthalmichthys_molitrix__00082,farmed_hypophthalmichthys_molitrix,Hypophthalmichthys molitrix,farmed,0.0002000000000066393
farmed_hypophthalmichthys_molitrix__00083,farmed_hypophthalmichthys_molitrix,Hypophthalmichthys molitrix,farmed,0.0002000000000066393
farmed_hypophthalmichthys_molitrix__00084,farmed_hypophthalmichthys_molitrix,Hypophthalmichthys molitrix,farmed,0.0002000000000066393
farmed_hypophthalmichthys_molitrix__00085,farmed_hypophthalmichthys_molitrix,Hypophthalmichthys molitrix,farmed,0.0002000000000066393
farmed_hypophthalmichthys_molitrix__00086,farmed_hypophthalmichthys_molitrix,Hypophthalmichthys molitrix,farmed,0.0002000000000066393
farmed_hypophthalmichthys_molitrix__00087,farmed_hypophthalmichthys_molitrix,Hypophthalmichthys molitrix,farmed,0.0002000000000066393
farmed_hypophthalmichthys_molitrix__00088,farmed_hypophthalmichthys_molitrix,Hypophthalmichthys molitrix,farmed,0.0002000000000066393
farmed_hypophthalmichthys_molitrix__00089,farmed_hypophthalmichthys_molitrix,Hypophthalmichthys molitrix,farmed,0.0002000000000066393
farmed_hypophthalmichthys_molitrix__00090,farmed_hypophthalmichthys_molitrix,Hypophthalmichthys molitrix,farmed,0.0002000000000066393
farmed_hypophthalmichthys_molitrix__00091,farmed_hypophthalmichthys_molitrix,Hypophthalmichthys molitrix,farmed,0.0002000000000066393
farmed_hypophthalmichthys_molitrix__00092,farmed_hypophthalmichthys_molitrix,Hypophthalmichthys molitrix,farmed,0.0002000000000066393
farmed_hypophthalmichthys_molitrix__00093,farmed_hypophthalmichthys_molitrix,Hypophthalmichthys molitrix,farmed,0.00015000000001919034
farmed_hypophthalmichthys_molitrix__00094,farmed_hypophthalmichthys_molitrix,Hypophthalmichthys molitrix,farmed,0.0002000000000066393
farmed_hypophthalmichthys_molitrix__00095,farmed_hypophthalmichthys_molitrix,Hypophthalmichthys molitrix,farmed,0.0002000000000066393
farmed_hypophthalmichthys_molitrix__00096,farmed_hypophthalmichthys_molitrix,Hypophthalmichthys molitrix,farmed,0.0002000000000066393
farmed_hypophthalmichthys_molitrix__00097,farmed_hypophthalmichthys_molitrix,Hypophthalmichthys molitrix,farmed,0.0002000000000066393
farmed_hypophthalmichthys_molitrix__00098,farmed_hypophthalmichthys_molitrix,Hypophthalmichthys molitrix,farmed,0.0002000000000066393
farmed_hypophthalmichthys_molitrix__00099,farmed_hypophthalmichthys_molitrix,Hypophthalmichthys molitrix,farmed,0.0002000000000066393
farmed_hypophthalmichthys_molitrix__00100,farmed_hypophthalmichthys_molitrix,Hypophthalmichthys molitrix,farmed,0.0002000000000066393
farmed_hypophthalmichthys_molitrix__00101,farmed_hypophthalmichthys_molitrix,Hypophthalmichthys molitrix,farmed,0.0002000000000066393
farmed_hypophthalmichthys_molitrix__00102,farmed_hypophthalmichthys_molitrix,Hypophthalmichthys molitrix,farmed,0.0002000000000066393
farmed_hypophthalmichthys_molitrix__00103,farmed_hypophthalmichthys_molitrix,Hypophthalmichthys molitrix,farmed,0.0002000000000066393
farmed_carassius_auratus__00001,farmed_carassius_auratus,Carassius auratus,farmed,0.00023999999996249244
farmed_carassius_auratus__00002,farmed_carassius_auratus,Carassius auratus,farmed,0.00015999999999394277
farmed_carassius_auratus__00003,farmed_carassius_auratus,Carassius auratus,farmed,0.0002000000000066393
farmed_carassius_auratus__00004,farmed_carassius_auratus,Carassius auratus,farmed,0.0002000000000066393
farmed_carassius_auratus__00005,farmed_carassius_auratus,Carassius auratus,farmed,0.0002000000000066393
farmed_carassius_auratus__00006,farmed_carassius_auratus,Carassius auratus,farmed,0.0002000000000066393
farmed_carassius_auratus__00007,farmed_carassius_auratus,Carassius auratus,farmed,0.0002000000000066393
farmed_carassius_auratus__00008,farmed_carassius_auratus,Carassius auratus,farmed,0.0002000000000066393
farmed_carassius_auratus__00009,farmed_carassius_auratus,Carassius auratus,farmed,0.0002000000000066393
farmed_carassius_auratus__00010,farmed_carassius_auratus,Carassius auratus,farmed,0.0002000000000066393
farmed_carassius_auratus__00011,farmed_carassius_auratus,Carassius auratus,farmed,0.0002000000000066393
farmed_carassius_auratus__00012,farmed_carassius_auratus,Carassius auratus,farmed,0.0002000000000066393
farmed_carassius_auratus__00013,farmed_carassius_auratus,Carassius auratus,farmed,0.00016000000002236447
farmed_carassius_auratus__00014,farmed_carassius_auratus,Carassius auratus,farmed,0.0002000000000066393
farmed_carassius_auratus__00015,farmed_carassius_auratus,Carassius auratus,farmed,0.0002000000000066393
farmed_carassius_auratus__00016,farmed_carassius_auratus,Carassius auratus,farmed,0.0002000000000066393
farmed_carassius_auratus__00017,farmed_carassius_auratus,Carassius auratus,farmed,0.0002000000000066393
farmed_carassius_auratus__00018,farmed_carassius_auratus,Carassius auratus,farmed,0.0002000000000066393
farmed_carassius_auratus__00019,farmed_carassius_auratus,Carassius auratus,farmed,0.0002000000000066393
farmed_carassius_auratus__00020,farmed_carassius_auratus,Carassius auratus,farmed,0.0002000000000066393
farmed_carassius_auratus__00021,farmed_carassius_auratus,Carassius auratus,farmed,0.0002000000000066393
farmed_carassius_auratus__00022,farmed_carassius_auratus,Carassius auratus,farmed,0.0002000000000066393
farmed_carassius_auratus__00023,farmed_carassius_auratus,Carassius auratus,farmed,0.0002000000000066393
farmed_carassius_auratus__00024,farmed_carassius_auratus,Carassius auratus,farmed,0.0002000000000066393
farmed_carassius_auratus__00025,farmed_carassius_auratus,Carassius auratus,farmed,0.0002000000000066393
farmed_carassius_auratus__00026,farmed_carassius_auratus,Carassius auratus,farmed,0.0002000000000066393
farmed_carassius_auratus__00027,farmed_carassius_auratus,Carassius auratus,farmed,0.0002000000000066393
farmed_carassius_auratus__00028,farmed_carassius_auratus,Carassius auratus,farmed,0.0002000000000066393
farmed_carassius_auratus__00029,farmed_carassius_auratus,Carassius auratus,farmed,0.0002000000000066393
farmed_carassius_auratus__00030,farmed_carassius_auratus,Carassius auratus,farmed,0.0002000000000066393
farmed_carassius_auratus__00031,farmed_carassius_auratus,Carassius auratus,farmed,0.0002000000000066393
farmed_carassius_auratus__00032,farmed_carassius_auratus,Carassius auratus,farmed,0.0002000000000066393
farmed_carassius_auratus__00033,farmed_carassius_auratus,Carassius auratus,farmed,0.0002000000000066393
farmed_carassius_auratus__00034,farmed_carassius_auratus,Carassius auratus,farmed,0.0002000000000066393
farmed_carassius_auratus__00035,farmed_carassius_auratus,Carassius auratus,farmed,0.00015999999999394277
farmed_carassius_auratus__00036,farmed_carassius_auratus,Carassius auratus,farmed,0.0002000000000066393
farmed_carassius_auratus__00037,farmed_carassius_auratus,Carassius auratus,farmed,0.0002000000000066393
farmed_carassius_auratus__00038,farmed_carassius_auratus,Carassius auratus,farmed,0.0002000000000066393
farmed_carassius_auratus__00039,farmed_carassius_auratus,Carassius auratus,farmed,0.0002000000000066393
farmed_carassius_auratus__00040,farmed_carassius_auratus,Carassius auratus,farmed,0.0002000000000066393
farmed_carassius_auratus__00041,farmed_carassius_auratus,Carassius auratus,farmed,0.0002000000000066393
farmed_carassius_auratus__00042,farmed_carassius_auratus,Carassius auratus,farmed,0.0002000000000066393
farmed_carassius_auratus__00043,farmed_carassius_auratus,Carassius auratus,farmed,0.0002000000000066393
farmed_carassius_auratus__00044,farmed_carassius_auratus,Carassius auratus,farmed,0.00043296189208777045
farmed_carassius_auratus__00045,farmed_carassius_auratus,Carassius auratus,farmed,0.0003000000000383807
farmed_carassius_auratus__00046,farmed_carassius_auratus,Carassius auratus,farmed,0.00016000000000815362
farmed_carassius_auratus__00047,farmed_carassius_auratus,Carassius auratus,farmed,0.0002000000000066393
farmed_carassius_auratus__00048,farmed_carassius_auratus,Carassius auratus,farmed,0.0002000000000066393
farmed_carassius_auratus__00049,farmed_carassius_auratus,Carassius auratus,farmed,0.0002000000000066393
farmed_carassius_auratus__00050,farmed_carassius_auratus,Carassius auratus,farmed,0.0002000000000066393
farmed_carassius_auratus__00051,farmed_carassius_auratus,Carassius auratus,farmed,0.0002000000000066393
farmed_carassius_auratus__00052,farmed_carassius_auratus,Carassius auratus,farmed,0.0002000000000066393
farmed_carassius_auratus__00053,farmed_carassius_auratus,Carassius auratus,farmed,0.0002000000000066393
farmed_carassius_auratus__00054,farmed_carassius_auratus,Carassius auratus,farmed,0.0002000000000066393
farmed_carassius_auratus__00055,farmed_carassius_auratus,Carassius auratus,farmed,0.0002000000000066393
farmed_carassius_auratus__00056,farmed_carassius_auratus,Carassius auratus,farmed,0.0002000000000066393
farmed_carassius_auratus__00057,farmed_carassius_auratus,Carassius auratus,farmed,0.00016000000002236447
farmed_carassius_auratus__00058,farmed_carassius_auratus,Carassius auratus,farmed,0.0002000000000066393
farmed_carassius_auratus__00059,farmed_carassius_auratus,Carassius auratus,farmed,0.0002000000000066393
farmed_carassius_auratus__00060,farmed_carassius_auratus,Carassius auratus,farmed,0.0002000000000066393
farmed_carassius_auratus__00061,farmed_carassius_auratus,Carassius auratus,farmed,0.0002000000000066393
farmed_carassius_auratus__00062,farmed_carassius_auratus,Carassius auratus,farmed,0.0002000000000066393
farmed_carassius_auratus__00063,farmed_carassius_auratus,Carassius auratus,farmed,0.0002000000000066393
farmed_carassius_auratus__00064,farmed_carassius_auratus,Carassius auratus,farmed,0.0002000000000066393
farmed_carassius_auratus__00065,farmed_carassius_auratus,Carassius auratus,farmed,0.0002000000000066393
farmed_carassius_auratus__00066,farmed_carassius_auratus,Carassius auratus,farmed,0.0002000000000066393
farmed_carassius_auratus__00067,farmed_carassius_auratus,Carassius auratus,farmed,0.00026599999995369217
farmed_carassius_auratus__00068,farmed_carassius_auratus,Carassius auratus,farmed,0.00016000000002236447
farmed_carassius_auratus__00069,farmed_carassius_auratus,Carassius auratus,farmed,0.00022400000000288856
farmed_carassius_auratus__00070,farmed_carassius_auratus,Carassius auratus,farmed,0.00024000000001933586
farmed_carassius_auratus__00071,farmed_carassius_auratus,Carassius auratus,farmed,0.0001880000000085147
farmed_carassius_auratus__00072,farmed_carassius_auratus,Carassius auratus,farmed,0.0002599999999688407
farmed_carassius_auratus__00073,farmed_carassius_auratus,Carassius auratus,farmed,0.000263000000003899
farmed_carassius_auratus__00074,farmed_carassius_auratus,Carassius auratus,farmed,0.00026000000002568413
farmed_carassius_auratus__00075,farmed_carassius_auratus,Carassius auratus,farmed,0.0002420000000000755
farmed_carassius_auratus__00076,farmed_carassius_auratus,Carassius auratus,farmed,0.0001790000000028158
farmed_carassius_auratus__00077,farmed_carassius_auratus,Carassius auratus,farmed,0.00018799999998009298
farmed_carassius_auratus__00078,farmed_carassius_auratus,Carassius auratus,farmed,0.0002000000000066393
farmed_carassius_auratus__00079,farmed_carassius_auratus,Carassius auratus,farmed,0.00016000000002236447
farmed_carassius_auratus__00080,farmed_carassius_auratus,Carassius auratus,farmed,0.00022999999998774
farmed_carassius_auratus__00081,farmed_carassius_auratus,Carassius auratus,farmed,0.00023299999998016574
farmed_carassius_auratus__00082,farmed_carassius_auratus,Carassius auratus,farmed,0.00022000000001298758
farmed_carassius_auratus__00083,farmed_carassius_auratus,Carassius auratus,farmed,0.00020499999999401552
farmed_carassius_auratus__00084,farmed_carassius_auratus,Carassius auratus,farmed,0.0002000000000066393
farmed_carassius_auratus__00085,farmed_carassius_auratus,Carassius auratus,farmed,0.00032000000004472895
farmed_carassius_auratus__00086,farmed_carassius_auratus,Carassius auratus,farmed,0.00033600000000433283
farmed_carassius_auratus__00087,farmed_carassius_auratus,Carassius auratus,farmed,5.684341886080802e-14
farmed_carassius_auratus__00088,farmed_carassius_auratus,Carassius auratus,farmed,0.00024199999995744292
farmed_carassius_auratus__00089,farmed_carassius_auratus,Carassius auratus,farmed,0.00019200000002683737
farmed_carassius_auratus__00090,farmed_carassius_auratus,Carassius auratus,farmed,0.0002000000000066393
farmed_carassius_auratus__00091,farmed_carassius_auratus,Carassius auratus,farmed,0.00023999999999091415
farmed_carassius_auratus__00092,farmed_carassius_auratus,Carassius auratus,farmed,0.00023699999999848842
farmed_carassius_auratus__00093,farmed_carassius_auratus,Carassius auratus,farmed,0.0002499999999940883
farmed_carassius_auratus__00094,farmed_carassius_auratus,Carassius auratus,farmed,0.000279999999975189
farmed_carassius_auratus__00095,farmed_carassius_auratus,Carassius auratus,farmed,0.00021999999999877673
farmed_carassius_auratus__00096,farmed_carassius_auratus,Carassius auratus,farmed,5.684341886080802e-14
farmed_carassius_auratus__00097,farmed_carassius_auratus,Carassius auratus,farmed,0.00022799999999278953
farmed_carassius_auratus__00098,farmed_carassius_auratus,Carassius auratus,farmed,0.000183999999990192
farmed_carassius_auratus__00099,farmed_carassius_auratus,Carassius auratus,farmed,0.00019000000003188688
farmed_carassius_auratus__00100,farmed_carassius_auratus,Carassius auratus,farmed,0.00025199999998903877
farmed_carassius_auratus__00101,farmed_carassius_auratus,Carassius auratus,farmed,0.0002000000000066393
farmed_carassius_auratus__00102,farmed_carassius_auratus,Carassius auratus,farmed,0.00023800000002438537
farmed_carassius_auratus__00103,farmed_carassius_auratus,Carassius auratus,farmed,0.00023999999996249244
farmed_carassius_auratus__00104,farmed_carassius_auratus,Carassius auratus,farmed,0.00022999999998774
farmed_carassius_auratus__00105,farmed_carassius_auratus,Carassius auratus,farmed,0.00024000000001933586
farmed_carassius_auratus__00106,farmed_carassius_auratus,Carassius auratus,farmed,0.00022000000001298758
farmed_carassius_auratus__00107,farmed_carassius_auratus,Carassius auratus,farmed,0.00023800000001017452
farmed_carassius_auratus__00108,farmed_carassius_auratus,Carassius auratus,farmed,0.0002570000000332584
farmed_carassius_auratus__00109,farmed_carassius_auratus,Carassius auratus,farmed,0.0002550000000383079
farmed_carassius_auratus__00110,farmed_carassius_auratus,Carassius auratus,farmed,0.00021499999999718966
farmed_carassius_auratus__00111,farmed_carassius_auratus,Carassius auratus,farmed,0.0002579999999738902
farmed_carassius_auratus__00112,farmed_carassius_auratus,Carassius auratus,farmed,0.0002639999999587417
farmed_carassius_auratus__00113,farmed_carassius_auratus,Carassius auratus,farmed,0.0002000000000066393
farmed_carassius_auratus__00114,farmed_carassius_auratus,Carassius auratus,farmed,0.0002550000000383079
farmed_carassius_auratus__00115,farmed_carassius_auratus,Carassius auratus,farmed,0.0002000000000066393
farmed_carassius_auratus__00116,farmed_carassius_auratus,Carassius auratus,farmed,0.0002000000000066393
farmed_carassius_auratus__00117,farmed_carassius_auratus,Carassius auratus,farmed,0.0002000000000066393
farmed_carassius_auratus__00118,farmed_carassius_auratus,Carassius auratus,farmed,0.00019000000000346517
farmed_carassius_auratus__00119,farmed_carassius_auratus,Carassius auratus,farmed,0.0002000000000066393
farmed_carassius_auratus__00120,farmed_carassius_auratus,Carassius auratus,farmed,0.0002000000000066393
farmed_carassius_auratus__00121,farmed_carassius_auratus,Carassius auratus,farmed,0.0002000000000066393
farmed_carassius_auratus__00122,farmed_carassius_auratus,Carassius auratus,farmed,0.0002000000000066393
farmed_carassius_auratus__00123,farmed_carassius_auratus,Carassius auratus,farmed,0.0002000000000066393
farmed_carassius_auratus__00124,farmed_carassius_auratus,Carassius auratus,farmed,0.0002000000000066393
farmed_carassius_auratus__00125,farmed_carassius_auratus,Carassius auratus,farmed,0.0002000000000066393
farmed_carassius_auratus__00126,farmed_carassius_auratus,Carassius auratus,farmed,0.0002000000000066393
farmed_carassius_auratus__00127,farmed_carassius_auratus,Carassius auratus,farmed,0.0002000000000066393
farmed_carassius_auratus__00128,farmed_carassius_auratus,Carassius auratus,farmed,0.0002000000000066393
farmed_carassius_auratus__00129,farmed_carassius_auratus,Carassius auratus,farmed,0.0002000000000066393
farmed_carassius_auratus__00130,farmed_carassius_auratus,Carassius auratus,farmed,0.0002000000000066393
farmed_carassius_auratus__00131,farmed_carassius_auratus,Carassius auratus,farmed,0.0002000000000066393
farmed_carassius_auratus__00132,farmed_carassius_auratus,Carassius auratus,farmed,0.0002000000000066393
farmed_carassius_auratus__00133,farmed_carassius_auratus,Carassius auratus,farmed,0.0002000000000066393
farmed_carassius_auratus__00134,farmed_carassius_auratus,Carassius auratus,farmed,0.0002000000000066393
farmed_carassius_auratus__00135,farmed_carassius_auratus,Carassius auratus,farmed,0.0002000000000066393
farmed_carassius_auratus__00136,farmed_carassius_auratus,Carassius auratus,farmed,0.0002000000000066393
farmed_carassius_auratus__00137,farmed_carassius_auratus,Carassius auratus,farmed,0.0002000000000066393
farmed_carassius_auratus__00138,farmed_carassius_auratus,Carassius auratus,farmed,0.0002000000000066393
farmed_carassius_auratus__00139,farmed_carassius_auratus,Carassius auratus,farmed,0.0002000000000066393
farmed_carassius_auratus__00140,farmed_carassius_auratus,Carassius auratus,farmed,0.0002000000000066393
farmed_carassius_auratus__00141,farmed_carassius_auratus,Carassius auratus,farmed,0.0002000000000066393
farmed_carassius_auratus__00142,farmed_carassius_auratus,Carassius auratus,farmed,0.0002000000000066393
farmed_carassius_auratus__00143,farmed_carassius_auratus,Carassius auratus,farmed,0.0002000000000066393
farmed_carassius_auratus__00144,farmed_carassius_auratus,Carassius auratus,farmed,0.0002000000000066393
farmed_carassius_auratus__00145,farmed_carassius_auratus,Carassius auratus,farmed,0.0002000000000066393
farmed_carassius_auratus__00146,farmed_carassius_auratus,Carassius auratus,farmed,0.0002000000000066393
farmed_carassius_auratus__00147,farmed_carassius_auratus,Carassius auratus,farmed,0.0002000000000066393
farmed_carassius_auratus__00148,farmed_carassius_auratus,Carassius auratus,farmed,0.0002000000000066393
farmed_carassius_auratus__00149,farmed_carassius_auratus,Carassius auratus,farmed,0.0002000000000066393
farmed_carassius_auratus__00150,farmed_carassius_auratus,Carassius auratus,farmed,0.0002000000000066393
farmed_carassius_auratus__00151,farmed_carassius_auratus,Carassius auratus,farmed,0.0002000000000066393
farmed_carassius_auratus__00152,farmed_carassius_auratus,Carassius auratus,farmed,0.0002000000000066393
farmed_carassius_auratus__00153,farmed_carassius_auratus,Carassius auratus,farmed,0.0002000000000066393
farmed_carassius_auratus__00154,farmed_carassius_auratus,Carassius auratus,farmed,0.0002000000000066393
farmed_carassius_auratus__00155,farmed_carassius_auratus,Carassius auratus,farmed,0.0002000000000066393
farmed_carassius_auratus__00156,farmed_carassius_auratus,Carassius auratus,farmed,0.0002000000000066393
farmed_carassius_auratus__00157,farmed_carassius_auratus,Carassius auratus,farmed,0.0002000000000066393
farmed_carassius_auratus__00158,farmed_carassius_auratus,Carassius auratus,farmed,0.00026299999998968815
farmed_carassius_auratus__00159,farmed_carassius_auratus,Carassius auratus,farmed,0.00022400000000288856
farmed_carassius_auratus__00160,farmed_carassius_auratus,Carassius auratus,farmed,0.00022400000003131026
farmed_carassius_auratus__00161,farmed_carassius_auratus,Carassius auratus,farmed,5.684341886080802e-14
farmed_carassius_auratus__00162,farmed_carassius_auratus,Carassius auratus,farmed,0.0002000000000066393
farmed_carassius_auratus__00163,farmed_carassius_auratus,Carassius auratus,farmed,0.00015999999999394277
farmed_carassius_auratus__00164,farmed_carassius_auratus,Carassius auratus,farmed,0.00015999999999394277
farmed_carassius_auratus__00165,farmed_carassius_auratus,Carassius auratus,farmed,0.0002000000000066393
farmed_carassius_auratus__00166,farmed_carassius_auratus,Carassius auratus,farmed,0.0002000000000066393
farmed_carassius_auratus__00167,farmed_carassius_auratus,Carassius auratus,farmed,0.00024400000000923683
farmed_carassius_auratus__00168,farmed_carassius_auratus,Carassius auratus,farmed,0.0002000000000066393
farmed_carassius_auratus__00169,farmed_carassius_auratus,Carassius auratus,farmed,0.00020000000006348273
farmed_carassius_auratus__00170,farmed_carassius_auratus,Carassius auratus,farmed,0.00020000000006348273
farmed_carassius_auratus__00171,farmed_carassius_auratus,Carassius auratus,farmed,0.0002000000000066393
farmed_carassius_auratus__00172,farmed_carassius_auratus,Carassius auratus,farmed,0.0002000000000066393
farmed_carassius_auratus__00173,farmed_carassius_auratus,Carassius auratus,farmed,0.0002000000000066393
farmed_carassius_auratus__00174,farmed_carassius_auratus,Carassius auratus,farmed,0.0002000000000066393
farmed_carassius_auratus__00175,farmed_carassius_auratus,Carassius auratus,farmed,0.0002000000000066393
farmed_carassius_auratus__00176,farmed_carassius_auratus,Carassius auratus,farmed,0.0002000000000066393
farmed_carassius_auratus__00177,farmed_carassius_auratus,Carassius auratus,farmed,0.0002000000000066393
farmed_carassius_auratus__00178,farmed_carassius_auratus,Carassius auratus,farmed,0.0002660000000105356
farmed_carassius_auratus__00179,farmed_carassius_auratus,Carassius auratus,farmed,0.0002000000000066393
farmed_carassius_auratus__00180,farmed_carassius_auratus,Carassius auratus,farmed,0.0002000000000066393
farmed_carassius_auratus__00181,farmed_carassius_auratus,Carassius auratus,farmed,0.0002000000000066393
farmed_carassius_auratus__00182,farmed_carassius_auratus,Carassius auratus,farmed,0.0002000000000066393
farmed_carassius_auratus__00183,farmed_carassius_auratus,Carassius auratus,farmed,0.0002000000000066393
farmed_carassius_auratus__00184,farmed_carassius_auratus,Carassius auratus,farmed,0.0002000000000066393
farmed_carassius_auratus__00185,farmed_carassius_auratus,Carassius auratus,farmed,0.0002000000000066393
farmed_carassius_auratus__00186,farmed_carassius_auratus,Carassius auratus,farmed,0.0002000000000066393
farmed_carassius_auratus__00187,farmed_carassius_auratus,Carassius auratus,farmed,0.0002000000000066393
farmed_carassius_auratus__00188,farmed_carassius_auratus,Carassius auratus,farmed,0.0002000000000066393
farmed_carassius_auratus__00189,farmed_carassius_auratus,Carassius auratus,farmed,0.0002499999999940883
farmed_carassius_auratus__00190,farmed_carassius_auratus,Carassius auratus,farmed,0.0002000000000066393
farmed_carassius_auratus__00191,farmed_carassius_auratus,Carassius auratus,farmed,0.0002000000000066393
farmed_carassius_auratus__00192,farmed_carassius_auratus,Carassius auratus,farmed,0.0002000000000066393
farmed_carassius_auratus__00193,farmed_carassius_auratus,Carassius auratus,farmed,0.0002000000000066393
farmed_carassius_auratus__00194,farmed_carassius_auratus,Carassius auratus,farmed,0.0002000000000066393
farmed_carassius_auratus__00195,farmed_carassius_auratus,Carassius auratus,farmed,0.0002000000000066393
farmed_carassius_auratus__00196,farmed_carassius_auratus,Carassius auratus,farmed,0.0002000000000066393
farmed_carassius_auratus__00197,farmed_carassius_auratus,Carassius auratus,farmed,0.0002000000000066393
farmed_carassius_auratus__00198,farmed_carassius_auratus,Carassius auratus,farmed,0.0002000000000066393
farmed_carassius_auratus__00199,farmed_carassius_auratus,Carassius auratus,farmed,0.0002000000000066393
farmed_carassius_auratus__00200,farmed_carassius_auratus,Carassius auratus,farmed,0.00015999999999394277
farmed_carassius_auratus__00201,farmed_carassius_auratus,Carassius auratus,farmed,0.0002000000000066393
farmed_carassius_auratus__00202,farmed_carassius_auratus,Carassius auratus,farmed,0.0002000000000066393
farmed_carassius_auratus__00203,farmed_carassius_auratus,Carassius auratus,farmed,0.0002000000000066393
farmed_carassius_auratus__00204,farmed_carassius_auratus,Carassius auratus,farmed,0.0002000000000066393
farmed_carassius_auratus__00205,farmed_carassius_auratus,Carassius auratus,farmed,0.0002000000000066393
farmed_carassius_auratus__00206,farmed_carassius_auratus,Carassius auratus,farmed,0.0002000000000066393
farmed_carassius_auratus__00207,farmed_carassius_auratus,Carassius auratus,farmed,0.0002000000000066393
farmed_carassius_auratus__00208,farmed_carassius_auratus,Carassius auratus,farmed,0.0002000000000066393
farmed_carassius_auratus__00209,farmed_carassius_auratus,Carassius auratus,farmed,0.0002000000000066393
farmed_carassius_auratus__00210,farmed_carassius_auratus,Carassius auratus,farmed,0.0002000000000066393
farmed_carassius_auratus__00211,farmed_carassius_auratus,Carassius auratus,farmed,0.0002000000000066393
farmed_carassius_auratus__00212,farmed_carassius_auratus,Carassius auratus,farmed,0.0002000000000066393
farmed_carassius_auratus__00213,farmed_carassius_auratus,Carassius auratus,farmed,0.0002000000000066393
farmed_carassius_auratus__00214,farmed_carassius_auratus,Carassius auratus,farmed,0.0002000000000066393
farmed_carassius_auratus__00215,farmed_carassius_auratus,Carassius auratus,farmed,0.0002000000000066393
farmed_carassius_auratus__00216,farmed_carassius_auratus,Carassius auratus,farmed,0.0002000000000066393
farmed_carassius_auratus__00217,farmed_carassius_auratus,Carassius auratus,farmed,0.0002000000000066393
farmed_carassius_auratus__00218,farmed_carassius_auratus,Carassius auratus,farmed,0.0002000000000066393
farmed_carassius_auratus__00219,farmed_carassius_auratus,Carassius auratus,farmed,0.0002000000000066393
farmed_carassius_auratus__00220,farmed_carassius_auratus,Carassius auratus,farmed,0.0002000000000066393
farmed_carassius_auratus__00221,farmed_carassius_auratus,Carassius auratus,farmed,0.0002000000000066393
farmed_carassius_auratus__00222,farmed_carassius_auratus,Carassius auratus,farmed,0.0002000000000066393
farmed_carassius_auratus__00223,farmed_carassius_auratus,Carassius auratus,farmed,0.0002000000000066393
farmed_carassius_auratus__00224,farmed_carassius_auratus,Carassius auratus,farmed,0.0002000000000066393
farmed_carassius_auratus__00225,farmed_carassius_auratus,Carassius auratus,farmed,0.0002000000000066393
farmed_carassius_auratus__00226,farmed_carassius_auratus,Carassius auratus,farmed,0.0002000000000066393
farmed_carassius_auratus__00227,farmed_carassius_auratus,Carassius auratus,farmed,0.0002000000000066393
farmed_carassius_auratus__00228,farmed_carassius_auratus,Carassius auratus,farmed,0.0002000000000066393
farmed_carassius_auratus__00229,farmed_carassius_auratus,Carassius auratus,farmed,0.0002000000000066393
farmed_carassius_auratus__00230,farmed_carassius_auratus,Carassius auratus,farmed,0.0002000000000066393
farmed_carassius_auratus__00231,farmed_carassius_auratus,Carassius auratus,farmed,0.0002000000000066393
farmed_carassius_auratus__00232,farmed_carassius_auratus,Carassius auratus,farmed,0.0002000000000066393
farmed_carassius_auratus__00233,farmed_carassius_auratus,Carassius auratus,farmed,0.0002000000000066393
farmed_carassius_auratus__00234,farmed_carassius_auratus,Carassius auratus,farmed,0.0002000000000066393
farmed_carassius_auratus__00235,farmed_carassius_auratus,Carassius auratus,farmed,0.0002000000000066393
farmed_carassius_auratus__00236,farmed_carassius_auratus,Carassius auratus,farmed,0.0002000000000066393
farmed_carassius_auratus__00237,farmed_carassius_auratus,Carassius auratus,farmed,0.0002000000000066393
farmed_carassius_auratus__00238,farmed_carassius_auratus,Carassius auratus,farmed,0.0002000000000066393
farmed_carassius_auratus__00239,farmed_carassius_auratus,Carassius auratus,farmed,0.0002000000000066393
farmed_carassius_auratus__00240,farmed_carassius_auratus,Carassius auratus,farmed,0.0002000000000066393
farmed_carassius_auratus__00241,farmed_carassius_auratus,Carassius auratus,farmed,0.0002000000000066393
farmed_carassius_auratus__00242,farmed_carassius_auratus,Carassius auratus,farmed,0.0002000000000066393
farmed_carassius_auratus__00243,farmed_carassius_auratus,Carassius auratus,farmed,0.0002000000000066393
farmed_hypophthalmichthys_nobilis__00001,farmed_hypophthalmichthys_nobilis,Hypophthalmichthys nobilis,farmed,0.0002000000000066393
farmed_hypophthalmichthys_nobilis__00002,farmed_hypophthalmichthys_nobilis,Hypophthalmichthys nobilis,farmed,0.0002000000000066393
farmed_hypophthalmichthys_nobilis__00003,farmed_hypophthalmichthys_nobilis,Hypophthalmichthys nobilis,farmed,0.0002000000000066393
farmed_hypophthalmichthys_nobilis__00004,farmed_hypophthalmichthys_nobilis,Hypophthalmichthys nobilis,farmed,0.0002000000000066393
farmed_hypophthalmichthys_nobilis__00005,farmed_hypophthalmichthys_nobilis,Hypophthalmichthys nobilis,farmed,0.00029000000000678483
farmed_hypophthalmichthys_nobilis__00006,farmed_hypophthalmichthys_nobilis,Hypophthalmichthys nobilis,farmed,0.00027000000000043656
farmed_hypophthalmichthys_nobilis__00007,farmed_hypophthalmichthys_nobilis,Hypophthalmichthys nobilis,farmed,0.0002000000000066393
farmed_hypophthalmichthys_nobilis__00008,farmed_hypophthalmichthys_nobilis,Hypophthalmichthys nobilis,farmed,0.0002000000000066393
farmed_hypophthalmichthys_nobilis__00009,farmed_hypophthalmichthys_nobilis,Hypophthalmichthys nobilis,farmed,0.0002180000000180371
farmed_hypophthalmichthys_nobilis__00010,farmed_hypophthalmichthys_nobilis,Hypophthalmichthys nobilis,farmed,0.0002000000000066393
farmed_hypophthalmichthys_nobilis__00011,farmed_hypophthalmichthys_nobilis,Hypophthalmichthys nobilis,farmed,0.0002000000000066393
farmed_hypophthalmichthys_nobilis__00012,farmed_hypophthalmichthys_nobilis,Hypophthalmichthys nobilis,farmed,0.0002000000000066393
farmed_hypophthalmichthys_nobilis__00013,farmed_hypophthalmichthys_nobilis,Hypophthalmichthys nobilis,farmed,0.0002000000000066393
farmed_hypophthalmichthys_nobilis__00014,farmed_hypophthalmichthys_nobilis,Hypophthalmichthys nobilis,farmed,0.0002000000000066393
farmed_hypophthalmichthys_nobilis__00015,farmed_hypophthalmichthys_nobilis,Hypophthalmichthys nobilis,farmed,0.0002000000000066393
farmed_hypophthalmichthys_nobilis__00016,farmed_hypophthalmichthys_nobilis,Hypophthalmichthys nobilis,farmed,0.0002000000000066393
farmed_hypophthalmichthys_nobilis__00017,farmed_hypophthalmichthys_nobilis,Hypophthalmichthys nobilis,farmed,0.0002000000000066393
farmed_hypophthalmichthys_nobilis__00018,farmed_hypophthalmichthys_nobilis,Hypophthalmichthys nobilis,farmed,0.0002000000000066393
farmed_hypophthalmichthys_nobilis__00019,farmed_hypophthalmichthys_nobilis,Hypophthalmichthys nobilis,farmed,0.0002000000000066393
farmed_hypophthalmichthys_nobilis__00020,farmed_hypophthalmichthys_nobilis,Hypophthalmichthys nobilis,farmed,0.0002000000000066393
farmed_hypophthalmichthys_nobilis__00021,farmed_hypophthalmichthys_nobilis,Hypophthalmichthys nobilis,farmed,0.0002000000000066393
farmed_hypophthalmichthys_nobilis__00022,farmed_hypophthalmichthys_nobilis,Hypophthalmichthys nobilis,farmed,0.00015000000001919034
farmed_hypophthalmichthys_nobilis__00023,farmed_hypophthalmichthys_nobilis,Hypophthalmichthys nobilis,farmed,0.0002000000000066393
farmed_hypophthalmichthys_nobilis__00024,farmed_hypophthalmichthys_nobilis,Hypophthalmichthys nobilis,farmed,0.0002000000000066393
farmed_hypophthalmichthys_nobilis__00025,farmed_hypophthalmichthys_nobilis,Hypophthalmichthys nobilis,farmed,0.0002000000000066393
farmed_hypophthalmichthys_nobilis__00026,farmed_hypophthalmichthys_nobilis,Hypophthalmichthys nobilis,farmed,0.0002000000000066393
farmed_hypophthalmichthys_nobilis__00027,farmed_hypophthalmichthys_nobilis,Hypophthalmichthys nobilis,farmed,0.0002000000000066393
farmed_hypophthalmichthys_nobilis__00028,farmed_hypophthalmichthys_nobilis,Hypophthalmichthys nobilis,farmed,0.0002000000000066393
farmed_hypophthalmichthys_nobilis__00029,farmed_hypophthalmichthys_nobilis,Hypophthalmichthys nobilis,farmed,0.0002000000000066393
farmed_hypophthalmichthys_nobilis__00030,farmed_hypophthalmichthys_nobilis,Hypophthalmichthys nobilis,farmed,0.0002000000000066393
farmed_hypophthalmichthys_nobilis__00031,farmed_hypophthalmichthys_nobilis,Hypophthalmichthys nobilis,farmed,0.0002000000000066393
farmed_hypophthalmichthys_nobilis__00032,farmed_hypophthalmichthys_nobilis,Hypophthalmichthys nobilis,farmed,0.0001999999999782176
farmed_hypophthalmichthys_nobilis__00033,farmed_hypophthalmichthys_nobilis,Hypophthalmichthys nobilis,farmed,0.0002000000000066393
farmed_hypophthalmichthys_nobilis__00034,farmed_hypophthalmichthys_nobilis,Hypophthalmichthys nobilis,farmed,0.00015000000001919034
farmed_hypophthalmichthys_nobilis__00035,farmed_hypophthalmichthys_nobilis,Hypophthalmichthys nobilis,farmed,0.0002000000000066393
farmed_hypophthalmichthys_nobilis__00036,farmed_hypophthalmichthys_nobilis,Hypophthalmichthys nobilis,farmed,0.00020000000003506102
farmed_hypophthalmichthys_nobilis__00037,farmed_hypophthalmichthys_nobilis,Hypophthalmichthys nobilis,farmed,0.0002000000000066393
farmed_hypophthalmichthys_nobilis__00038,farmed_hypophthalmichthys_nobilis,Hypophthalmichthys nobilis,farmed,0.0002000000000066393
farmed_hypophthalmichthys_nobilis__00039,farmed_hypophthalmichthys_nobilis,Hypophthalmichthys nobilis,farmed,0.0002000000000066393
farmed_hypophthalmichthys_nobilis__00040,farmed_hypophthalmichthys_nobilis,Hypophthalmichthys nobilis,farmed,0.00015000000001919034
farmed_hypophthalmichthys_nobilis__00041,farmed_hypophthalmichthys_nobilis,Hypophthalmichthys nobilis,farmed,0.0002000000000066393
farmed_hypophthalmichthys_nobilis__00042,farmed_hypophthalmichthys_nobilis,Hypophthalmichthys nobilis,farmed,0.0002000000000066393
farmed_hypophthalmichthys_nobilis__00043,farmed_hypophthalmichthys_nobilis,Hypophthalmichthys nobilis,farmed,0.0002000000000066393
farmed_hypophthalmichthys_nobilis__00044,farmed_hypophthalmichthys_nobilis,Hypophthalmichthys nobilis,farmed,0.00015000000001919034
farmed_hypophthalmichthys_nobilis__00045,farmed_hypophthalmichthys_nobilis,Hypophthalmichthys nobilis,farmed,0.0001999999999782176
farmed_hypophthalmichthys_nobilis__00046,farmed_hypophthalmichthys_nobilis,Hypophthalmichthys nobilis,farmed,0.00015000000001919034
farmed_hypophthalmichthys_nobilis__00047,farmed_hypophthalmichthys_nobilis,Hypophthalmichthys nobilis,farmed,0.0002000000000066393
farmed_hypophthalmichthys_nobilis__00048,farmed_hypophthalmichthys_nobilis,Hypophthalmichthys nobilis,farmed,0.0002000000000066393
farmed_hypophthalmichthys_nobilis__00049,farmed_hypophthalmichthys_nobilis,Hypophthalmichthys nobilis,farmed,0.0002000000000066393
farmed_hypophthalmichthys_nobilis__00050,farmed_hypophthalmichthys_nobilis,Hypophthalmichthys nobilis,farmed,0.0002000000000066393
farmed_hypophthalmichthys_nobilis__00051,farmed_hypophthalmichthys_nobilis,Hypophthalmichthys nobilis,farmed,0.0002000000000066393
farmed_hypophthalmichthys_nobilis__00052,farmed_hypophthalmichthys_nobilis,Hypophthalmichthys nobilis,farmed,0.0002000000000066393
farmed_hypophthalmichthys_nobilis__00053,farmed_hypophthalmichthys_nobilis,Hypophthalmichthys nobilis,farmed,0.0002000000000066393
farmed_hypophthalmichthys_nobilis__00054,farmed_hypophthalmichthys_nobilis,Hypophthalmichthys nobilis,farmed,0.0002000000000066393
farmed_hypophthalmichthys_nobilis__00055,farmed_hypophthalmichthys_nobilis,Hypophthalmichthys nobilis,farmed,0.0002000000000066393
farmed_hypophthalmichthys_nobilis__00056,farmed_hypophthalmichthys_nobilis,Hypophthalmichthys nobilis,farmed,0.0002000000000066393
farmed_hypophthalmichthys_nobilis__00057,farmed_hypophthalmichthys_nobilis,Hypophthalmichthys nobilis,farmed,0.0002000000000066393
farmed_hypophthalmichthys_nobilis__00058,farmed_hypophthalmichthys_nobilis,Hypophthalmichthys nobilis,farmed,0.00020000000003506102
farmed_hypophthalmichthys_nobilis__00059,farmed_hypophthalmichthys_nobilis,Hypophthalmichthys nobilis,farmed,0.0002000000000066393
farmed_hypophthalmichthys_nobilis__00060,farmed_hypophthalmichthys_nobilis,Hypophthalmichthys nobilis,farmed,0.0002000000000066393
farmed_hypophthalmichthys_nobilis__00061,farmed_hypophthalmichthys_nobilis,Hypophthalmichthys nobilis,farmed,0.0002000000000066393
farmed_hypophthalmichthys_nobilis__00062,farmed_hypophthalmichthys_nobilis,Hypophthalmichthys nobilis,farmed,0.0002000000000066393
farmed_hypophthalmichthys_nobilis__00063,farmed_hypophthalmichthys_nobilis,Hypophthalmichthys nobilis,farmed,0.0002000000000066393
farmed_hypophthalmichthys_nobilis__00064,farmed_hypophthalmichthys_nobilis,Hypophthalmichthys nobilis,farmed,0.0002000000000066393
farmed_hypophthalmichthys_nobilis__00065,farmed_hypophthalmichthys_nobilis,Hypophthalmichthys nobilis,farmed,0.0002000000000066393
farmed_hypophthalmichthys_nobilis__00066,farmed_hypophthalmichthys_nobilis,Hypophthalmichthys nobilis,farmed,0.00019999999999242846
farmed_hypophthalmichthys_nobilis__00067,farmed_hypophthalmichthys_nobilis,Hypophthalmichthys nobilis,farmed,0.0002000000000066393
farmed_hypophthalmichthys_nobilis__00068,farmed_hypophthalmichthys_nobilis,Hypophthalmichthys nobilis,farmed,0.0002000000000066393
farmed_hypophthalmichthys_nobilis__00069,farmed_hypophthalmichthys_nobilis,Hypophthalmichthys nobilis,farmed,0.0002000000000066393
farmed_hypophthalmichthys_nobilis__00070,farmed_hypophthalmichthys_nobilis,Hypophthalmichthys nobilis,farmed,0.0002000000000066393
farmed_hypophthalmichthys_nobilis__00071,farmed_hypophthalmichthys_nobilis,Hypophthalmichthys nobilis,farmed,0.0002000000000066393
farmed_hypophthalmichthys_nobilis__00072,farmed_hypophthalmichthys_nobilis,Hypophthalmichthys nobilis,farmed,0.0002000000000066393
farmed_hypophthalmichthys_nobilis__00073,farmed_hypophthalmichthys_nobilis,Hypophthalmichthys nobilis,farmed,0.0002000000000066393
farmed_hypophthalmichthys_nobilis__00074,farmed_hypophthalmichthys_nobilis,Hypophthalmichthys nobilis,farmed,0.0002000000000066393
farmed_hypophthalmichthys_nobilis__00075,farmed_hypophthalmichthys_nobilis,Hypophthalmichthys nobilis,farmed,0.0002000000000066393
farmed_hypophthalmichthys_nobilis__00076,farmed_hypophthalmichthys_nobilis,Hypophthalmichthys nobilis,farmed,0.0002000000000066393
farmed_hypophthalmichthys_nobilis__00077,farmed_hypophthalmichthys_nobilis,Hypophthalmichthys nobilis,farmed,0.0002000000000066393
farmed_hypophthalmichthys_nobilis__00078,farmed_hypophthalmichthys_nobilis,Hypophthalmichthys nobilis,farmed,0.0002000000000066393
farmed_hypophthalmichthys_nobilis__00079,farmed_hypophthalmichthys_nobilis,Hypophthalmichthys nobilis,farmed,0.0002000000000066393
farmed_hypophthalmichthys_nobilis__00080,farmed_hypophthalmichthys_nobilis,Hypophthalmichthys nobilis,farmed,0.0002000000000066393
farmed_hypophthalmichthys_nobilis__00081,farmed_hypophthalmichthys_nobilis,Hypophthalmichthys nobilis,farmed,0.0002000000000066393
farmed_hypophthalmichthys_nobilis__00082,farmed_hypophthalmichthys_nobilis,Hypophthalmichthys nobilis,farmed,0.0002000000000066393
farmed_hypophthalmichthys_nobilis__00083,farmed_hypophthalmichthys_nobilis,Hypophthalmichthys nobilis,farmed,0.0002000000000066393
farmed_hypophthalmichthys_nobilis__00084,farmed_hypophthalmichthys_nobilis,Hypophthalmichthys nobilis,farmed,0.0002000000000066393
farmed_hypophthalmichthys_nobilis__00085,farmed_hypophthalmichthys_nobilis,Hypophthalmichthys nobilis,farmed,0.0002000000000066393
farmed_hypophthalmichthys_nobilis__00086,farmed_hypophthalmichthys_nobilis,Hypophthalmichthys nobilis,farmed,0.0002000000000066393
farmed_hypophthalmichthys_nobilis__00087,farmed_hypophthalmichthys_nobilis,Hypophthalmichthys nobilis,farmed,0.0002000000000066393
farmed_hypophthalmichthys_nobilis__00088,farmed_hypophthalmichthys_nobilis,Hypophthalmichthys nobilis,farmed,0.0002000000000066393
farmed_hypophthalmichthys_nobilis__00089,farmed_hypophthalmichthys_nobilis,Hypophthalmichthys nobilis,farmed,0.0002000000000066393
farmed_hypophthalmichthys_nobilis__00090,farmed_hypophthalmichthys_nobilis,Hypophthalmichthys nobilis,farmed,0.0002000000000066393
farmed_hypophthalmichthys_nobilis__00091,farmed_hypophthalmichthys_nobilis,Hypophthalmichthys nobilis,farmed,0.0002000000000066393
farmed_hypophthalmichthys_nobilis__00092,farmed_hypophthalmichthys_nobilis,Hypophthalmichthys nobilis,farmed,0.0002000000000066393
farmed_hypophthalmichthys_nobilis__00093,farmed_hypophthalmichthys_nobilis,Hypophthalmichthys nobilis,farmed,0.0002000000000066393
farmed_hypophthalmichthys_nobilis__00094,farmed_hypophthalmichthys_nobilis,Hypophthalmichthys nobilis,farmed,0.0002000000000066393
farmed_hypophthalmichthys_nobilis__00095,farmed_hypophthalmichthys_nobilis,Hypophthalmichthys nobilis,farmed,0.0002000000000066393
farmed_hypophthalmichthys_nobilis__00096,farmed_hypophthalmichthys_nobilis,Hypophthalmichthys nobilis,farmed,0.0002000000000066393
farmed_hypophthalmichthys_nobilis__00097,farmed_hypophthalmichthys_nobilis,Hypophthalmichthys nobilis,farmed,0.0002000000000066393
farmed_hypophthalmichthys_nobilis__00098,farmed_hypophthalmichthys_nobilis,Hypophthalmichthys nobilis,farmed,0.0002000000000066393
farmed_hypophthalmichthys_nobilis__00099,farmed_hypophthalmichthys_nobilis,Hypophthalmichthys nobilis,farmed,0.0002000000000066393
farmed_hypophthalmichthys_nobilis__00100,farmed_hypophthalmichthys_nobilis,Hypophthalmichthys nobilis,farmed,0.0002000000000066393
farmed_hypophthalmichthys_nobilis__00101,farmed_hypophthalmichthys_nobilis,Hypophthalmichthys nobilis,farmed,0.0002000000000066393
farmed_hypophthalmichthys_nobilis__00102,farmed_hypophthalmichthys_nobilis,Hypophthalmichthys nobilis,farmed,0.0002000000000066393
farmed_hypophthalmichthys_nobilis__00103,farmed_hypophthalmichthys_nobilis,Hypophthalmichthys nobilis,farmed,0.0002000000000066393
farmed_hypophthalmichthys_nobilis__00104,farmed_hypophthalmichthys_nobilis,Hypophthalmichthys nobilis,farmed,0.0002000000000066393
farmed_hypophthalmichthys_nobilis__00105,farmed_hypophthalmichthys_nobilis,Hypophthalmichthys nobilis,farmed,0.0002000000000066393
farmed_hypophthalmichthys_nobilis__00106,farmed_hypophthalmichthys_nobilis,Hypophthalmichthys nobilis,farmed,0.0002000000000066393
farmed_hypophthalmichthys_nobilis__00107,farmed_hypophthalmichthys_nobilis,Hypophthalmichthys nobilis,farmed,0.0002000000000066393
farmed_hypophthalmichthys_nobilis__00108,farmed_hypophthalmichthys_nobilis,Hypophthalmichthys nobilis,farmed,0.0002000000000066393
farmed_hypophthalmichthys_nobilis__00109,farmed_hypophthalmichthys_nobilis,Hypophthalmichthys nobilis,farmed,0.0002000000000066393
farmed_siniperca_chuatsi__00001,farmed_siniperca_chuatsi,Siniperca chuatsi,farmed,0.0002000000000066393
farmed_siniperca_chuatsi__00002,farmed_siniperca_chuatsi,Siniperca chuatsi,farmed,0.0002000000000066393
farmed_siniperca_chuatsi__00003,farmed_siniperca_chuatsi,Siniperca chuatsi,farmed,0.00021199999997634222
farmed_siniperca_chuatsi__00004,farmed_siniperca_chuatsi,Siniperca chuatsi,farmed,0.0002000000000066393
farmed_siniperca_chuatsi__00005,farmed_siniperca_chuatsi,Siniperca chuatsi,farmed,0.0002000000000066393
farmed_siniperca_chuatsi__00006,farmed_siniperca_chuatsi,Siniperca chuatsi,farmed,0.0002000000000066393
farmed_siniperca_chuatsi__00007,farmed_siniperca_chuatsi,Siniperca chuatsi,farmed,0.0002000000000066393
farmed_siniperca_chuatsi__00008,farmed_siniperca_chuatsi,Siniperca chuatsi,farmed,0.0002000000000066393
farmed_siniperca_chuatsi__00009,farmed_siniperca_chuatsi,Siniperca chuatsi,farmed,0.0002000000000066393
farmed_siniperca_chuatsi__00010,farmed_siniperca_chuatsi,Siniperca chuatsi,farmed,0.0002000000000066393
farmed_siniperca_chuatsi__00011,farmed_siniperca_chuatsi,Siniperca chuatsi,farmed,0.0002000000000066393
farmed_siniperca_chuatsi__00012,farmed_siniperca_chuatsi,Siniperca chuatsi,farmed,0.0002000000000066393
farmed_siniperca_chuatsi__00013,farmed_siniperca_chuatsi,Siniperca chuatsi,farmed,0.0002449999999925012
farmed_siniperca_chuatsi__00014,farmed_siniperca_chuatsi,Siniperca chuatsi,farmed,0.0002000000000066393
farmed_siniperca_chuatsi__00015,farmed_siniperca_chuatsi,Siniperca chuatsi,farmed,0.0002000000000066393
farmed_siniperca_chuatsi__00016,farmed_siniperca_chuatsi,Siniperca chuatsi,farmed,0.0002000000000066393
farmed_siniperca_chuatsi__00017,farmed_siniperca_chuatsi,Siniperca chuatsi,farmed,0.0002000000000066393
farmed_siniperca_chuatsi__00018,farmed_siniperca_chuatsi,Siniperca chuatsi,farmed,0.0002000000000066393
farmed_siniperca_chuatsi__00019,farmed_siniperca_chuatsi,Siniperca chuatsi,farmed,0.0002000000000066393
farmed_siniperca_chuatsi__00020,farmed_siniperca_chuatsi,Siniperca chuatsi,farmed,0.0002000000000066393
farmed_siniperca_chuatsi__00021,farmed_siniperca_chuatsi,Siniperca chuatsi,farmed,0.0002000000000066393
farmed_siniperca_chuatsi__00022,farmed_siniperca_chuatsi,Siniperca chuatsi,farmed,0.0002000000000066393
farmed_siniperca_chuatsi__00023,farmed_siniperca_chuatsi,Siniperca chuatsi,farmed,0.0002000000000066393
farmed_siniperca_chuatsi__00024,farmed_siniperca_chuatsi,Siniperca chuatsi,farmed,0.0002449999999925012
farmed_siniperca_chuatsi__00025,farmed_siniperca_chuatsi,Siniperca chuatsi,farmed,0.0002000000000066393
farmed_siniperca_chuatsi__00026,farmed_siniperca_chuatsi,Siniperca chuatsi,farmed,0.00026499999998463863
farmed_siniperca_chuatsi__00027,farmed_siniperca_chuatsi,Siniperca chuatsi,farmed,0.0002610000000231594
farmed_siniperca_chuatsi__00028,farmed_siniperca_chuatsi,Siniperca chuatsi,farmed,0.0002000000000066393
farmed_siniperca_chuatsi__00029,farmed_siniperca_chuatsi,Siniperca chuatsi,farmed,0.0002000000000066393
farmed_siniperca_chuatsi__00030,farmed_siniperca_chuatsi,Siniperca chuatsi,farmed,0.0002000000000066393
farmed_siniperca_chuatsi__00031,farmed_siniperca_chuatsi,Siniperca chuatsi,farmed,0.0002000000000066393
farmed_siniperca_chuatsi__00032,farmed_siniperca_chuatsi,Siniperca chuatsi,farmed,0.0002000000000066393
farmed_siniperca_chuatsi__00033,farmed_siniperca_chuatsi,Siniperca chuatsi,farmed,0.0002000000000066393
farmed_siniperca_chuatsi__00034,farmed_siniperca_chuatsi,Siniperca chuatsi,farmed,0.0002000000000066393
farmed_siniperca_chuatsi__00035,farmed_siniperca_chuatsi,Siniperca chuatsi,farmed,0.0002870000000143591
farmed_siniperca_chuatsi__00036,farmed_siniperca_chuatsi,Siniperca chuatsi,farmed,0.0002709999999979118
farmed_siniperca_chuatsi__00037,farmed_siniperca_chuatsi,Siniperca chuatsi,farmed,0.0002870000000143591
farmed_siniperca_chuatsi__00038,farmed_siniperca_chuatsi,Siniperca chuatsi,farmed,0.00028199999997013947
farmed_siniperca_chuatsi__00039,farmed_siniperca_chuatsi,Siniperca chuatsi,farmed,0.0002479999999991378
farmed_siniperca_chuatsi__00040,farmed_siniperca_chuatsi,Siniperca chuatsi,farmed,0.0002920000000017353
farmed_siniperca_chuatsi__00041,farmed_siniperca_chuatsi,Siniperca chuatsi,farmed,0.00028199999997013947
farmed_siniperca_chuatsi__00042,farmed_siniperca_chuatsi,Siniperca chuatsi,farmed,0.0002499999999940883
farmed_siniperca_chuatsi__00043,farmed_siniperca_chuatsi,Siniperca chuatsi,farmed,0.0002920000000017353
farmed_siniperca_chuatsi__00044,farmed_siniperca_chuatsi,Siniperca chuatsi,farmed,0.0002000000000066393
farmed_siniperca_chuatsi__00045,farmed_siniperca_chuatsi,Siniperca chuatsi,farmed,0.00025599999997893974
farmed_siniperca_chuatsi__00046,farmed_siniperca_chuatsi,Siniperca chuatsi,farmed,0.00028399999996508996
farmed_siniperca_chuatsi__00047,farmed_siniperca_chuatsi,Siniperca chuatsi,farmed,0.0002959999999916363
farmed_siniperca_chuatsi__00048,farmed_siniperca_chuatsi,Siniperca chuatsi,farmed,0.0002669999999795891
farmed_siniperca_chuatsi__00049,farmed_siniperca_chuatsi,Siniperca chuatsi,farmed,0.0002000000000066393
farmed_siniperca_chuatsi__00050,farmed_siniperca_chuatsi,Siniperca chuatsi,farmed,0.0002000000000066393
farmed_siniperca_chuatsi__00051,farmed_siniperca_chuatsi,Siniperca chuatsi,farmed,0.0002000000000066393
farmed_siniperca_chuatsi__00052,farmed_siniperca_chuatsi,Siniperca chuatsi,farmed,0.0002000000000066393
farmed_siniperca_chuatsi__00053,farmed_siniperca_chuatsi,Siniperca chuatsi,farmed,0.0002000000000066393
farmed_siniperca_chuatsi__00054,farmed_siniperca_chuatsi,Siniperca chuatsi,farmed,0.0002000000000066393
farmed_siniperca_chuatsi__00055,farmed_siniperca_chuatsi,Siniperca chuatsi,farmed,0.0002000000000066393
farmed_siniperca_chuatsi__00056,farmed_siniperca_chuatsi,Siniperca chuatsi,farmed,0.0002000000000066393
farmed_siniperca_chuatsi__00057,farmed_siniperca_chuatsi,Siniperca chuatsi,farmed,0.0002000000000066393
farmed_siniperca_chuatsi__00058,farmed_siniperca_chuatsi,Siniperca chuatsi,farmed,0.0002000000000066393
farmed_siniperca_chuatsi__00059,farmed_siniperca_chuatsi,Siniperca chuatsi,farmed,0.0002000000000066393
farmed_siniperca_chuatsi__00060,farmed_siniperca_chuatsi,Siniperca chuatsi,farmed,0.0002000000000066393
farmed_siniperca_chuatsi__00061,farmed_siniperca_chuatsi,Siniperca chuatsi,farmed,0.0002000000000066393
farmed_siniperca_chuatsi__00062,farmed_siniperca_chuatsi,Siniperca chuatsi,farmed,0.0002000000000066393
farmed_siniperca_chuatsi__00063,farmed_siniperca_chuatsi,Siniperca chuatsi,farmed,0.0002000000000066393
farmed_siniperca_chuatsi__00064,farmed_siniperca_chuatsi,Siniperca chuatsi,farmed,0.0002000000000066393
farmed_siniperca_chuatsi__00065,farmed_siniperca_chuatsi,Siniperca chuatsi,farmed,0.0002000000000066393
farmed_siniperca_chuatsi__00066,farmed_siniperca_chuatsi,Siniperca chuatsi,farmed,0.0002000000000066393
farmed_siniperca_chuatsi__00067,farmed_siniperca_chuatsi,Siniperca chuatsi,farmed,0.0002000000000066393
farmed_siniperca_chuatsi__00068,farmed_siniperca_chuatsi,Siniperca chuatsi,farmed,0.0002000000000066393
farmed_siniperca_chuatsi__00069,farmed_siniperca_chuatsi,Siniperca chuatsi,farmed,0.0002000000000066393
farmed_siniperca_chuatsi__00070,farmed_siniperca_chuatsi,Siniperca chuatsi,farmed,0.0002000000000066393
farmed_siniperca_chuatsi__00071,farmed_siniperca_chuatsi,Siniperca chuatsi,farmed,0.0002000000000066393
farmed_siniperca_chuatsi__00072,farmed_siniperca_chuatsi,Siniperca chuatsi,farmed,0.0002000000000066393
farmed_siniperca_chuatsi__00073,farmed_siniperca_chuatsi,Siniperca chuatsi,farmed,0.0002000000000066393
farmed_siniperca_chuatsi__00074,farmed_siniperca_chuatsi,Siniperca chuatsi,farmed,0.0002000000000066393
farmed_siniperca_chuatsi__00075,farmed_siniperca_chuatsi,Siniperca chuatsi,farmed,0.0002460000000041873
farmed_siniperca_chuatsi__00076,farmed_siniperca_chuatsi,Siniperca chuatsi,farmed,0.0002000000000066393
farmed_siniperca_chuatsi__00077,farmed_siniperca_chuatsi,Siniperca chuatsi,farmed,0.0002000000000066393
farmed_siniperca_chuatsi__00078,farmed_siniperca_chuatsi,Siniperca chuatsi,farmed,0.00024500000000671207
farmed_siniperca_chuatsi__00079,farmed_siniperca_chuatsi,Siniperca chuatsi,farmed,0.00024500000000671207
farmed_siniperca_chuatsi__00080,farmed_siniperca_chuatsi,Siniperca chuatsi,farmed,0.0002000000000066393
farmed_siniperca_chuatsi__00081,farmed_siniperca_chuatsi,Siniperca chuatsi,farmed,0.0002000000000066393
farmed_siniperca_chuatsi__00082,farmed_siniperca_chuatsi,Siniperca chuatsi,farmed,0.0002000000000066393
farmed_siniperca_chuatsi__00083,farmed_siniperca_chuatsi,Siniperca chuatsi,farmed,0.0002000000000066393
farmed_siniperca_chuatsi__00084,farmed_siniperca_chuatsi,Siniperca chuatsi,farmed,0.0002000000000066393
farmed_siniperca_chuatsi__00085,farmed_siniperca_chuatsi,Siniperca chuatsi,farmed,0.00020399999999654028
farmed_siniperca_chuatsi__00086,farmed_siniperca_chuatsi,Siniperca chuatsi,farmed,0.0002000000000066393
farmed_siniperca_chuatsi__00087,farmed_siniperca_chuatsi,Siniperca chuatsi,farmed,0.0002000000000066393
farmed_siniperca_chuatsi__00088,farmed_siniperca_chuatsi,Siniperca chuatsi,farmed,0.0002000000000066393
farmed_siniperca_chuatsi__00089,farmed_siniperca_chuatsi,Siniperca chuatsi,farmed,0.0002000000000066393
farmed_siniperca_chuatsi__00090,farmed_siniperca_chuatsi,Siniperca chuatsi,farmed,0.0002000000000066393
farmed_siniperca_chuatsi__00091,farmed_siniperca_chuatsi,Siniperca chuatsi,farmed,0.0002000000000066393
farmed_siniperca_chuatsi__00092,farmed_siniperca_chuatsi,Siniperca chuatsi,farmed,0.0002000000000066393
farmed_siniperca_chuatsi__00093,farmed_siniperca_chuatsi,Siniperca chuatsi,farmed,0.0002000000000066393
farmed_siniperca_chuatsi__00094,farmed_siniperca_chuatsi,Siniperca chuatsi,farmed,0.0002000000000066393
farmed_siniperca_chuatsi__00095,farmed_siniperca_chuatsi,Siniperca chuatsi,farmed,0.0002000000000066393
farmed_siniperca_chuatsi__00096,farmed_siniperca_chuatsi,Siniperca chuatsi,farmed,0.00025600000003578316
farmed_siniperca_chuatsi__00097,farmed_siniperca_chuatsi,Siniperca chuatsi,farmed,0.0002000000000066393
farmed_siniperca_chuatsi__00098,farmed_siniperca_chuatsi,Siniperca chuatsi,farmed,0.0001880000000085147
farmed_siniperca_chuatsi__00099,farmed_siniperca_chuatsi,Siniperca chuatsi,farmed,0.0002000000000066393
farmed_siniperca_chuatsi__00100,farmed_siniperca_chuatsi,Siniperca chuatsi,farmed,0.0002000000000066393
farmed_siniperca_chuatsi__00101,farmed_siniperca_chuatsi,Siniperca chuatsi,farmed,0.0002000000000066393
farmed_siniperca_chuatsi__00102,farmed_siniperca_chuatsi,Siniperca chuatsi,farmed,0.0002000000000066393
farmed_siniperca_chuatsi__00103,farmed_siniperca_chuatsi,Siniperca chuatsi,farmed,0.0002000000000066393
farmed_siniperca_chuatsi__00104,farmed_siniperca_chuatsi,Siniperca chuatsi,farmed,0.0002000000000066393
farmed_siniperca_chuatsi__00105,farmed_siniperca_chuatsi,Siniperca chuatsi,farmed,0.0002000000000066393
farmed_siniperca_chuatsi__00106,farmed_siniperca_chuatsi,Siniperca chuatsi,farmed,0.0002000000000066393
farmed_siniperca_chuatsi__00107,farmed_siniperca_chuatsi,Siniperca chuatsi,farmed,0.00023700000002691013
farmed_siniperca_chuatsi__00108,farmed_siniperca_chuatsi,Siniperca chuatsi,farmed,0.0002000000000066393
farmed_siniperca_chuatsi__00109,farmed_siniperca_chuatsi,Siniperca chuatsi,farmed,0.0002000000000066393
farmed_siniperca_chuatsi__00110,farmed_siniperca_chuatsi,Siniperca chuatsi,farmed,0.0002000000000066393
farmed_siniperca_chuatsi__00111,farmed_siniperca_chuatsi,Siniperca chuatsi,farmed,0.0002000000000066393
farmed_siniperca_chuatsi__00112,farmed_siniperca_chuatsi,Siniperca chuatsi,farmed,0.0002000000000066393
farmed_siniperca_chuatsi__00113,farmed_siniperca_chuatsi,Siniperca chuatsi,farmed,0.0002000000000066393
farmed_siniperca_chuatsi__00114,farmed_siniperca_chuatsi,Siniperca chuatsi,farmed,0.0002000000000066393
farmed_siniperca_chuatsi__00115,farmed_siniperca_chuatsi,Siniperca chuatsi,farmed,0.0002000000000066393
farmed_siniperca_chuatsi__00116,farmed_siniperca_chuatsi,Siniperca chuatsi,farmed,0.0002000000000066393
farmed_siniperca_chuatsi__00117,farmed_siniperca_chuatsi,Siniperca chuatsi,farmed,0.0002000000000066393
farmed_siniperca_chuatsi__00118,farmed_siniperca_chuatsi,Siniperca chuatsi,farmed,0.0002000000000066393
